499733439
499689928
499746265
499747675
499746160
499747031
499684212
499687474
499747118
499426770
499685291
499626829
499667350
499726236
499709254
499737512
499743264
499741922
499746851
498210178
499557914
499726187
499745750
499746664
499572789
499681271
499592137
499746869
499573169
499707232
499747034
499669112
499713715
499713824
499609517
499732329
499735840
499605905
498651899
499715172
499745946
499739803
499747714
499683711
499744901
499735475
499668230
498257067
499741849
499747263
499744954
499725447
499742497
499745666
496162948
499747798
491864110
499728528
499698589
499715248
499725397
499747480
499747339
496581589
499711838
499674122
499747451
499745150
499723366
307542822
499747123
499622473
499746736
499739062
499728442
499675124
314446571
499651987
492509442
499675724
499721333
499646645
499744510
496719292
276153546
499550744
499658823
499671813
499728337
309507861
499564403
499740023
308884881
499746725
499688445
499682578
492241518
485652436
499514836
499746410
499659313
499614198
499730234
499745522
499658770
499712777
499714622
499712661
499735759
499681638
490846055
494671668
292440637
499613998
499698933
499483312
499745523
499682954
499742929
499619046
499391596
499666198
499501481
499719190
499555879
497535271
499619995
499317947
498141443
499732106
499655234
499449424
499716284
499498019
499726311
499563343
499691607
499744162
499704217
499705619
497293138
499693377
499671668
499687675
499454117
499647656
499713376
499049099
499625718
499488354
499622164
498826150
499638140
499392184
499631742
499654713
498076034
499487751
499737115
499743021
499637850
499660893
499740238
499155444
499625771
499690259
499747419
499695834
499747046
499734842
499451997
499683957
499631132
499744502
342322517
499746795
499654767
499712410
499698966
499747513
499732026
499711598
499736479
499741082
499661259
499635826
499745848
499670909
499674657
499670185
499745585
499718069
499734568
497955816
499730635
499672607
499740470
499746808
499743621
499654075
499672599
499677936
499727702
499744722
499730549
488363923
499731214
499698976
499707997
499722601
499741645
499420428
499745794
499643716
499603536
499387113
499519248
499744798
499740417
335198639
497519744
499736373
499588997
499746525
499660107
499696287
499695338
499747626
499744844
499671771
499747368
499681189
499746537
499564858
499610695
499680968
499606019
499634608
496085087
499272283
499738751
499704134
499705968
499739623
499652198
499745296
497792792
487752864
499555433
499746003
499630516
499581046
327146565
499504902
499681155
499459665
337670042
499201697
499745444
499705078
499449862
499745168
499526837
499714095
499583629
499656673
499744247
499658900
499744661
499715162
499316703
498265840
497495406
499688210
498457507
495919212
499654334
499726528
499742800
499735500
499746867
499729674
499668733
499337242
499681911
499747250
499747169
499742591
499655582
499668718
498894327
499720229
499742827
498289170
499706712
499710249
499577507
499717788
499568976
499654431
499661556
499655640
499660660
499736306
499655067
499681087
499709433
499583529
499712703
499502242
497491261
499744219
499646181
499743569
499737706
499687402
499644025
499661702
499681559
499232699
499587989
499364136
499664341
498141271
499654288
499692108
499725839
499610961
499742034
499631045
499581025
499747867
499747829
499746075
499738870
499747859
499745101
499692437
499747549
499505348
499676172
499446951
499666251
499560959
499701293
499690005
499293296
499499037
499747236
499660455
499690618
499746389
499740083
499747834
499680433
499726522
499711973
499511804
499709519
499736667
499691060
499737897
499746289
499421372
499733223
499745120
499138183
499747953
499731869
498346075
499747970
499726796
499641479
499747973
499484690
499659831
499656911
499690186
499747963
499748206
499682789
499748071
499634299
499743796
499723932
499670828
499701085
499748582
499748361
499748570
499583389
499661114
499422056
499698723
499571043
499748297
499468036
499399615
499748445
499718631
499700217
499745993
499748548
499611314
498989209
499483656
499748177
499460059
499691057
499419235
499564885
498769443
499748584
499748100
499748132
492211123
499522924
499621351
499729636
499623770
499748143
499669397
499652802
499748359
499623949
499441177
499657198
499577383
499424817
499748082
499488924
499406367
499748857
499288036
499748924
499748905
499066401
499749068
499713186
499748675
499748392
499748790
499732912
499748696
499748785
499639603
499596511
499405786
499677946
499748954
499704740
499732837
499725986
499670896
498523383
499696346
266071696
499686840
499713935
499673945
499748881
499399985
499571846
499749519
499696482
499749299
499749507
499748140
499591212
499742425
499727539
499570432
499605693
499655750
499749256
499610980
499735797
499596279
499674405
499701935
499722232
499655962
499737003
499705132
308615422
499558069
499577520
478683266
499636068
499677074
499726679
499688727
499403718
499582332
499730605
499749125
499749214
499749163
499175695
499529937
499447703
499749564
499689341
499747360
499749735
499749625
499750019
499750189
499692316
499637618
499738199
499626070
499750095
499709165
499748718
499719397
499681444
499647165
499621767
499608107
496127244
308771096
499670801
340877254
499566050
499750156
499495835
499653812
499449114
499461930
499563104
499749737
499750010
499590556
499262405
499289487
499678975
499569431
499750814
499090030
499730644
499713860
499750251
499745141
499708075
499569905
499712181
499750657
498825711
499750670
499749911
499699768
499750442
498647953
499572101
499658063
499617986
498813488
498709870
265927258
499750443
499750848
499720543
499648802
499688320
499665455
499533329
499750441
499685827
497539226
499750626
499750587
499750544
499751254
499751306
499735295
499725503
499695456
499657670
499751174
499603147
499735593
499751185
499751234
499628850
499751229
499729712
497464319
499751273
499306907
497669162
499714212
499751161
499489367
499683110
499663112
492265352
498470046
499577561
499696281
499349773
499751067
499750983
499727859
499746764
499751748
499401674
499751692
499652333
499751711
499401474
499487273
499751694
499095732
499751555
499751389
499675313
499670114
499679279
499631168
499693692
499751331
499720137
499751422
499611973
499751492
495328276
499493717
499278073
499647669
499670859
342291925
499700417
499715828
499660595
499742582
499752576
499718900
499681827
498672914
499751442
498789709
499752572
499752502
499751839
499647316
499752555
499752082
499724974
499615113
499499992
499751106
499752217
499752398
499751320
499751369
499512833
499752353
499605994
499751782
499751810
499752201
499750047
499728975
498433030
499602430
499730285
499673554
499410918
499684987
499751362
499752322
499752422
499751951
499752180
499752591
499752548
499047880
499667176
493348836
499698584
499505694
499752524
499308034
499494519
499752446
499558716
499708911
499712631
499751813
499753352
499753113
498484227
499714555
499580762
499744595
499664944
499752845
499752599
499752798
499753244
498706724
499651529
499680362
499752773
499752009
499752694
499753338
499087918
499565629
499667132
499752743
497320859
499686263
499753733
499753179
499739723
499753387
499169778
499595442
499194754
499689067
499734929
499753032
499752781
499753480
497245632
499725922
499667651
499696707
499683982
499752973
495645751
498288033
499753307
499753260
499064353
499752767
499753386
499665757
499587511
499446683
499752806
499589870
499754270
499754370
499453792
499752848
499678012
499752960
499752174
499752430
499377938
499754426
499754424
499742117
499635987
499477733
499753516
499753992
499692449
499754260
499753834
499754322
499594079
499692933
499177402
499754354
498619542
499754248
499680461
499753846
499753856
499754381
499754309
499754050
498217805
499754043
499753840
499753916
499754317
499754186
499503318
499753961
499754822
499754620
499754574
499753292
499752737
499500899
499623432
499754006
499272142
499706229
499680843
481929581
499723273
499525982
499328864
499754735
499754567
499754683
499754819
499754512
499754696
345074809
499754236
499755570
499755218
499755675
499754889
499629745
499755663
499744158
499755230
499684164
499755305
499755480
499624792
497795198
499755424
499754949
499752136
499653470
499690219
499653887
302580536
489579338
499755617
499755515
499689256
499754986
499731620
499755513
499664255
499755241
499627656
499600476
499670948
499755163
499460400
499755707
499755217
499756925
499755203
499756774
499755974
499756686
499744315
499291988
499756826
499755857
499756574
499756941
499756706
499684013
499678462
499532283
329024653
499711445
497729217
499515665
499756035
482863358
499615851
499413283
499757026
499740201
499756641
486168521
485858301
499505842
323384178
351352144
358020769
491460156
491940419
495170365
497789148
306141885
499756589
495609263
499756267
499757054
498688607
499731296
499756196
499685324
498202052
499758105
499706764
499758325
499758322
499758318
499755755
499758313
499757675
344697264
499756639
499757186
499624330
499663706
499113356
499690444
499623661
499757916
499680912
499215688
499735813
499679384
499336911
499593807
279527363
499757879
279536952
499723712
499138634
499419876
499679964
499570633
499758160
499758091
499757869
499184026
499757522
499619521
499757810
499758180
499757451
499758123
499758334
499757308
499757448
499758200
499727662
499757602
499757622
499740675
499757384
499759807
499760254
499759930
499760244
499701534
499736711
499759198
499760217
499760086
499758642
499758238
499759639
499679868
499757153
499758999
499759634
499760176
499733924
499757645
499624866
499610071
499759215
499759711
499760209
499571498
499153901
499529332
499174304
499692880
499759607
499759065
499576766
499025941
320652082
497094712
495150010
495218630
311220709
498894973
498314493
323122216
496438001
490754984
496598018
487242319
484726219
496963047
482579753
476270178
311349226
499723579
497709149
499561204
490574729
307979771
490384443
489157322
490308086
486681965
312956041
495109897
496791522
343575081
497683858
322523663
499759167
497693216
494667384
499759125
495352197
312438906
322127789
490721630
499654465
497897767
499733863
499759431
499077727
499759173
499571140
499758852
499759158
499759681
499759643
499759016
499758830
492927838
499761511
499761493
499761491
499758384
499748809
499757297
499273369
499569010
478977346
499759896
499760875
499684122
499760353
499757787
499760445
499758967
499761349
499761345
499638390
499761035
499761409
476751498
499761256
495633700
499620244
499571599
499378116
499760475
499671742
472537302
476249019
499760713
489412072
480275302
488724380
499761185
338598062
499760633
499761471
493229663
481754146
499710653
321946273
481137605
499761352
312537012
322137631
481270634
485558123
292467920
338140753
475901430
490230502
312616922
496597352
474206835
472957143
497352181
488712895
321910601
499759127
475960754
332498822
303879292
499251268
341126324
338440143
499275887
499308671
499623927
499678238
321023625
499761321
499687109
499761113
499758940
499762380
499762430
499741060
499762129
499395729
499762359
499762551
499762548
499724880
499678595
499755100
499762535
499762362
499762513
499762275
499616571
499703222
499759770
499760335
499095969
499762502
499762419
499760773
499072986
499751785
499761972
499761649
499548156
499760775
499757267
499762171
499762393
499484021
499762468
322358589
499761962
499579323
498781745
499761583
499761538
499566744
499761554
304211409
305958542
312901064
495072984
480975225
478072397
312662397
477557233
481028991
304936476
481051976
306204834
342356217
488824602
493185629
498372552
479890891
499762350
481042782
354783389
499761971
479518174
477111481
480917904
489269428
291835642
481033426
342313803
499762432
494824323
480961068
481055810
489355166
303918912
329204049
312656675
491983635
499644216
494944938
473043325
499636873
499762527
499762178
499762128
499509230
497742427
499762567
499762294
499711726
499762936
499760972
499760512
499622092
498820952
499649509
499758982
499581874
499763503
499637748
499741986
499763519
499762660
499763052
499722501
499101139
499760780
499763445
499449305
491818066
499763236
499762815
499325176
499762868
499762579
499162663
494681213
499763340
499763476
496992168
499569751
494808979
499763315
322112515
314509317
329429812
314129502
484274520
313957914
499615652
323629715
342343284
329961025
491640180
480696521
498342840
331949142
331926678
499762627
499763362
499763132
499625604
499763477
499763158
498619937
499762955
499763012
499543065
499764039
499592369
499763819
499764030
499375343
499010771
499759297
499763673
499650752
499764348
499764272
499764321
499363534
499749773
499690193
499755384
499763135
499440036
328141159
499760861
499764255
488547255
498756538
499763938
499763636
499758957
498069347
499763893
499708439
499763728
499403999
499764167
499657465
499482719
499764239
499718184
499463416
499765490
499764685
303953256
321946433
312581648
490370112
499765560
312576078
331949873
312813346
489819356
312538275
312649139
499764825
499765461
489408741
489147835
304113370
497826256
306340122
303864090
490838579
343395301
491596831
343445099
477032531
497767088
499765448
499764688
499576215
499691127
499764563
499765705
499764948
480924295
499363296
490870204
483816527
499765169
499765051
478228150
498088522
499764830
499766826
499765729
499766353
499762691
499766059
499765812
499766673
499765561
499763615
499562144
499241349
499767337
499765220
499636389
499659822
499616318
499764699
499703583
499766293
499766032
499767406
499767321
499766261
499758666
499765706
325914212
499767290
325692693
499412689
492612446
499766317
499382419
498895371
499575443
499398022
498326551
499766648
499767336
312539017
499765206
499767441
488719922
490757980
488956865
488988002
488928483
488927042
306454345
490568180
307395719
312859532
491468053
491475149
304053142
494204116
491478084
298256424
493823041
496975919
496688317
484130576
496456005
499574730
499482062
499766286
499482574
499664165
499693936
499766821
499766850
499766252
499671902
497700350
499718282
499768056
499767667
499767747
499766367
499768512
499768277
499766761
499767998
499764410
499765389
499765458
499767674
499766072
499768230
499768482
499768564
487395429
497514459
499768603
499315400
499764777
319035317
499688252
499459218
496523856
498873389
499768180
499613995
499761509
499769572
499769400
499769297
499769547
499768809
499769246
499769702
499769370
499764718
499769733
499766905
499769253
499523809
499768971
499769553
499769537
499769655
499769587
499768986
499769102
499655633
499769066
491925261
499569387
499769209
499652040
499663115
499769327
499766406
481637662
499769002
499592169
499276984
499592610
499768994
499769440
499246306
499769415
499611869
499769188
499769173
499328661
499770738
499770555
499770441
499770799
499766947
499540297
499658043
499769775
499621536
488083892
499770724
499770538
499769283
499763683
499770253
499770145
499428542
499402104
499392562
499770507
307065630
490972280
499770132
342309937
499770533
499770329
499770414
499545674
499494688
499706093
499635682
499770772
497862947
499544443
499771418
499771153
499771499
499771294
499771321
497425042
499759082
499771541
499771407
499525774
499538627
499685631
499771200
499656432
499770892
499405911
499771093
499606381
479674112
499583860
499183210
499770990
499597937
499771702
499208409
499771372
307032773
499771415
499430952
499347228
499771102
499770963
499688874
499771746
499662607
499770917
499189648
499770992
499620621
499704379
499770925
499683003
341104835
325991756
499771359
499771094
499771091
499640687
499771777
499346877
499771058
499771919
499771136
499771469
499772303
499771984
499771982
499762990
499772027
499772025
499772046
494327244
499772079
499677865
499772136
499772274
499771950
499772512
499771874
499772532
498539516
499688985
499772315
499732449
499667271
499772373
499772437
499772270
499684188
339571200
499771849
499684903
499545625
499772490
499773159
499773849
499773616
499773346
499773243
499773838
499773836
499771941
499773165
499694002
499773814
499773804
499771990
499773164
499772757
499698403
499773537
499474495
499195207
499376612
499773196
499773125
499773447
312055284
498974945
499614759
499616151
499563256
499773503
499773813
499773197
499653993
499773563
314704466
499773489
499773587
499772930
314859554
499773348
499772699
499773262
499096462
499773206
499494443
499580729
499772833
499772933
499773818
499773750
498723411
499773128
498547107
499773076
499774542
499774264
499774979
499772392
499774876
499773997
499774222
499774964
499561391
499774370
499774189
499774674
499774396
497826485
499774775
499774875
499772971
499774894
499639419
499153171
499773978
499774333
499535749
499774552
499773860
499121551
498986086
499110047
499547038
499171869
499171047
499512589
499774001
499774539
499774289
499662989
499775744
499687415
499776739
499777449
499777342
499344210
499774302
499455739
499777347
499769898
499776849
499778243
499777893
499775906
499733095
493722385
499777776
499776661
499659310
499777959
499775835
499777895
499776532
329857093
499776444
486085263
499551136
499777445
499516861
499777264
499777690
499645472
489013143
499222185
499624658
499776459
499778093
499777582
499619809
498628954
499775369
499777029
499777363
499776524
499776550
499777398
499777064
499777736
499776449
499776823
499485632
499677463
499776307
496826614
499657028
499777808
499359042
499706808
499776432
337406472
499336370
498716291
335318560
499776598
499775259
499777180
499778236
499778251
499164603
499593949
499777756
499778026
499173147
499776828
499457380
498815466
499542577
499775428
499783950
335543769
499783588
499781256
490397986
499784150
499782189
499781367
499783005
499780807
499781956
499783283
499783188
499783820
499774014
499783822
499774543
498189546
499784115
499783090
499710012
499783714
323442066
499784093
499781752
499781628
499653709
499627478
499783428
499781644
327946100
499490872
499782785
499781916
499781755
499779694
499783999
499642457
499783362
498886333
499779020
498730393
499778790
499654137
499779410
499782171
499273075
497906638
499217189
499783641
499783403
499780058
499187197
499779696
499779770
499779418
499780464
499783575
499782282
499779947
498163939
499662118
499781277
499783468
499522982
499524362
499654128
499781463
499167904
499780403
499463293
499780357
499698563
499641670
499677649
326386071
499780972
499783316
499783652
499402107
499783209
499623464
499784126
499780773
499783221
499281167
499778968
342915108
499692937
499782805
499783125
499782280
499478069
499782790
499781946
499782162
499208962
499779668
499781300
499781208
499251435
499780317
499779102
498255978
499783888
499785313
499722672
499780486
499784993
499771632
499781321
499785438
499784759
499782425
499362632
499785080
499778257
499779649
499398558
499785666
499730760
499785825
499784545
499785450
499581279
499785209
499784394
499674648
329270776
499785765
499784316
499476971
499784686
499479042
499785309
499785660
483498801
499785298
499700342
499785810
499785039
499785077
499785432
499581917
499784793
340679509
499719921
499247875
474963079
499785129
499785716
499469585
499785338
497621384
499785283
499786858
499787134
499786680
499786673
499786286
499778887
499783436
499780702
499725683
499786473
499787272
499782278
499781453
499758752
499782390
499787240
499786824
499786995
498989466
490743340
499534261
499787176
499667816
499786992
499786563
499660794
499786025
499787380
499787097
499787202
499375885
499785973
499646033
499784205
499787965
499786054
499474680
499787398
499775261
499788348
499788513
499782835
499786207
499788501
499488076
499787942
499766619
499779573
499788169
493441170
499788377
499787506
499788462
499788101
497295401
499788009
355084254
499788109
499788317
499787961
499699416
499788537
499430688
486671391
482047685
499787596
499156806
499570730
499609108
499788075
499079129
499789424
499789227
499787524
499789147
499786278
499789239
499778901
499759069
499788387
499417315
499135361
499789402
499789457
499789044
499788761
499789099
499789241
499788949
499788842
499788685
499788928
499106989
499788885
499784328
499790229
499790318
499790458
499790021
499650950
499779959
498724731
499790264
499780282
499790623
499790345
499655318
499789720
498830895
499789992
499790579
499789892
499789936
499680189
499789747
499790329
498673335
499790218
499790075
499792094
499792477
498908789
499792090
499791957
499791225
499792305
499792131
499791820
499792448
498179042
499792413
499781032
499790131
499791284
499790827
499792415
498718964
498701700
499790896
499791961
499791229
499791769
499790810
499790739
499792380
499791986
499792084
499791367
499791940
499792445
499791591
499791166
499791536
499791433
499780688
499791381
499788625
499793338
499656284
499793796
499791982
499793688
499790779
499771009
499793369
499793154
499585148
499793270
499641621
499792716
499793793
499793611
499791827
499793517
499793159
496954277
499793583
499248478
499792806
499792518
499792645
499794057
499793317
499792830
499793630
499792660
495332506
499794100
499147761
499793150
497270025
499794179
499792714
499794576
499795183
499794067
499788228
499795631
499794530
499775036
499795656
499792706
495321180
499605188
499793495
499794493
499795427
499792780
499795648
342469963
499127008
499722904
499795617
498261974
499794909
499794417
499795220
499794573
499794389
260516132
499452901
499617181
478682153
499573009
499795605
499795586
499794677
499795826
499795118
499794934
499794889
499795449
499796479
499524070
499796120
499796889
499745999
499796352
499796559
499793419
499796211
499794710
499795666
499796934
499796489
499772122
499796926
499796463
499785031
499796591
499796832
499796852
499795327
499619797
499796932
499796762
499796549
499796991
499796789
499780892
493442090
499796305
499796625
499191563
499796059
499796123
499798408
499797536
499514338
499774176
499797071
499796185
499372453
499798178
498346847
499798425
499797253
499796283
499798192
499797828
499798556
499797353
498761541
499362396
499798214
498171243
499798052
499780408
499546772
499797736
330204909
499619601
499798311
499576335
495140520
499797098
255985999
334804970
499797528
499673350
499799137
499799894
499799872
499797112
499799232
499799780
499502011
499799379
499799845
499799387
499799744
499643861
488790409
499766236
499799555
499798711
499799680
499799530
499798876
498716195
499798899
499487388
499799924
499798667
499799407
499695221
499801107
499799034
499800597
499800497
499799385
499798884
499800332
499800943
499800560
499467426
499801003
499799643
499800454
499800536
498968486
492802411
323774755
499527624
499801175
347891151
305334120
499799925
498024562
499800995
499802300
499801199
499801468
499800276
499801209
499802170
499802082
499790809
499801484
499775398
499801413
499798143
499728411
499801278
499802075
499800790
499589976
499801781
499801307
499802046
499649157
499802330
499802329
499577232
499801750
498207210
498882132
499690533
499803551
499802491
499804177
499802743
499800238
499802575
499802649
499791898
499799540
499802845
499804514
499803968
499804569
499804510
499803903
499802062
499775562
499801849
499800098
499804538
499803844
499803136
499804273
499578080
497186131
499803912
499803375
499803564
499803277
496100746
328268141
499803056
499623998
499802589
499605282
499803775
499804394
499804466
499804124
499802663
499803619
499803399
499802983
499515484
499806378
499582542
499600338
499806219
499805799
499805148
499806335
499806163
499671850
499805496
499805304
499806250
499775315
327686235
499806233
499459676
499563261
499438740
499805478
288297039
499805590
499805584
499805554
499806188
499805588
499805479
499805715
343994557
486785661
486183173
485850186
498826194
499421637
499805276
499805072
499806259
483111652
498913328
499606765
499804937
499807576
499772814
499806619
499807829
499807802
499807757
499807240
499806969
499806395
499807631
499807769
499806814
499805360
499502603
499807799
499806738
499806808
499807296
499806792
499805701
499789786
499230414
499792797
499806787
499807303
477341467
499469516
499613687
499806781
499807191
474020279
305064264
492632215
492654543
496816360
493330855
493239135
341852098
341933260
481199990
341955116
320651681
489618051
325842415
472505141
342367412
496964869
342706906
490753689
491164011
306189781
491463950
491472008
491468543
321877801
491483340
491202998
499806492
499223643
499801771
499796716
499808571
499782103
499808141
499553082
499808921
499807953
499807888
499808875
498741875
499806401
499505904
499808822
499589725
499808493
499808245
499619744
499808490
499806985
475891266
312116320
306200140
322302833
343740082
343451150
311729017
475886092
303742604
303950957
303972158
312581873
303935958
303915786
303918522
303915481
343438103
323635449
321705561
476026597
476740075
499808726
499807932
499808724
499808844
477424497
499809494
499810954
499802033
499810933
499804945
499810175
499810043
499809364
499810157
499243170
499001341
499611882
499787662
499810613
499810351
499810820
499810274
499809505
499810593
499811004
489986167
499593338
491738336
499809841
499810000
499810608
496507074
499126784
499356595
499810433
499810550
499809974
497290135
499812820
499812509
499812578
499811632
499811388
499812060
499519785
499812759
499812393
499809514
499808382
499351758
499812699
499811106
499725433
499812617
499811953
330329475
499812317
499812262
499494680
489690922
489936690
499623331
499812520
499811143
499812254
499647915
499813193
499814057
499814135
499800082
499813289
499786445
499814159
499814131
497117600
499813121
499813797
499813294
499451594
499814100
499814194
330838170
499812891
499813240
499348944
499496683
498397596
499813127
499814895
499814878
499814340
499815500
499811288
499800697
499813477
499814905
499394483
499815118
498842183
499813448
499539101
499670313
499815172
499815011
499815314
499814519
497029975
499816837
499816745
499816928
499815697
499816810
499816302
499728509
497194337
499815732
499815599
499816035
499815975
497013680
499023832
499281007
499627330
499526693
499816084
499815965
499816709
498409200
499764388
499815864
499815850
499815534
484621362
491204922
499037476
491655868
499565275
499816024
499811334
499817854
499817374
499818323
499818009
499817834
499816502
499818420
499817699
499818139
499814640
499809412
499817305
499814360
499634532
499817394
499709863
499187569
499360767
499725892
499818285
499818220
499818290
499817529
493641937
499817844
499001450
493438415
305071842
499817824
499818396
499818378
499817153
499710532
477626254
499819094
499815529
499819681
499818543
499818714
499740982
499492549
499662872
499819548
499819318
499437332
499819054
499818900
300315804
499368102
499819450
303403686
499818919
340489303
499818624
499818661
499819515
499818865
340529763
499818726
489206813
499818583
499819393
499819313
499598725
499818684
499820567
499819963
499801335
499416137
488723189
499820526
499820492
499815190
499324666
499820161
499820055
499643782
270262054
287672342
499820426
499820338
499820487
499676717
499819748
343854314
499821236
499144065
499821322
499820726
499545148
481290981
353180912
499821348
499664818
441640880
499385556
499820892
499820976
499821128
499822005
499822083
499821988
499821653
499296063
499806512
499301736
499821952
499328639
499346044
499821466
499814301
499822040
499818606
499821715
499822028
499821474
499821661
305031268
498802579
499821391
499717830
499565451
499821844
499821650
331083394
331757094
499821426
341567792
499821577
499822486
499821919
499668334
499822151
499822476
499106573
499822413
499822479
499822430
498980739
499822639
499822604
499822166
499822727
499823186
499823078
499730110
499823132
499765151
499327862
499822991
499601739
499821516
475766511
499822919
499354817
499056353
499443238
499613541
499558789
499537104
499823020
499823592
499820879
499823571
499823489
499823280
499824040
499823958
485653163
499824101
499824139
499824546
499824413
499825011
498825976
499823943
499675685
499673280
499565356
499252407
499824927
499401345
499358948
499023176
498473429
305185186
499824303
499824694
499681618
499824239
499268371
499284975
499825179
499825189
499825147
499797401
499566888
499825251
499825118
499807971
499823921
499341432
498085917
499618699
499639824
344150674
483496065
484164193
497380040
499825502
499701824
499663556
499825545
499073995
499825632
337038892
496896080
342518136
499633288
499825740
499223390
499701728
499825776
499825804
481890515
498799868
499825260
499614316
499826031
499563999
499725127
497413792
499573158
499826251
499826242
499586402
499156621
499715080
499826216
496520691
499826273
499826443
499613060
499826521
499826542
499826608
499820233
499269890
499465495
497003340
499826791
499826867
499827174
499827130
499827109
499827093
499827050
499827049
499827310
499643791
319297338
499827317
499387375
499827608
499068066
499827533
499827561
499827537
499557310
499341425
495489289
499827600
499827355
499827801
498885613
493612796
498341090
499827695
499828136
499828100
333821046
497963763
499828000
499827957
499828048
499827940
499828409
499828385
499828202
327136536
499633274
499686207
499828383
499828160
499829038
499828880
499828683
499708010
499828910
497138818
499267395
499518421
499828892
499828954
499653611
499828551
499829024
499829756
499829959
499579876
498745939
499829854
313095762
499660769
499829484
499340743
499829428
499807032
499829376
499233516
494833433
499829264
499829187
499494774
499333894
499355585
499830018
499694526
499829991
499830621
499830271
499830597
499830169
499830263
499830433
499830544
499202801
499498444
499830638
499620917
499830289
499700954
499830532
499384154
499830669
499830299
499830986
499830814
499831441
499831498
499831230
492968717
499820697
499831409
499821688
499830823
499645142
499593914
499053778
320083166
499830946
499831331
499831064
498384188
499831428
498648681
499831720
499831914
499716821
499598752
499831937
499830087
499616282
499832037
499831977
499830973
499831634
499832253
499831929
499832279
498669175
499832224
499832264
499832018
496668037
499832144
290918704
342567451
342477304
342478318
487953773
311195281
321858615
490449488
499832199
347101505
312385232
478645321
483686043
484220851
306123272
306462204
310981067
499831659
307240061
499832031
497669462
499831877
499633117
498333379
499833571
499808684
499833930
499833502
499833180
499833609
499833162
499832627
499832750
499832876
499833115
499832831
499831676
499833387
496583423
499828458
499788614
499832540
499442963
499833341
499832563
499833873
355047736
477031041
491235156
496970952
499833875
499409836
325217590
499832927
499833786
499833418
499832534
499571360
499834717
499834172
499834817
499834417
499835038
499833295
499835209
499834168
499835110
499835176
499639454
499835095
499834255
499833593
499834588
499834610
499717297
499821886
499405176
307474619
499282010
499835133
499835266
499834970
499835044
499834352
499834467
306146469
332685153
499051747
499835231
499833960
488977468
499834032
499835850
499834561
499835943
499836306
499836167
499835986
499832512
497416250
499831543
499836112
499834607
499357025
498604650
499835536
499835347
499835363
499313556
499836265
499836256
473264713
499835499
339233923
499835739
499394365
499835829
499835497
499835855
499836098
499835286
499834663
499836691
499836846
499836699
499695301
499834491
499834242
499835406
499836545
499837147
499836701
499837060
499836472
499836755
499836728
499837286
499837486
499838078
499834406
499837572
499838066
499837692
499313718
499837957
499838055
499837746
499816517
499831793
499836702
499837599
499834144
499837898
499837853
499838042
499837882
499837457
499837830
499837574
499837381
342291846
499838003
499837844
499839413
499839600
499839187
499838280
499838700
499838214
499839255
499839491
499838498
499838106
499839233
499838910
499839382
499834714
499838780
499838535
499838999
499611875
499574684
499839005
499839521
499839505
493244634
497218486
499839034
498775330
499838350
499838260
499838371
499838303
498211210
499838737
499836796
499840104
499839947
499840850
499839342
499840832
499840801
499799029
499839313
499838666
499840704
499840495
499839725
496202702
499840763
499839969
496864472
499840782
499840195
499349447
499840379
499840096
499839772
499573895
499794572
499837391
499841808
499841509
499841331
499841458
499841709
499841587
499841070
499840098
499841585
499682871
499841865
499841657
499841684
499841312
499841397
499841880
499841870
499841276
499841243
499841258
499841508
499841832
499841794
499841244
499841448
499841099
499842444
499841275
499842834
499842812
499842540
499841998
499840574
499841682
499842593
499838635
499843014
499842842
499843074
499843062
499644156
490208486
499841944
499842015
499843124
499843015
499841883
497228595
499841995
499842325
499841992
498454370
499842419
499842408
499842383
499844532
499843862
499844517
499844417
499844508
499844295
499843585
499844464
499844390
499844413
480016664
499844212
499843961
499843857
499843129
499604173
499843234
499844298
326325683
499843958
499842891
499844146
499844861
499842695
499844001
499845600
499845821
499832588
499843572
499841222
499844764
499845363
337969859
495515354
499845804
499845117
331935287
499845095
498058182
499844907
499845957
499845934
499845905
499845731
499845655
499845176
499844700
499346668
499846316
499846619
343475033
499842295
499845241
499846937
499843516
499846685
499797635
324799030
499846728
499846267
499846444
499846842
499846141
499498953
499849380
499762032
499848941
499849318
499849683
499849679
499849301
499848555
499848241
499696769
499846681
499847509
499848898
499847308
499848758
499847516
499848711
499847502
498857179
499849337
499849622
489641858
499848129
499848813
499646930
499849563
499849065
499847949
499849331
499487141
499848884
481237003
499621948
499848661
496064440
499454179
499849212
499848708
499849695
499848609
499848403
499847099
499481281
499661053
499847467
499848454
499847903
498971268
499847192
499847793
499847632
499847294
499848603
499847096
498183488
499848514
499848128
499356465
474119463
499850475
499849788
499838107
499848616
499850390
499850566
499849826
499850315
499850664
490464828
499850241
499849030
499849921
499850095
499850147
499850587
499850446
338562165
499850591
499850535
499850211
499851571
499850972
499850559
499850085
499674403
499851401
499848308
499851539
487343236
499850785
499847104
499851282
499851368
499851251
499850096
499832050
499851046
499851095
499851071
499850754
499851396
499136283
499851349
499850833
499346356
499851560
499851528
499851518
499851120
499848676
499852772
499852118
499853541
499851855
499851598
499847381
499851079
499853084
499852423
499853501
499853475
499852449
499852359
499793445
499841779
499850352
499852636
499852747
499851718
499852897
499489371
499356802
499673686
499347432
499852507
499848784
499852880
499851747
499852645
499852385
499851938
499852457
499852089
499848860
499851987
497713631
499852012
499854321
499855159
499854207
499854905
499854199
498720245
499855032
499853730
499846247
499852159
499854779
499854401
499853596
499854676
499843307
499854362
499854167
499854127
499003454
499854340
499379995
499854939
499854989
499853717
499854212
498711361
499853585
499519761
499854643
499854006
497798981
499853681
499854048
499855370
499856032
499855758
499855729
499856130
499855859
499853746
499856107
499855540
499855276
499856094
499855583
499855639
499855305
499856070
499853363
499855674
499849122
499854987
499855480
499856106
499855766
498991017
499856103
499855643
308370412
499855447
499855211
499855918
499855701
499614793
499857476
499855071
499672455
499855456
499439609
499857520
499853881
499857138
499856391
499856670
499855309
499855027
499849884
499856454
499856643
499856647
499857150
499857380
499551606
335634025
303379137
499322254
499857286
499856235
499856477
499857553
499063317
499857379
499518757
499856629
499421353
499856773
499856431
499857206
341779365
499853925
499856864
499533175
499857082
499857227
358350398
499506303
499526488
499858670
499858702
499856310
499858299
499858417
499858081
499858896
499858475
499858457
499857855
499858759
499857872
495494099
499857725
499109258
499858010
325314807
320636339
498721770
499857676
497506349
499858720
499858472
499858588
499858523
499858370
499858369
499858677
499282798
499859546
499859835
499345013
499852696
499859329
499859980
499851830
499528682
499859140
499859829
499859606
499070357
499859574
499493511
499859360
499859623
323860092
499859861
499859774
499859452
499859367
499859779
499859528
495294783
499859078
499858999
498091034
336612595
499859216
499859128
499859165
499859865
499859221
499859262
499859162
499861324
499859544
499861228
499860511
499861170
499741372
499860804
499860388
499861307
499861315
499860840
499856186
499861361
499861146
499861098
482046984
499861074
499860487
339759698
499860026
499861292
499421561
499861002
499861004
499233373
320159771
498579541
498873545
499860308
320160713
499861252
499860979
499861021
499860819
472779388
482884662
499337198
497218562
499861355
499860942
499859509
498181049
499862690
499851239
499861858
499861526
499857852
499861687
499862445
499862346
499861751
499862411
499862838
499804045
499861317
499862273
499862112
499862155
499862196
499862322
495587321
499674295
499860348
499862220
499861817
324674298
499862062
499861594
496000240
498013037
499861752
497533305
499862673
487276411
499698684
499862059
499861693
499862556
499861536
499862395
499862531
499861797
499861710
499863702
499863470
499863193
499864126
499204999
499863103
499861757
499187286
499530745
499702384
499863602
499863889
499862968
499419294
499643597
499863401
499863222
497608894
320670465
499864087
322944270
499864054
499863893
499863710
499863529
499863221
499864645
499863117
499864531
499865269
499651115
499859762
499864883
499864693
499864313
499860397
499288518
499865250
499862195
499865235
499864511
499861756
499413100
499244552
499864903
499864425
499865010
499864122
499865280
499864838
499865246
499864839
499485428
499864958
499864921
499413268
499864165
499864771
499864665
499011558
499866859
499861949
499861542
499866459
499866765
499866315
499857072
499864710
499850259
499213893
499866635
499865883
499866697
499866099
499866861
499523495
499866851
499866976
499866171
499865699
311640400
314183274
499413410
499866128
499865952
499866821
499866967
499866789
499866843
499865841
499866880
499866167
499866972
499866695
499866955
499866454
499865581
499866935
499866062
499866743
499866254
499866513
499866500
499865693
499865708
499865965
499866048
499866047
317912838
499866411
499866912
499866480
499866066
499865554
321724996
499865813
499866179
499866126
499866077
499865490
499573714
499868407
499868226
499868248
499867431
499865673
499863082
499569020
499591131
499867249
499867202
499867112
499867625
499868017
499868393
499868259
499867807
499867079
499867380
499867281
499868246
499868273
499867632
499868233
499867739
499867456
499867041
499867590
499867676
499867315
499561603
499868009
312674902
499867758
499867631
499867851
499867113
499867709
499867626
499867418
499868319
499503481
499514664
499868184
499867916
499867718
499820633
499867260
499869549
499868940
499868907
499868740
499867586
499867203
499868692
499867353
499869056
499393256
499661367
499869387
499869282
499869457
499869204
499869572
499869277
499869458
499869567
499869565
499869432
499868769
499869547
499869420
499582719
499869127
499869208
499868517
499869477
499869083
499869016
499868436
499869036
499868505
499868980
499868838
499868751
499868752
499122092
342161421
499869153
499869490
499869405
499868579
498563053
499869102
499870955
499870321
499871081
499870514
499870884
498922695
499869760
499133715
499870938
499871091
499870994
499870218
499869684
499870692
499871109
499870104
499870280
499871092
499871107
499870927
499870816
499870200
499869667
499869746
499870517
499870695
499870207
499870333
499869903
499870013
499870560
499870445
499870596
499870122
499870616
499870613
477182737
477483940
499869968
499870203
499869935
499869807
499870656
499870385
499870649
499869938
499870128
499870471
499871666
499871415
499871375
499780638
499866809
499871893
499871275
499871665
499871304
499872310
499872300
499871342
499871529
499871155
499847649
499840874
499859532
499871281
499872205
499872036
499871393
499871734
499871518
499872107
499872269
499871587
499872166
499872254
499872000
499871204
499870446
499871251
499872162
499870120
499871445
499871441
499869866
499871328
499871797
499871318
499871637
499871624
499872199
499611948
499872055
499871469
499872040
499873038
499873639
499873044
499872922
499537841
499871262
499849976
499872425
499873181
499873521
499873440
499873212
498711086
499324324
499861914
496090772
499873386
499873311
499872896
486651731
499872719
499872722
499873359
499872851
499873039
499873479
499872924
499873296
499872716
499873173
499872814
499872447
499872799
499872865
499872436
499873468
499873405
498170791
499872488
499873050
499872901
499872721
499874555
499874441
499874546
499871662
499707326
499874462
499514226
499874363
499873802
499874567
499873929
499874507
499874545
499874130
499874372
499873863
499874346
499874403
499873986
499874149
499873745
499873908
499873698
499873821
499873841
499875423
499875897
499876176
499874284
499482975
499874678
499875528
499637895
499874126
499774986
499875496
499875319
499875466
473466020
499874670
499875867
499875291
499875690
499875995
499875851
499875758
499875885
499875091
499875705
499875612
499875873
499583684
491920259
499875968
499874966
499875955
499875002
499874745
499869972
499874739
499875648
499875016
499876055
333970705
332847231
341462208
499875425
499877053
499876106
499876954
499874653
499877291
499877477
499875899
499874706
499876519
499876460
499877379
499877631
499877259
499876957
499877468
496301958
499876369
499877359
499877518
499877122
499877207
499877004
499877169
499876578
499875526
499875465
499876792
499876468
499876487
499876415
499876473
499151426
499273533
499876733
499876773
497669199
498446500
499878903
499878823
499877915
499869827
498778241
499878508
499878928
499877037
499878386
498971147
499878889
499878403
499877999
499634894
499878783
499878151
499878844
499876907
499878229
499615217
499878438
498235070
499878746
499878205
499878254
499878570
499878458
499878667
499878705
499878739
499877937
311055030
499876422
499878774
499878626
499878822
497401175
499878618
499878518
499880327
499880231
499879604
499874881
499880064
499880784
499879671
499861625
499662114
499880097
499880492
499878087
499880341
499879814
499879407
499880672
499880654
499879588
499880337
499879611
499491537
499879755
499879689
499880644
499879876
499880815
499879442
499880576
499879903
499880331
499879607
499879476
499874804
315482788
499879352
499643154
499879431
312566408
499879485
494666813
499879241
499880702
499879806
499880200
499879685
499879418
499880707
499879981
499880452
499880070
499882323
499881039
499882137
499882014
499867599
499882772
499881831
499865764
499882452
499880653
499880612
499505526
499880650
499882415
499881721
499881842
499881012
499880580
485045762
499881177
499881149
499881711
499881735
499741660
499881281
499882771
499229496
499882616
499882716
499882019
499881642
499882684
499881451
499882343
499882117
499876735
499881891
499881748
292405313
499882299
499880955
499882338
499881802
499881892
341264595
499881026
499881160
499881094
499880963
499882368
499881942
499881326
499882277
499882258
499321730
499882162
499881444
499884510
499884656
499884242
499884350
499879336
499884754
499884052
499884612
499884337
499882965
499881537
499884397
499592775
499883612
499884573
499696466
496742632
499884649
499774092
499883059
499883053
499883745
499880172
499883524
303477022
499884699
499884662
499884474
499883457
303446822
499882910
499369547
499883340
499883584
499883490
499884730
499883081
499883102
499884070
499884482
499883867
499883549
499883235
499883639
499883828
499884211
499883154
499882948
499886699
499885901
499884159
499886886
499886792
499887071
499885098
499886955
499886137
499885711
499886405
499885818
499886939
498704971
499886919
499886708
499884779
499885700
499886715
499887054
499886083
499886332
499887050
499886811
499886105
499886399
499885369
499885796
499885104
499885590
499885101
499886409
499883451
499679968
499886054
499884836
499885317
499886913
499885116
499885463
355112045
303282069
304259287
499884856
499884962
499885592
499885551
499887058
499886243
499885371
499884884
485029810
499885485
499875155
499306971
499885781
499885416
499886417
499884971
482538363
497429357
499886358
499885769
499884994
499885016
499884800
491391310
499886822
499886530
499886406
499886103
499885873
499885005
499888847
499888538
499889035
499889030
499887927
499886487
497938713
499888679
499884795
499889019
499888475
499693339
499887839
499887122
499888992
499888415
499888946
499888977
485512720
499888969
499888732
499887334
499885075
499885296
499887606
499888904
499887909
499887793
496933299
499888659
499887454
283344038
499888018
314674529
499887814
499887424
499887358
499879201
499624375
499888473
499888589
497663647
499882989
499887506
499888062
499887819
499888460
499890105
499889762
499889154
499890649
499889407
499890726
499065882
499887746
499862759
499890711
499890509
499885222
499886721
499655819
499890661
499886441
499887129
499889842
499890484
499890710
499890021
499889214
499890656
499889971
499890119
499889114
499889126
499890087
499616235
499890211
499889054
499891488
499892428
499891231
499892096
499886125
499883899
499892495
499890736
499891867
499500125
499891197
499892491
499891249
499886807
499890341
499892708
499891935
499867218
499892697
499891450
499890765
499891938
499892180
499891143
499892627
499891057
499892179
498873094
499869708
499381783
499890825
499892454
499891797
499892182
499891933
499891303
499894292
499894246
499894792
499894817
499894266
499893929
499745899
499894781
499889647
499658666
499894135
499894963
499894218
499894925
499892992
499890830
499894706
499892634
499894645
499395627
499670023
499721366
499892488
499893576
499893730
499893615
499893984
499464502
499894534
499377508
499636268
499894017
499445533
333972047
474048849
491678877
499893240
499892834
499894958
499894933
499893327
499893579
499893927
499893161
499893084
499444171
499665446
499662866
475677203
496680756
499896383
499893832
499896266
499895835
499892195
499895817
499894044
499893137
499896653
499892550
499895502
499897033
499896524
499896551
326917663
499895654
499896226
499896708
499896243
499896322
499544767
499895120
499896208
325321060
499895074
499896690
499896222
499544871
499897932
499898711
499898213
499898529
499894775
499898743
499627345
499898738
499897724
499895511
499898685
499894396
499897790
499898665
499898193
303423382
303466472
303629582
499897856
329235165
499898715
499898030
499897122
499891278
499897783
499896574
499900768
499899845
499901141
499897150
499839074
497132806
499899997
499581641
499899794
499896866
499898003
499782852
499900671
499892813
499900934
499893267
499898913
499897771
499898106
328956970
326295898
499901158
499900707
303413225
499899864
499899758
499899688
498789808
499570018
499900805
499900891
499899554
499430950
498256833
499899590
499900745
497423858
496737278
499899823
499094706
499901371
499902073
499901356
499901949
499900733
499903075
499901321
499903060
499901589
499901438
499901277
499901895
499900996
499899285
499902774
499902133
322846469
499897823
499713794
499902426
499901403
499901766
499902972
499901337
499901971
499902082
499901608
499902660
499902922
499903012
499882883
499903580
499902053
499904224
498943266
499902627
499855051
499886465
499264376
499903122
499902311
499597216
499903951
499903485
499595088
267106306
498796078
499904236
498947502
499903876
499906154
499174702
499903940
474739134
499904458
325162646
499905001
499903220
499903964
499904489
499903119
498524881
499174960
499905739
499905742
499649430
499905061
497995093
499904836
499905902
499905355
499905794
499905814
499904283
499905114
499905505
499904569
499898056
499907334
499906862
499907312
499907309
499907290
499880953
499903995
499907236
499899906
483399117
499907007
298781023
499322682
499906941
499907214
499906385
499906966
499906444
499657417
499655378
499908390
499907704
499907449
499908215
499908454
499908091
499177847
499880156
499908242
499907690
499908419
499908191
499907919
499903853
499907413
499907746
499434654
499907844
499908090
499907763
499908206
499908111
499907560
499907988
498804968
499909067
499908666
499902325
499909162
499908713
499862433
499456473
499887983
499895565
499908541
499908642
499498562
499900403
499090547
499909045
499457719
499907748
499908832
499909094
499908837
499909022
499908550
499908787
499908843
499498236
499678824
499907598
499889091
499909246
499909586
499909850
499909703
499586590
499467852
498983588
499299617
499909271
499909899
499909289
303443270
499909627
303560433
499909474
499909638
499909695
483389821
498704838
499909057
499909807
499910382
499910443
499910132
499910424
499893424
499910323
499910202
499910389
499910388
499910353
499909596
499910321
499910137
499910160
498494557
499447162
499910783
499910796
499910794
499910732
499910499
499597951
496197316
499319248
323533432
499910679
489768480
499910719
499910496
499910590
499910611
499910752
499054344
499910565
489219647
499910905
493054967
499911133
482148914
499397175
499885515
499911078
499910899
499911041
496199508
499911035
499911213
499911157
499911109
499911107
499911106
498740326
499911467
499911599
499911295
499911336
498424427
499911521
499911424
499911582
499911507
499911625
497777909
499911493
499911403
499911896
485282005
499901325
499619504
495305253
499729236
499911962
499911936
499911712
499911820
499676309
499501918
499156032
499848936
495288907
499912143
497911538
499893438
499912341
498287872
485672917
499912273
499487134
499912229
499912248
499266756
499912502
499912452
499912456
499911989
499912416
499912463
499881252
499624740
499912588
499912716
336856276
499911428
499912734
472543799
499722831
499910520
499912803
499912799
499862133
499912944
345455782
499912992
499913060
499877853
499880918
499913069
499913119
496091051
498067811
499901505
496622524
498925221
499869608
499913149
499913187
499913134
499913268
499913262
499913351
499913359
499913386
498615249
499913366
499913467
499913425
499913404
499637149
499841578
499913496
499913512
499913514
499913657
498334514
499913691
499913681
499913800
499913718
499913825
499913773
499914041
499588587
499901870
499913960
315711922
499913968
499914021
496832230
496432664
499914224
495797772
499914133
474515259
499692099
499914602
499914454
499914405
499534645
499914475
498796504
499914561
499726365
314845454
498357056
499914686
499915117
499915170
499915071
487453135
499914950
499678452
499915174
499915251
499915499
499890532
499897109
499915313
498896952
499521990
499523442
499915248
499915280
499916131
499915616
499915970
499915216
499916046
499602991
499916122
499916224
499871150
499915787
499916044
332796056
499916175
323499601
499917123
499916957
498914175
497860267
499914879
499916469
499916869
303570588
499916926
499916740
499917006
499916706
499916485
499916883
499916311
498397501
499916520
498700023
499916934
493963198
357936401
499916356
499916382
499916455
499917865
499917273
499917404
499917679
499917604
499680805
499917821
499917457
303400030
303587456
499917765
499917611
499917584
499917194
499917403
487281924
499135650
499918575
499919101
499918733
499917773
499917239
499915960
499917606
499918617
499918642
499918603
478837104
499327340
499891492
499917586
499919059
499918241
330140667
499918230
499918322
499918121
499918248
498750946
499918185
499920885
499920569
499920818
499921090
499920740
499920257
499920773
499609437
499921056
499920873
499920828
499920561
499920414
499920097
499919876
499920527
499920223
499071846
499920286
499920008
499920583
499919749
499919618
499920535
499919959
497986729
499606809
497088661
499920360
499920618
499919885
499919460
498892608
498267510
499537172
499919974
499920816
499054198
499191800
499920605
499920470
499666560
499921789
499920705
499922046
499922016
499919838
499920038
499922233
499921769
499921488
499920928
499921708
499921277
475595881
499922194
499920491
499922042
499917482
499920924
499918318
499922169
499922164
499922156
499636425
499921402
499921321
499921503
489200245
499921177
499921823
499921439
499922104
499405146
499921667
498150145
499922625
499923652
499923412
499922619
499919763
499923492
499923237
499923655
499923118
499922688
499922544
499923437
499492869
499923312
499696676
498343271
499923187
499919293
499923263
499923214
499923604
499922487
499923223
499923517
499923580
303417791
499923623
497460512
499922326
499923290
499922528
496164220
498480017
499922441
499923004
499923375
499616950
499922885
499922871
499922928
499923043
499923133
498399449
499922838
498747054
499923664
499924350
499924262
499924662
499923508
499924930
499923850
499924536
499923851
499921516
499676064
499924744
499201127
499924346
494285467
499924887
499924877
499924120
499924604
499924250
499924425
499924676
493936513
499923688
498908058
499923785
498272259
499923815
499923721
499924413
499924892
499924734
499924045
499923793
499923909
499925759
499924099
499924607
499925560
499925298
499925619
499925017
499925887
487847178
499925681
499920795
499766008
499920808
499925327
490960916
499925671
499925452
499925470
499925831
499925813
499408318
302827961
499925740
499925483
499925020
499925209
499925138
499925811
333718542
499925553
493540561
499927307
499926627
499922453
499926279
499927475
499927150
499927556
499925763
499927390
499572350
499925239
499927027
495654312
499927251
499927191
499927432
499927333
499927304
499926737
499927097
499927099
499926507
499926313
499926008
499417544
499927283
499927091
315387498
493656329
343573882
499927018
499927482
499926676
499926950
499926719
499926912
499926494
499928351
499928277
499927807
499928959
499928480
499928117
499926544
499925001
499927687
499928940
499928258
499927674
499928781
499928771
499648198
499928888
499487237
499927964
499925251
499928844
499925009
499928259
499928678
497246868
499282855
336779935
499927791
499928026
355098490
499928896
499928891
499928476
499927965
499928866
499927772
499929624
499929620
499929104
499929540
499928642
499430199
499929140
499929395
499930142
499929908
499929120
499927147
499928535
499929968
499928817
499929238
499930101
499929548
499929864
499929390
499929242
499929504
499929280
499929019
499187031
499929821
499486800
498895124
499929399
499930114
499930123
499929482
497580000
499929461
499929597
499929048
499930675
499925028
499930329
499931102
499931553
499929158
499931299
499931531
499930752
499930214
499930261
499931203
499931497
499931489
499930929
499789757
499931464
499599071
499931133
499931387
499931505
486005819
499930389
499931590
499931069
499930451
499931401
499931216
499930288
499930450
499930305
499930845
499930302
499930271
499930936
498243721
499930429
499930311
499932879
499931397
499932621
499932273
496574314
499933055
499931657
499921582
499932127
498751510
498642005
499933032
499932757
499932617
499932099
499933094
498760317
499932318
499932173
499932188
499927852
496725256
499933052
499931754
499933043
499480070
499932357
499931997
499932244
499932024
499932153
499931873
499931625
499279405
499933134
499061673
499931953
499932974
499933074
499932570
499934238
499934034
499933695
499934402
499934615
499933279
499932463
499934028
499934604
499934591
499934121
499925711
499919738
499934150
496661731
499934565
499934563
499933721
496834943
499932783
496056586
499934014
499933325
499933533
499933330
312662098
287639136
273729317
499933809
303237108
305646202
303277234
499934109
499933475
499933568
499934531
499934189
477133368
499933558
499933681
499933364
499934578
499933903
499934282
499933202
342881783
496683849
499449507
499439857
499933766
499935621
499653249
499933646
499935676
499935100
499934818
499935364
499932178
499934961
499935146
499930623
499929964
499847363
496643846
499721303
499935653
499935074
499934790
499934640
305568766
494594499
306260966
499655853
499934662
499935519
499935296
499934902
499935231
499935067
499934873
499934746
499934893
499934807
499935312
496498510
499934674
499935801
499936820
499936470
499936303
499937309
499936641
499937200
499935261
499936930
499937205
499936606
499935272
499937292
499937080
499932040
499936842
343757318
494758464
499936102
498814993
499937189
499936405
499935755
499936213
499936190
499935894
499936897
499936956
499937010
499936713
499936299
499935753
499935878
499936513
498992675
499936196
498793674
496495861
499937961
499938343
499938318
499937951
499936998
499938521
499938790
499763757
499937766
499938397
499938153
499938781
499938742
499938234
499936438
499937073
499938176
499935303
499938015
499938244
499937613
499468323
499934679
499937976
499937870
499937669
499938477
499938485
499668300
499937899
499938440
499937363
499080496
499938395
499938766
499937974
499938599
499938549
499937752
499938032
499140995
499939853
499938069
499939137
499939895
499939483
499939748
499939421
499939153
499937525
499939197
499938358
499939847
499939116
499939901
499939700
499939095
499938269
499939515
499940009
499592728
499938636
497073512
499932113
499939551
499939336
499939983
499939549
499939929
499939347
499938907
499940038
499938841
499940024
499938937
499939681
499941210
499936211
499941136
321967402
499941589
499941582
499941014
499941578
499941517
499941242
499940766
499940197
499940413
499941381
499941139
499940385
499940281
499936232
499938352
499940973
499938865
499634397
499938003
499941516
499941123
499940390
499941253
499363850
499510014
302920016
499940782
499940527
498924892
342308080
499941329
499940748
499940955
499941560
499940979
499940149
499940851
499940880
499940549
499940187
499942259
499937697
499941953
499942514
499943239
499943272
499942240
499943485
499941200
499942790
499942388
499943467
499941485
499939345
499943462
499941970
499942822
499942308
499943442
499942671
499942851
499941688
340320320
499943134
488134292
499140269
499941748
310573339
294279852
337417077
499942374
499942119
499943441
499941743
499935230
499942565
499942614
499943324
499942063
499941940
499942195
499941972
499942349
499942994
499943199
499943102
499941796
499941868
499942567
499942485
499942428
499941839
499941683
499942599
498793949
499941965
499941636
499939441
499944423
499922916
499943883
499944780
499942433
499944826
499943105
499281307
499944303
499944901
499620074
499944878
499944632
499942750
499943917
499943528
499943695
499942709
499943955
499943553
492289906
499404650
499391900
499944758
499944052
499941679
499943659
499943636
499944807
491145130
499944836
499944582
499943576
499943677
492634490
499944502
499941208
499944787
499944354
499943826
499943769
499946556
499946072
499946833
499946501
499946751
499946022
499946328
499925999
499946379
499945779
499946745
499945546
499945712
499944573
499636751
499946787
499945927
499946364
499946466
496857869
499946661
499945492
499945702
499945234
499945936
499945739
499945802
499946305
499945848
499945085
319556473
499945394
499945988
499946225
499945574
499945246
499939393
499948062
499947397
499443777
499934883
499948149
499947311
499940305
499946876
499947873
499947952
497411131
499942207
499947617
327422097
485500321
499947042
499947948
499947800
499946973
499948163
499947092
499947316
499947410
499947590
497997125
499947204
499947900
499947487
499947686
499948753
499948927
499948651
499949105
499943801
499948361
499946910
499947155
499947448
499949040
499924771
499948823
499949394
499948343
499945646
499947599
499946323
499949241
499948608
499948014
499948558
499948947
498914255
499948863
345680570
499949250
499948622
499950441
499947235
499950557
499949611
499950246
499950805
499949645
499944331
499946969
499949996
499949090
499950277
499932812
499950745
499950744
499950163
499945329
499948742
499949646
499949948
499949959
482387139
499950105
499942209
499950577
499950354
499949514
499950045
499356545
499949962
499339012
499950078
499949734
499949609
499952119
499952169
499795459
499951569
499951415
499951631
499950991
499952083
499952284
499951301
499949838
499951385
499951884
499324673
343577518
499512660
499951720
499951019
499952229
499951591
499952328
494439321
477053594
477210768
477410195
499951647
499951353
499951988
499951976
499950961
499953611
499952484
499953056
499950447
499953332
498944065
499949290
499953144
499928590
499948006
499953026
499953692
499945114
499953320
499951957
499952651
499953566
499953604
499951603
499953395
499952430
499953122
499952398
499350845
499953475
312491781
499952996
329722005
499953223
499953717
496601597
499952452
499952801
499952940
499953104
499953247
499952887
499080930
262632189
499952768
499952371
499953366
499953060
499953081
499953106
499953068
499954983
499949526
499953951
499953963
499953181
499948369
499953504
499955050
499954437
499955037
497949346
499950492
499952485
499954431
499950148
499954795
499954989
499954529
499954035
499954705
499954621
499954824
499954787
499954537
499954446
499953958
499953920
499953750
499954838
499954425
498219084
499954038
499956913
499956040
499955603
499954538
499955855
499953839
499956266
499957009
499957000
499956637
499956275
499955994
330792384
499946753
499956764
499956959
497744468
499955783
499945571
499949831
499901360
499950195
499956981
488176083
499956831
499956546
499955639
499955338
486670821
499956507
499956344
498653430
499955780
499945458
499955859
499955696
499955457
499955568
499956638
499956945
499956807
499956236
499955414
499958134
499957066
499954975
499654786
499955353
499957989
499958186
499955482
499958157
499958347
499941662
499949751
499946614
499957676
499957203
499957109
499957823
499957165
499957549
485243767
499958189
499390621
499957648
499957965
499957163
499957383
499957675
499958109
499517876
499957610
499510037
499957227
499958376
499957413
499958312
499958053
499957618
499958248
499955763
499957275
499959022
499958521
499959178
499958745
499958671
499958511
499892423
499949759
499958864
499956427
499958974
499958633
499959157
499959091
499405714
499958249
499958750
499958515
499958424
499958695
499958878
499958913
482066910
499958631
499958612
499958993
499960719
499960341
499960722
499960234
499960937
499938034
499960747
499959688
499960895
499960376
499960864
499960088
499960818
499953370
499960132
499939254
499959419
499960340
499960434
499959831
499960259
495047611
499959694
477069937
499959582
499959658
499959425
499959418
499960921
499959750
499960878
499959631
499960005
499959862
499959676
499959575
497904758
499961775
499962304
499961949
499961256
499961392
499959519
499960035
499960258
499961145
499957331
499961892
499961323
499962203
499961754
499962270
499961982
499961668
499961184
499962142
498785007
499961281
499961352
495070803
498929325
498954191
499237497
499961378
499961736
499961038
499961074
499962373
499963516
499962432
499963231
499961507
499962808
499962472
499945267
499956838
499962919
499963501
499963178
499962617
484062883
499501401
499963363
345352523
473076969
499962706
499963143
499962560
499962547
499963302
499963346
499963203
499963099
499962759
499963400
499964139
499964446
499964395
499964346
499961857
499963646
499964820
499945467
499964301
499964382
499955666
499958796
499962151
499964540
499964108
499964709
499963583
499964531
499964337
499964441
499964852
499964092
499963587
323887193
499963969
499963655
499963653
499965876
499964909
499965433
499963337
499966109
499965702
499966349
499966176
499962083
499943788
499965540
499965959
499965896
496993117
499964125
499966297
499961122
499921816
499965977
499966074
499965969
499965949
499965289
499965873
499966238
499965738
499964993
499963490
499966369
499965079
499965379
499966194
499965687
499966291
499965331
499965207
499965215
499965651
499967533
499967733
499967529
499967725
499963703
499929259
499966655
499965463
499967707
499967292
499967702
499966581
499966747
499966244
499910638
499958172
499966449
499966488
499967104
499966734
499967088
499967645
499967499
498722176
498123439
499967048
499967209
499966640
499966460
499967696
499966891
499967033
499965652
499968727
499967404
499968039
499968248
499920406
499966006
499942272
499965297
499968665
499968359
499968131
499968370
499968343
499967797
499968272
498704895
499962114
499967860
499968500
499968191
499968150
499968290
499968113
499967906
499970262
499968820
499969928
499966628
499969808
499970116
499969470
499970173
499968919
499968772
499924052
499969193
499966507
499961288
499962670
499970309
499970294
499970351
499969905
499969997
499968886
499969911
499969372
499969160
499969390
499969932
499969482
499969321
499971384
499972379
499972515
499971287
499972443
499971089
499972372
499970601
499972335
499972544
499970647
499971331
499972264
499969446
499972363
499972328
499962592
499718543
499425571
499970706
488214159
499972587
499971887
272194104
499971803
499970940
499970484
499970900
499332545
499970527
499971466
499971967
327622806
499970585
499972333
499971608
499968201
499973328
499974125
499973480
499973426
499971415
499973108
499969629
499973947
499974303
499947066
499944190
499973969
499974143
499973282
499973141
499973514
499973159
499399012
499974245
499973068
499972785
278941116
499972850
499973419
499574871
498896784
499974055
499973837
499973983
499974239
499973017
499972751
499973723
499973540
499974192
499974259
499973208
498912252
499928457
499975016
499976242
499974095
499834560
499976189
499975633
499975586
499976223
499975655
499975929
499971515
499181270
499975901
499962830
499928218
499973300
499976135
499974763
499975783
499976171
499426436
499975559
499975278
499974846
499974575
499975939
499975536
499974676
499974509
499975711
499976113
499974532
499976090
499976174
499974423
499975632
499512478
483755153
499975119
499978234
499976881
499977860
499974804
499977927
499962387
499975021
499976928
499974187
499978335
499961882
499977374
499978186
487989320
494350089
499958502
499976606
499976930
499976339
499974333
499978460
499971261
499977789
499977759
499977987
499977129
499976345
499977564
499977023
499977574
499499692
499976578
480394375
499980373
499979226
499979721
499978931
499530521
499979388
499979925
498835000
499978728
499980336
499979750
499978984
499980272
499980100
499944261
499978682
494830914
327421224
499979619
499978950
499979660
497421828
495538127
499979096
481990950
499259166
499978987
499978752
499979401
499979995
499979794
499979646
499234223
499978917
499978509
499980372
499979097
499978910
499978722
337447607
499979890
499980449
499981032
499981747
499981293
499961554
499981608
499980901
499978725
495833338
499494287
499981633
499980874
499980721
499981128
499974835
499981462
499981329
499980122
499981614
499981185
499981117
499981118
499675502
499982358
499983943
499983194
499982154
499970541
499982728
499983066
499980797
499983489
499982735
499982721
499971673
499983858
499983415
499982521
499982006
499981257
499982680
499982186
499949097
499982698
312840053
499982666
499405102
495577846
499981908
324698365
499982071
499982084
499982907
499091319
499982689
499983844
499983184
499983627
499982867
499982598
497311098
499984537
499985743
499982220
499984873
499981475
499984757
499984808
499985555
499888643
499985048
499985683
499985611
499982468
499985538
499985255
499378980
499984201
499984355
499985050
499681596
499985499
499985674
499454815
499984349
499984938
499985399
499984321
499985436
499985395
499984931
499984596
499984066
499524898
499987242
499986451
499982464
499986494
499986891
499987134
499986652
499986669
499971606
499986808
499984990
499972743
499987155
499987338
492215921
499931606
492129417
499986236
499986980
499986322
487076491
499987288
499141571
499985997
499986551
499987402
499986446
499987104
499529574
499986691
499986961
499986556
499987172
474514123
499987088
499986849
499986186
498808233
499988727
499987921
499986346
496166169
499987017
499987637
492335879
499987549
499988973
499987784
499986126
499983049
499971720
499987581
499988771
499988734
499796042
499988923
499988370
499988904
498528771
499988354
496864667
499988816
499988952
480490378
499988384
499988358
499988231
495958385
497889967
499988500
498987374
487246438
484852507
498926951
499989872
499989216
499990737
499990505
499989864
499989779
499989198
499990180
499987714
499988125
499989955
499990630
499990248
499974681
499989611
499990279
499990500
499989394
499068259
499989797
499989830
499989944
499989551
499990147
499989721
499989416
498356454
499990263
499990689
499990041
499989629
499989241
499989861
499989453
499989345
499989217
499992266
499975869
499991372
499992599
499992222
499992581
499992415
499992213
499991582
499987960
499990685
499607695
499992515
499991653
499988419
499992477
499990870
499991241
499992321
300147586
499991569
499991667
499991318
474607948
499992405
499992530
499992024
483955946
499313243
499991945
499991985
499993632
499994077
499993095
499937422
499993661
499991210
499990414
499992628
499740650
499993733
499987303
499993873
499527982
499993276
497337664
273183897
499993320
494909828
483059065
499994027
498354057
499993070
498492270
499993778
499992761
499993494
498958941
498948284
496262743
498490045
498445159
498352211
499992646
499993057
499992613
498185396
499993247
499993115
499992802
499994097
499995353
499995559
499995147
499995479
499994358
499873854
491180813
499994492
499995480
499991471
499995064
499994762
499995571
499995232
499994335
499995178
499994877
499994157
498935327
499994851
499996051
499997368
498629372
499996417
499997315
499996246
499997083
499997996
499737110
499997252
474352006
499996135
499989044
499995846
499995919
499997079
499996889
498736357
499997130
499997383
499996872
279530308
316820914
486135238
499996004
499997357
499997859
499996874
499996693
499997121
499996147
499996375
499997629
499600889
499995887
499996394
499996155
499998082
499996175
499997057
499997646
499991065
499993808
499998726
499998639
499998241
499997962
499998808
499998534
499997527
499998456
499578034
499998226
498994435
499672865
499998247
499991549
499575404
499999241
499999639
499999615
499999535
499999550
499999018
499999513
499999297
499999287
499999500
499999254
500000253
499999602
499999964
499522282
499997329
500000150
497947719
499999326
499900813
500000127
497134709
498973224
500000397
500000682
497000706
496896483
500000416
477250014
498707893
500000668
498245303
500000922
499998199
500000576
499999990
498717066
500000523
499996150
500000303
500000632
497075701
291837016
500001049
500000934
500001010
500000884
500000967
500000571
500000815
500001364
498960020
498313202
500001188
500001139
500001172
492279646
482469229
496822559
499275801
500001653
499624120
500001699
500001770
500001642
491163065
341242975
494269341
493870122
498990965
495798792
491501665
491496769
489689983
495385796
489044231
498953036
499259122
492594833
324829251
494035070
489658355
497000967
343857495
315668374
323732904
325824580
341269735
483604088
478266319
485966137
484835112
484998418
486192404
483698465
499679318
493561694
489772763
483691324
338076704
485956136
485160902
490947902
492094895
488683386
499559056
500001922
498692217
499993668
500001980
500002086
500002065
499992154
499097781
499997757
500001590
497383635
482260265
476196092
500002104
483670378
487683201
496317722
487264975
484813238
486090382
487527673
477210262
499666093
492395456
498692445
487600295
481838598
495608926
496615148
492348318
325361866
499981938
499968894
500002224
499999836
499969222
498975652
485553576
477228765
488440830
301052329
476431777
483624411
477703269
330247503
483105126
477727631
347598742
484492802
478971623
478860450
344893709
499994979
500002432
500002359
499990910
477153566
477139050
341243709
327850795
477220353
494253094
483689206
495000827
495779035
485990268
497432601
499416989
499996933
500001572
500002516
500002515
499926169
500002527
301933942
491138435
341334661
341233922
336002353
343069950
306913564
338083032
341627177
341338432
340990409
341264631
341231755
340948324
338504802
500002695
499934995
500002740
500002722
500002925
499086824
500002896
499989902
499433866
500002905
354255226
500002901
500002806
500002906
500003028
500003035
500003200
499993185
499980032
500003290
500003320
500003448
498742055
500003585
500003723
500003681
500003654
500003795
500003731
500003896
500003973
500003835
347613521
500004334
499110294
500004175
500004178
500004120
500004124
500004128
500004072
500004285
500004364
500004445
500004418
499787497
500004708
499490623
500005057
499990893
499936712
500005212
477211741
486018605
336073024
500005124
498720254
315105696
329079162
477982191
335925262
500004932
485679322
485700524
495769687
496179243
500005502
500005452
499134219
500005360
500005451
500005304
500005308
500005557
500005683
500005700
499995767
500005541
500005724
341844465
500005630
500005674
499941192
499964875
500006675
500006230
499991981
499979587
494167337
498994285
270485692
500005930
500006086
500005993
500006066
500005858
500006566
500006419
497692568
500006972
500007259
500007122
500005610
498239369
500007124
500007543
500007522
500005991
500007240
500006754
500007468
499355424
500006983
500007559
477203443
500006902
477210329
500007516
500007170
497685775
500006157
498057694
500007943
500008052
500007803
500007071
500007718
500008149
500008011
500008229
499984555
500008227
500008223
479238758
500008299
500007989
500008200
500008105
500008029
500007924
500008091
500007986
500008231
500007868
499952965
500009277
500009100
500008311
500008924
500009352
500008904
500008729
500008719
500008821
500009389
500009385
500008900
500008529
500009362
500008686
500008757
500009110
499705999
500008615
500008801
500009027
500008582
500008831
500008735
500009019
499338408
500009151
500010346
500009059
500010128
500009700
500009464
500010401
481930429
500009523
500009509
500010388
500009676
500010225
500009773
500010375
500008393
500010353
500010367
500009886
500010010
500009862
500010341
500010270
500009740
500009836
500009529
500009908
500009507
500010156
500009508
500010200
500010025
500010092
341396736
500010288
500010285
500009858
500009493
500009546
500009838
500010819
500011373
500011166
500010630
500010432
500008737
500009825
500010618
500010500
500010811
500011354
500011352
495659595
500011347
500011234
500011251
500011101
500010801
500010661
500011306
500010875
340293366
500010828
500011281
500011047
500010715
500011370
497860485
500010627
500010542
500010951
500010431
500010978
500011330
500011315
500011022
500010710
500011024
500011152
500011314
500011242
500010754
500010575
500011240
500011786
500011434
500011756
500012046
500010940
500011675
500009881
499961481
500010986
500011503
500011463
500011689
500008880
500011484
500011454
500010980
500011771
500012194
500011451
500011831
500011945
500011793
500011708
500011724
500011523
500011491
500011551
500012134
500012121
500011871
500011571
500012150
500011549
500012087
500011487
500013731
500010930
500012925
500013066
500012561
500013592
500013464
500013597
500013490
500013282
500012951
500013361
500012969
500011716
500012667
500013453
500013162
500012923
500012229
500013662
500012737
500012515
500013620
500013001
500012946
500013520
500012930
500012809
499216658
475817140
500012317
500013336
500013051
500013115
500013090
500012463
500013643
500012310
500013449
500013118
500012863
500012838
500012608
500012245
500014462
500013020
500014962
500013554
500014621
500014073
500012627
500014191
500014060
500014345
500014382
500014609
500009771
500012600
500013113
500014696
495378933
500014297
499726898
500011677
500014107
500014659
500014639
500014367
500014006
500013775
500014007
500013894
500013908
500013939
500014964
500014783
500014376
500014914
500014189
500014266
500014096
500013853
499441458
499554786
500013862
500014313
500014424
500014052
500014723
500014236
500013971
500016148
500015807
500015374
500016140
500016138
500015901
500015744
500015164
500015206
500016109
500015005
500014613
500015300
500014781
500015746
500012759
500013797
500015110
500015767
334586748
500015595
500015310
500014819
500015262
500016055
500015504
500015020
500015769
500015713
500015825
500015272
500015650
500015268
500015686
500015491
500015489
500015590
500015304
477292040
500015796
500015880
500015269
500015392
500016946
500017922
500017558
500017427
500018635
500018393
500016925
500008709
500017240
500017799
500018697
500018702
500015621
500016409
500018242
500017920
500017766
500018121
500011663
500012691
500018598
500017641
500018655
500018589
500017827
500016554
310649228
500017324
500017753
500017233
500016718
500016078
500017429
500016627
500018711
500017476
500017138
500017001
500016790
500017228
500016774
344510489
500018400
500018453
500016381
500017751
500017999
500017335
500017485
500016399
500017282
500018595
499265559
500017689
500017954
500017740
500018729
500018273
500018542
500016462
500017536
484337949
500017534
500017137
500017474
500019665
500019182
500019989
500016777
500018951
500015654
492190349
500019254
500018877
500019958
500019928
500019927
500017077
500019285
500019918
500019667
500019248
500019353
500019376
500018814
500019798
500019148
500020001
499993089
500019199
500019543
500019882
500018967
500017117
500019462
500019674
500019092
500019720
500019013
500018950
499101218
500018235
500018890
500018882
500018748
500019895
500019564
500019060
500019341
500019277
500018965
500018772
500019142
500021151
500021147
500020493
500020611
500021137
500011950
499397726
500020182
499956761
500020437
500020113
500020744
500018821
500011072
500020458
500008637
500016827
500020433
500020670
308115235
500020805
500021005
500020981
314943462
500020766
500020674
500020286
500020830
500021043
500020980
500020526
500020732
500020942
500020513
500020360
499059282
500020137
500020273
500020154
500020310
500020200
499001482
500021572
500021630
500021363
500021562
500022071
500022070
500015874
500021022
500021744
500021466
499889909
500021244
270100870
306647870
315852146
500022067
500021454
500021359
476300648
486020649
500021426
500022076
500022053
500022025
500021474
500023593
500022254
500022861
500023224
500022995
499484785
499932928
500023029
500022816
499815192
500022931
500023440
500023406
500021655
500020274
500022938
500022206
500021576
500023445
500019621
500023430
500023523
500013202
500019366
500023497
500023342
500022212
299788833
500022493
500022183
500023319
500022556
500022869
500022977
500023557
500023108
500023066
500022781
500023573
500023188
500022351
500023461
500023386
500023290
500022196
500023239
500023296
500023257
500023210
500022399
500022290
500022016
500024280
500021181
500024274
500024295
500023820
500024688
500024589
500024764
500014779
500023777
500023173
499952581
500024779
500024293
489722519
500023766
500024601
500024820
500023627
500024189
500024348
500024497
500024765
500024513
500024108
500024588
500024001
500024404
498895866
500023683
500025977
500021796
500023014
500021960
500018025
500025983
500025164
500025583
500025035
500025945
500025894
500025623
500025773
500025775
500025875
500017949
500025999
264122298
500025662
341268784
500024948
500025740
500025803
500025962
500025940
500025827
500025842
500025546
500025187
500025304
500025400
500025312
500025329
500025739
500027164
500026896
500024247
500013987
500024556
500026262
500026235
500025074
500026549
500026948
500025018
500026668
500027098
483423147
500026418
500026927
500027135
500027006
500027138
496535235
328743084
500026178
500026590
500026401
500026463
500027119
500027140
500027027
500026914
500026055
499972651
500022996
500027282
499990101
500025510
500027639
500028286
499570785
500028320
500027759
500028260
500027446
500022110
500023715
500028328
499954422
500027213
500027623
500027430
500027300
500027930
500027980
500027521
500027650
305148286
500027305
500027632
500027355
486697800
500027468
500027914
500027520
500028037
500028902
500027393
500028994
500028957
500026124
500029176
500028750
500028989
500027788
500029168
500026202
336397778
500029458
500028716
499060140
338369297
500028999
499124036
500029594
500029563
500028953
500029077
500029150
500029401
500029346
500028622
500029421
500029315
473369787
500029133
500029343
500030141
500029971
500029754
500030156
500030421
500029801
500022527
500028814
500030396
500028714
499241136
500028641
500028120
500029632
500029883
500028866
500030008
500030007
500030302
500030119
500030200
500030023
317601190
500030347
500030329
500029968
498006973
500029725
500030431
500030258
500030108
500029940
500030111
500031767
500031420
500032195
500031704
500031298
500030794
498226252
500031821
500030594
500032133
500032179
500023746
500030848
500032140
500024250
500031627
500032113
500032108
500031731
500031265
500031862
500030817
500032012
500030903
500030562
500031822
499240210
500030822
500031440
500032077
500030948
500031507
500030982
500030038
500032708
500033444
500033718
500032474
500033703
500032344
500033036
500032622
500033446
500032289
500033715
500033396
499857697
500033699
500032897
500030743
500030686
500033676
500032670
500028729
500033674
500032449
500032646
500032578
303347697
500033385
500033293
500033021
500032770
500032451
500032884
500032488
476078940
500032840
500033034
500033137
500035056
500034242
500034497
500034585
500034633
499539821
500035072
500034814
500034297
500034309
500034887
500034842
500034301
500034992
500034733
500034642
500033772
500034956
500034788
500034716
500034395
500034758
500034652
500034802
500033618
500034745
500034751
500034384
500034331
500034076
497954206
497951255
500034574
339619938
500035066
500034753
500034250
500035073
500033890
500034955
500034546
342439126
500034132
500035921
500036600
500035319
488326362
500036598
500035948
500035767
500030734
500036722
500036137
500036214
500035807
500036658
500035887
500034187
500036627
500035395
500036724
500035539
500036419
500034394
500036719
500036718
500036715
500036003
500036380
500035994
500035610
500036478
500035723
500035860
500036184
500036451
500036695
500034717
500035910
500036688
500035412
500036733
500036043
500036060
500035447
485910609
500035717
500036511
500036124
498696160
497223255
487100712
500034339
500036747
500035973
500035638
500036416
500035149
500035776
500036530
500035698
500037733
500037702
500037582
500032438
500037983
500037728
500037064
500037666
500037361
500037979
500037792
500037075
500037977
500037445
500037255
500037690
500037957
500037779
500037956
500034861
500031804
500037903
500036803
500037477
500037128
500037988
500037444
500037482
500037532
500037943
500037003
500037399
500037802
500037260
500037250
500036919
500036889
500037811
500037880
500037385
500037835
499617708
488397755
500037437
500037651
500037583
498070811
500036935
500037143
500037108
500037139
500037017
500040123
500039979
500039798
500039608
500039112
500040320
500039063
500037586
500038950
500040265
500038629
500038551
500039405
500038868
500038014
500039693
500040181
500039702
500034900
500037050
500038957
500039838
500038389
500039564
500038458
500038273
500038130
500040288
500039390
500040286
500038215
500038181
500038048
500038337
500039087
500040311
500040097
500039341
500039113
500039009
498169801
500039200
500040179
500039427
500039531
500038021
500038572
500039646
500038509
500038641
498720260
500040007
500039791
500039538
500038171
500039658
500039258
500040010
500038233
331687456
497809079
500038881
500038609
319940369
500038745
500040219
500039994
500038956
500039714
495405392
500039661
500038495
500038896
500038605
498726437
500038054
500039476
500039709
500039424
500039410
500039161
500038995
497688555
500041982
500041173
500038937
500041989
500041277
500040915
500040711
500041569
500041023
500041630
500038507
500040901
500041868
500041935
500041718
500041843
500042061
500041382
500041748
500040755
500038979
500041260
500039707
500035191
500041960
500041747
500041104
500039983
500039776
500040451
500042102
500041925
500042014
496182434
500041944
500041644
500041292
500041137
500040736
500040626
500042096
499507526
500041916
500041745
500042024
500041607
500041589
500041628
500041544
477229476
500041553
500041247
500041326
500041092
500041428
500041986
500040979
500040696
500041088
500041132
500041755
500041021
500041189
500040356
500041922
500040486
500041489
500040819
500041566
500041711
500041381
499547516
500043765
500043857
488360754
500044636
500040892
500043748
500043305
500042015
500044403
500043125
500042525
500044099
500043404
500044618
500044141
500043901
500038374
500036434
500044135
500044088
500043683
500042804
500042472
500044222
500044182
500042193
500043153
500043537
500039270
500043367
500044178
500044364
500043998
500042296
500044259
500044253
500043645
500042477
500043775
500044362
500044153
500043113
500043265
288823235
500043479
495209247
496383953
500043129
500043376
500044306
500044266
500043069
500043728
500042287
499502320
500042901
499046964
500044657
500044075
317532042
500043804
485621771
500042135
489258051
485732234
500044273
500043228
481995587
500043690
485655315
494705692
500044194
493497760
495171437
477212320
495783917
499456567
488595441
500043769
500044592
500043136
500044384
500044390
500044232
500043516
500043625
500042725
500043201
500043440
500042761
500043186
500043205
500043102
500044471
500044402
500043827
500042923
489149388
500043151
500042989
500042952
500046189
500045944
500045352
500046052
500045831
500046258
500045913
500045209
500045147
500044915
500045536
500045982
500039517
500046255
500045790
500046252
500046038
500045121
500044658
500045688
500045572
500046107
500045830
500046244
500045584
500042753
500043378
500042981
500040701
500045427
500046247
500045695
500045412
500045177
500044721
500046137
500045101
500046089
500046080
500045382
500045916
500045469
488535905
500044942
500045275
500045338
499355137
500045448
500045820
500045062
500045711
500045334
500045051
500045624
500045566
335751442
500044868
337874429
500046174
500045025
500045939
500045885
500045655
500045560
500045527
500045136
500045028
500044797
500045799
500046041
500045104
500045945
500045298
500046133
500049167
500047876
500048778
500048131
500049095
500048356
500048115
500048949
500049220
500046756
500049217
500048914
500046943
500047410
500047377
500048660
500048779
500048202
500049023
500048745
500048561
500047463
500048992
500047421
500043117
500042487
500049194
500047797
500049190
500048997
500048465
500049188
500047073
500047285
500048738
500048371
500046850
500048259
500049133
500047583
500049139
500049096
500049021
500049080
500048078
500047959
500047321
500048045
500048160
500048017
500048687
500048741
500049066
500049146
500048107
500046713
500048276
500049015
500048688
500048391
500047347
500046499
500047837
500047433
500047017
329676075
500047642
500047749
500048064
500048882
500049112
500049003
500049008
500047259
500047527
500048376
499272194
500048146
500048090
336467004
321459172
500047189
500048943
500046881
500048386
500046893
500048757
500047217
500047554
500048122
500048121
500046461
500047700
500048844
500049905
500049422
500049799
500049436
500049029
500048153
488668149
500049546
500041697
500049794
500048197
500047908
500049813
500049628
500040398
500049919
500049409
500049321
500047503
500045904
500049987
500047665
500049581
500048876
500050140
500048991
500047577
500048828
500046709
500044119
500049511
500049317
500049860
500049930
500049740
499309776
500049601
500049677
500049858
500049857
342976495
500049739
488621483
332984491
500049477
500049972
500049994
495653346
498125130
500049944
500046322
500050019
495643147
495611657
335479434
500049745
498730231
500046826
498963254
498725121
499543646
500049756
500050136
500051915
500051191
500051175
500051870
500051030
500048364
500046285
500040835
500040365
500050689
500051898
500051510
500051895
500051539
500051711
500051635
500051285
500050680
500050519
500049731
500049113
500050988
500051329
500051878
500050473
500050092
500050462
500051231
500050317
500050953
500051379
500051769
500051288
268934281
500050909
500051192
500050750
500050510
500050303
500051630
500051093
500050722
500051114
500051481
500051376
500051014
500051179
500050380
495678934
478476640
500051332
500051382
500051826
500051677
500050289
500050809
500051763
500050435
500050373
500050993
500053068
500052693
500051289
500039286
500052551
500050981
500049518
500053107
500053282
500052333
500050527
500053250
500052539
500053218
500052242
500048888
500047025
500052866
500052324
500053276
500053147
500050926
500053253
500053259
500053272
500052948
500053226
500053194
500050649
500053110
500052859
500051976
500052374
500052651
500052561
500053245
500052487
500052496
499418214
500053180
500053116
500052722
500052302
500052622
484795078
500053021
500052665
500052463
500052305
500052032
500053477
500053464
500053841
500053630
500049775
500054161
500053585
500054178
500054256
500054226
500053448
500053327
498376304
500054427
500052709
500051668
500054299
500053465
500053302
500054234
500054490
500054468
500049414
500054485
500052528
500054053
500054423
500054457
500053723
500053994
500053686
500050928
472606631
500053589
500053778
356483288
500053890
500054210
500053974
500053363
500054247
500054198
500054076
500054055
500042871
500054725
500053759
500055527
500054454
500052397
500054767
500046359
500055105
500054644
500055383
500055407
500049769
500055324
500016573
500054027
495228921
500054957
500054845
500055127
500054638
500055074
500054606
500055036
500055389
500054706
500054939
500055328
500054730
500054692
500053713
500055170
500055097
500055028
500053816
500056786
500056748
500054608
500045728
500057230
500056660
500056605
500057200
500056840
500056132
500055593
500051151
500054997
500056810
500055613
500057134
500056542
500056919
500056514
500056837
500055722
500056694
500056813
500057122
500056155
500056024
500056655
500056330
500056444
500057172
500058653
500058463
500058038
500045027
500058523
500057106
500057602
500057441
500057416
500055717
500057483
500057041
500058610
500058135
500057410
500037853
500058522
500058568
500055901
500058544
500055179
500057591
500057607
500058201
500057774
500058628
500057701
500058526
500057761
500057629
500049572
500057603
500057972
500057460
500057913
500058636
500057621
500059818
500059202
500059866
500059160
500056950
500056732
500059695
500055822
500059623
500059171
500059691
500056137
500024490
500059863
500059621
500058970
500059534
500059450
500059587
500042207
500059851
500058936
500057486
500059612
500058855
500059592
500059480
500058735
500061366
336359077
500061243
500040020
500060294
500060881
493091352
500059483
500061451
500061148
500061036
500060934
500058914
500058307
492683771
338300495
500059263
500061202
500060892
500061099
500060822
500061273
500060748
498795203
497725265
500061182
500060277
500060354
500061457
500061113
500060802
500060982
499163066
495788759
500059926
500059964
500060556
500060380
500061318
500061023
500060833
500060398
500060714
500061402
500061278
500061372
500061118
500062935
500062255
500059267
500053798
500062297
500063587
500059931
500062946
500062548
500063059
500062177
500063480
500058305
500062605
500060404
500060098
500061009
500062867
500063227
500063157
500060172
500063302
500063577
498743995
500063244
500062873
500062322
500062526
500062273
500062019
500063223
500063513
500063272
500062860
500063086
500062435
500061984
500061735
500063585
500063553
497793203
500062780
500063196
497415072
500063027
500063006
499445605
500064773
500064961
500059315
500058297
500065150
500063945
500061712
500065333
499060340
500064444
500063920
500057841
500063938
500065306
500065003
500065301
500064821
500064034
500064097
500064987
499450721
500064353
500064574
500064975
500064751
498822395
500064307
500064446
500064011
500064966
500064044
500064971
500064836
500064686
500064859
500064497
500064138
500063859
500063711
497728620
500065252
500063706
498051361
500064919
500064634
500065500
500065225
500064944
500012866
500066745
500062105
500066306
500067076
500066829
500067074
500066551
500064183
500065455
500065775
500066897
500066091
500065781
499504224
344713868
500065990
325606846
500065849
500065525
500067000
500065771
500065734
499061728
500065816
500066935
500066922
500066493
500065690
500066685
499237570
500067049
500065866
500066178
500066864
500066151
486010414
500068063
500069024
500068463
500068530
500067434
500063108
500067774
500068817
500064032
500063808
500055682
500067393
500069001
500067556
500062757
500049362
500068594
500068829
500068703
500068780
500068985
500067433
323689016
500068201
500067478
500068854
500067738
500067315
500068088
500069013
500068870
500067891
500068386
500068743
500068639
500067360
500067154
500067570
500068871
500068368
500068407
497702673
500067278
500069191
500068914
500067336
500069926
500069826
500069669
500060906
500069565
500069455
500070938
500064386
500049998
500070393
500067533
500070677
500070920
500070519
500069070
500070447
500070736
500069180
498772882
500070862
500069359
500070106
500070098
500069520
500070761
314965739
500069091
500070692
500070618
499529501
500069549
500069078
500069423
500069410
500070271
500070875
500070861
500069827
500070210
500070045
500072430
500071388
500071929
500070151
500070092
500060252
500072434
500071712
500072130
500067881
500071628
500069327
500070267
500071742
500069839
488389855
500072395
498625521
500066041
500069654
500071443
500071894
500071692
500072435
500072364
500072273
500072180
500071356
500071669
500071176
500072778
500073199
500074445
500074229
500072027
500072686
488395518
500073844
500072455
500046066
500068678
500067700
500074245
500073882
500072051
495656767
500074244
500073237
500073508
500074224
500073952
500074250
498641982
500072466
500072737
500072526
500074260
500073257
500073138
500073807
500074600
500073938
500074319
500074275
500072790
500073530
500073353
500050884
500076225
500075648
499983047
494199614
500074867
500076383
500076324
500064242
500038891
500075760
500065804
500071639
500075789
499780089
488319159
500074012
499588688
500075456
500074523
500074995
500074985
500075295
500074748
500075857
500075509
500052082
500074733
498252276
500075690
500075374
498453931
498474974
498937521
500076345
500076196
500076129
500075198
500075860
500075016
500075171
500076015
500075658
500077782
500077537
500077837
500077647
500076921
500078011
500075200
500066451
500067778
500077447
500051757
500077349
500074754
500077086
500077796
500075903
500074992
500052223
500077985
500076894
500077435
500044660
500077800
500077239
500076450
500077615
280351106
498936488
500077119
500077634
500077156
298678411
499193466
500076789
500077492
500077405
500077270
500076478
500076452
500076956
500077599
500077953
498479154
500077170
500077440
500077202
500079511
500079578
500079059
500078054
500078166
499897854
491589001
500079280
500078245
500068875
500079152
500076804
500078925
500078283
476490185
500078298
500079656
500078554
500078593
500078795
500079308
500079171
499533892
500079221
500079663
500079571
500078669
500078713
500079027
500078690
500079509
500079067
500078945
498260275
500081252
500080287
500080412
325340006
500079503
500070181
500081042
500078531
500081445
500081139
500079995
500081441
500078975
500080506
500080437
500080614
500081131
500079968
500081068
338221001
500081082
500081168
500080819
500080808
500081172
500081128
500080102
500079817
500080959
500081270
500080277
500083060
500083103
499988600
500080559
499217600
500056064
500082350
500081899
500082258
500080278
500083044
500078351
500081526
500081120
500083108
500082107
500082731
500082736
493249811
500082061
500082542
500081301
498434775
500082023
500082599
500082009
500082359
498484229
500083311
500083920
500083247
500083167
500084276
500075047
500083784
500011586
500084128
500083837
500074209
342705090
500066945
500083910
500083442
500074336
500084400
500081530
481727569
311199484
498065784
496885664
500083637
499433008
499642305
500085468
500085123
500085749
500086097
500085114
500069465
500086184
500086028
500085901
500086082
500081696
500086060
500085172
500084556
500086115
500085850
500085183
500085949
341506212
500086006
500085391
500084907
500086005
500085136
500087191
500085683
477647279
500058854
499623043
500084314
500086902
500087135
497753474
500086596
500086620
500087231
500087220
497603174
500087280
500087023
500087162
500086353
500086736
500046793
499987758
500088367
500087602
475343520
500088355
500061787
500087555
500087524
500046743
499458615
477399245
500087769
500082551
500088082
500088313
500087762
500088089
500087727
500087548
500087457
499502181
500087414
500087984
500088188
500088139
499536381
500087792
500087624
500087670
500089074
500088868
500088495
500089065
500053156
500088507
497884220
500043940
500088750
500083353
500088681
500088619
498398444
500043536
500088555
500089051
500088679
500088445
500088783
500088801
500089066
325651064
500088511
500089931
500089930
500089693
500089325
500089381
500089870
500089620
500089218
500085734
500089852
500089326
500086878
500089873
500066677
500089471
500089809
323567654
500089538
499226100
500089522
500089148
500081147
500090473
500089410
500088704
500090018
500090446
500086876
500090318
500090190
500089994
500090121
500090915
500085962
498925349
500090750
500090923
500090235
500089227
500090848
500090647
499900625
500090644
299540255
495267156
500091154
500091068
500074660
500091216
500084174
500089377
500091179
500091059
500091108
500091006
500091409
500091321
499543631
500091447
498530853
500091316
500091682
500091929
500091562
500064076
500092119
500091846
500062524
500089943
500092074
500092076
497976029
500092394
500092150
500062773
500044529
500092309
500090796
500091449
500092299
292161189
500092218
492765719
500092615
500092538
500092194
500091286
500092515
493132595
500092409
500092566
500092749
500069069
500092763
500092476
500092256
500092735
500092759
500092740
500092668
500089384
500092709
500092639
500092788
500092900
500092899
498032443
500092911
500092848
500092905
498223611
500093077
500091093
500092972
500093148
500093213
500093112
499049044
498160493
481692582
499758659
500093172
500093152
476206584
490558096
500093088
477263598
500093181
500093196
500093131
500093109
500093341
500041937
500093354
500093475
500093473
300695537
487427980
473091131
500043782
481438217
499390883
500093571
499555631
500093673
500058505
500088444
500042343
488576422
500093869
500093865
499190420
500093830
500093839
500093987
500093972
499582881
500094122
499683228
499610937
500094343
500034752
500094303
500094195
500094555
500082754
342953338
500094480
500094506
488449532
500094794
500076621
500084825
500094627
500091850
500094947
500083561
500094665
500094914
500094792
500094745
500045282
500094730
499514685
498955864
500094960
329760760
500094791
498745856
500094694
500094950
500095280
500095330
500095086
500094995
500095203
500095290
332643844
500095056
500094968
500073743
500095402
500084593
495924141
500095583
500095414
500095686
500095459
499326871
500095692
500095677
500095490
500095976
500095779
500095970
500095921
334125010
500095952
500095904
500095717
500095711
332716761
500096369
500096366
500096236
500096325
500096365
500096119
499175483
500097247
500097242
500097215
500096860
500097270
500096494
500096692
500096925
500096800
500096881
500097011
500096532
500098666
500098032
500098497
500097748
500098768
500097597
500033749
500098007
500098674
500098558
500098488
500097124
500097958
500097530
500098124
500041169
500098476
500098850
500098714
500097975
500097961
500098214
500098363
500097442
500096818
500097780
500097686
285601480
500097336
500098459
500097798
500097357
500098884
500098382
500098518
500098355
500098450
500098278
500097632
500097759
500098329
499607721
500099283
500099990
500099988
500099566
500098578
500097374
500099460
500099115
500098956
500099689
500096470
500084226
500098015
500097853
500098569
500096793
500099938
264266964
500099778
500099063
498026733
500099644
497545451
500099518
500098926
500099470
500100513
500100499
500100985
500100941
499145166
500100021
500100097
500099208
500100408
500100600
499434657
500100763
500100549
500100928
500100171
500100430
500100731
500100271
500100530
500100993
500100049
497394549
500100552
500100244
500101038
500101006
500101661
500101863
500101731
500101865
500101508
500101097
500101300
500101157
500100678
500100122
500101109
500101515
500101313
500101401
500101219
500101258
500101722
500101248
500101326
500101744
500101814
500101850
500101750
500101519
500101360
500101293
500101075
500102680
500102292
500102509
500097463
500102204
500102205
500102676
500102210
500102818
500102705
500101606
500099714
500102804
500099077
500101451
500096752
500102076
500099787
500102566
500102766
309406368
500102213
500102681
500102025
500102734
500102480
500102070
500102240
500102284
500102235
500102183
500102494
500102397
500102319
500101978
500101158
500103367
500103559
500103975
500103580
500104219
500103903
500103811
500103902
500102916
500101365
500104110
500103984
500103864
500103179
500103086
500103709
500102387
500104167
500104165
500103156
500103604
500104013
500102885
500103020
500103742
500103466
498604014
500103973
499420622
500103923
500102877
500103421
500104003
500103173
500103942
500103233
499500372
500104788
500104402
500104568
500104829
500104670
500104649
500104272
500105217
500104840
500105379
500104650
500104489
500105153
500105418
500105392
500104475
500105280
500104977
500105257
500104991
498376926
494111205
499173214
500104422
500104411
500104615
500105076
500104635
500104901
500104642
500104365
500105432
500104623
500105232
500104522
500105452
500105368
498380787
500105265
499510018
500100276
500106405
500105927
500105748
500105900
500104926
500106053
500104913
500106539
500104576
500106313
500105912
500106531
500106375
500105713
500105599
500106021
500102288
500105845
500106551
500106013
500105609
500105775
500106352
500106108
500105717
500105512
500106051
500105989
500106346
500106438
500106528
500106357
500106243
500105486
500105796
472551890
500105998
500107322
500106818
500106685
500107551
500106918
500100877
500107141
500105857
500101675
500097320
499981052
500107466
500107696
500107438
500107507
500107612
500105784
500106733
500106852
500106970
500107622
500107528
500106773
495857243
500107336
500107417
500103461
500107506
500107636
500106730
500106632
499479897
500107461
500107090
500106672
500107715
337414867
500107469
500107083
500107661
500107589
500107659
500107627
494151673
494151599
500107560
500107413
500107307
500107334
500106742
500106928
500107081
500106576
500109011
500108307
500107767
500108591
500107765
500103299
500107595
500109188
500109069
500108258
500101984
500109177
500108847
500109164
500109155
500108587
500108672
500109158
499258555
500107956
500109108
310556836
294116686
500108079
500108344
500109205
500109162
500107874
500107852
500108608
500108296
500108217
500108206
497809342
500107774
500107769
500107773
500108560
500109083
500109182
500109150
500109100
500109062
500109020
500108727
500108810
500108071
500108526
500108403
500108321
500108382
500108222
500108141
500108167
500108147
500108111
500107849
500107902
500107867
500109790
499253162
500109362
500107456
500104354
500110449
500108151
500109517
500108219
500110026
500110440
500109386
500105204
500108230
500110432
500110380
500109602
500109452
327883463
500101009
310554840
500109692
498241809
500110312
500109814
500109497
500109886
500109333
500109525
500110117
500110115
500109524
500109959
500110158
500109505
474606653
500109289
500109252
500109541
500109657
500109605
500109493
500109236
500109284
500110762
500111432
500111067
500111187
500111430
500111244
500110573
500110704
500110311
500111476
500110655
500111020
500106589
500111148
492030444
500110040
500111351
500111117
500110587
310532615
498852209
500111431
500111316
500111094
500111081
500110531
500111216
499421487
500111040
499553318
500110986
500110529
500111344
326729808
500110944
500110868
500111192
500111487
500111355
500111348
500111210
500111225
500111032
500111206
500110815
500110569
500110580
500103222
500112278
500112989
500113084
500111810
500112643
500034850
500112986
500112875
500113074
500111808
500111394
500111546
500112575
500103028
500112257
500112828
500111242
500110666
500113041
500112837
500112602
500112747
500112653
500111525
500112799
500111562
500112940
500111720
500112158
500111719
500112992
500112519
500112922
500112529
500112444
500111963
500112200
500111570
500111584
500112218
500112499
500113082
500112415
500113040
500112954
500111600
500114179
500112460
498749025
500111556
500113708
500113406
500114062
500113866
500113584
500113437
500113491
500114341
500112740
500114114
496224147
500113527
498620940
500113271
500113388
500113578
500114288
500114255
495681165
500114321
500113651
500114011
500113660
500113531
500113276
500114153
500114115
500114003
500114835
500110163
500099334
500115014
500115335
500109647
500114710
500115190
500111868
500115035
500115069
500112311
500115495
500114684
329092862
500114894
500113301
500113144
500115508
500115395
500114389
500115026
500115527
500115010
500114793
500115055
500115075
500114463
311377292
500115132
500115048
500114883
500115061
500114864
500115163
500116154
500116089
500116063
500116356
500114030
500115615
500114503
500115660
500115217
500079012
500116397
500116382
500116369
500116150
500116375
500115741
500115685
500116214
500115959
474375251
500116072
500116286
500115826
500116342
500116251
500116341
500115627
499050017
500115778
500117194
500117179
500117536
500117401
495562573
500117770
500116219
500117352
500117030
500117946
500117842
500114107
500113862
500117767
500117291
500116031
500117050
500117585
500117819
500117361
500117682
500117653
500117506
500117180
500117279
500117793
500116861
500117140
500117878
500117269
500117071
500116997
500116679
500117881
500117311
500117615
500117149
500116644
500118669
500117540
500119007
500119006
500118884
500113988
500118752
500117214
500118718
500118848
500118967
500113882
500117589
500118391
500102414
500118336
500118241
500118975
280596906
500118973
500118782
500117978
500118823
500118806
500118370
500118578
500118101
500118512
500118847
500117995
500118379
500118534
500118452
500118171
500118184
500118112
500116526
500119470
500118664
500119076
500118412
498602661
500116190
500115028
500119576
500118384
500118120
500108544
500119588
500119884
500119523
499262472
500119292
500119241
500116891
500119947
500119848
500119649
500119107
500119901
500119323
500116323
500120688
500106892
500119262
500120650
500120819
500120348
500120746
500120071
500119448
500057058
500120698
500120768
500120543
500120176
500120424
500120265
500120706
500042249
500122403
500115851
500108926
500121979
500120691
500122095
500116070
500121407
500122181
500120987
500122179
500119365
500122398
500121677
500122191
269562928
500121113
500121023
500122424
500122381
500121169
498333435
500122139
500121859
500121227
500121187
500122070
484742972
487406791
500120870
500123310
500122668
500122709
500123392
500123339
500123327
500123122
500123673
500121363
500124038
500120073
500123158
500122733
500124014
500123224
500116964
500123760
500123633
318414178
500123564
500122735
289664133
498312868
500123555
500122814
500123939
500123651
500123589
500123832
500122753
500123011
303079438
305032521
500122882
500122964
485105863
500122785
500123324
500123856
500123828
500123602
500123473
500123152
500123040
500122974
490767903
500122707
500124687
500125039
500124641
500124335
500114552
500122630
500124110
500125001
500124994
500124693
500124967
500124555
500124820
500124707
500124551
500124993
500124426
500124452
500124160
500125620
500125201
500126321
500125652
500123144
500125732
500125591
500126531
500125464
500126550
500124600
494544726
325181176
500125521
500125385
500126083
500126372
500126162
500125819
500126354
500126328
500126165
500125461
500126569
500126122
500126116
500125985
500125639
500125161
500126303
500125407
500125872
500127700
500127188
500121939
500125197
499132949
500126775
499106969
500126152
500125818
500127794
500127779
500127493
500127776
500126626
500125770
500123445
500127029
333964963
500127696
500126836
498781272
500127605
500127731
500127521
500127538
500125986
500126701
500127006
500127789
500125321
500128668
500127291
500128215
500128183
500128392
500128887
500128346
500128623
500128467
500128866
500128299
500128114
500127936
500128772
500128850
500128176
499152380
500125835
500127720
500055331
500128421
500128259
500128791
500127909
500128313
500128542
500128105
500128121
500128569
497922432
500128787
497679760
500128424
500127943
500128414
500128046
500128996
500128942
500110125
500129234
500128568
500129440
500022115
500129616
500120508
500130062
500119778
500129603
500130078
500129719
500129472
500129448
500129561
500129983
500128876
500129242
490083927
500129830
500129197
500129975
500129907
500129262
500129297
500128685
500130830
500131151
493671802
500130708
500131470
500131215
500131267
500130422
500130138
500131314
500130890
500131389
500129338
500131347
500130982
500130389
500131154
500129794
500130392
500130894
500130722
500130680
500131565
500131506
496406968
500130598
500131261
500130769
500130336
500131442
500131399
500131547
500131651
500130846
500130600
498760409
500130802
494401547
500130771
500131598
327267030
500131521
500130541
500130736
500130747
500131494
500131035
500130575
500130688
500132621
500130916
500131830
500132564
500132109
500132377
500132772
500122609
500132870
500131174
500117125
500130940
500132128
500131121
500131927
498591429
500132829
500132108
500132686
500132839
500132806
500132654
500132726
500132464
500132166
500132085
497526625
500132373
500132616
500133254
500133320
500125079
500133226
500116716
498485752
500131391
500131741
500130569
500133508
500131224
500133709
500131297
497584245
492755453
500133519
500133437
500133356
500132990
500134796
500135353
500133466
500135229
500134240
500133592
500135093
500132065
500134329
500118075
500135210
500135308
500134154
500133947
500134077
500134415
500133901
500135072
500135248
500135347
500134442
500135137
500134832
322921000
500133893
500134588
500135282
500134126
500135058
500135261
500134878
500136013
500136575
500135403
500136432
499231941
500136610
500136311
500136532
500135815
500133978
500134841
500136496
500135279
500136062
500135522
500135379
500136371
500135509
500135485
500136114
500136251
500136139
500136106
500126202
500137136
500136858
500135558
500137600
500137547
500137290
500136276
500126255
500136803
500137529
500118807
500137034
500136373
500137150
500136155
500136149
500136120
500137088
495993942
265672083
500137472
500137396
500137299
500136724
500136971
498663778
500137637
498781224
500137438
500138642
500137832
500138665
500138456
500053781
500138615
500138237
500138656
500121271
500129014
500138529
500138014
499660600
500137932
500134282
500129877
500138066
500138141
500138131
500138171
500138598
500138200
500137958
500138178
500140129
500068825
500139955
498662691
500139686
497288196
500140128
500128989
486823704
500137454
500139863
500135381
500139430
500138876
500139063
500139749
500139618
500139374
500139415
500140168
500139662
500140189
500140125
500139499
500139945
499569171
500141199
500140713
500141440
500140247
500129805
356460178
500138891
500139274
500137103
500141395
475551436
500140201
500141269
500140041
500141384
500140630
495613995
500140342
499183737
500140743
500141359
500140846
500141005
500141049
500140851
500140814
500140721
500140611
500141219
500141210
500140427
498265402
500140389
500141390
500140843
500140400
500142117
500142683
500141607
500141823
500139506
500142662
500135617
500141590
500140198
500139595
500138101
500138844
500142623
500142405
500114467
500142161
500142361
500142417
500141805
500142403
500142256
500141613
500141594
500142188
500141848
500142173
500141623
486341885
500141985
500142140
500141956
500143490
500143817
500142612
500142974
500143321
500142812
500140401
500142216
500143770
500140254
500143376
500143747
500143289
500142810
500127449
500142779
500143465
500140962
500143628
500143576
500143291
500143267
500143067
500143207
500143485
500143334
500145275
500122938
500144179
500122755
500109355
500144474
500145342
500144904
500144677
500144583
500115141
500144331
500129044
500142233
500145273
500145008
500141336
500145147
500143588
500127929
267284217
500145311
500144127
500145074
499563475
500144598
500144243
500144469
499280852
500144057
500145356
500144288
500144420
500145059
497986721
500143952
500144950
500143878
500144537
500144617
500143972
500146373
500127138
492026674
500146245
500118777
500145448
500140309
500144371
500146612
500146556
500146536
500106828
500145823
500145646
500146033
500138321
500145692
500145207
500146240
500072954
500145441
500146481
500145486
500145782
500145748
500145902
500145415
500145857
500145581
500145789
500145527
500147067
500147096
500138169
500147823
500147611
500145974
500136979
500147502
500147381
496953580
500147793
500146457
500147644
500142795
479252473
500146519
500147344
313151739
500147454
500147014
500147812
500147597
500147565
500147243
500146830
500145054
500147622
500147826
500147822
500147028
500147236
500147234
500146815
500146697
500147832
500147297
500149081
500149279
500149410
499331811
500148619
500147590
500149396
500148145
500146360
500148992
500147190
500117711
500148605
500148521
500140676
500149350
500149208
500148336
500149327
500148268
498691347
500148063
500148919
500148691
500148173
500149188
500148983
500149183
500148580
499435446
500148652
500148587
500148996
497601648
500148991
500148944
500148333
493150121
500147979
500148976
500151084
500151014
500150463
500150556
500148178
500151514
500145495
500149983
500151116
500149265
500150175
500124489
500150020
500150503
500150401
500150727
500147983
498239343
500150046
500151562
500149961
500150594
500151018
500150992
500150750
500150127
500150839
500150464
500151513
500151595
497994040
500149446
500150638
500150284
500149529
500151473
500149570
500150960
500151383
500150056
500150431
500150722
500150203
500153086
500152566
500151677
500155281
500153105
500140022
500152343
500151937
500151491
500155010
500154209
500133100
500152341
500152956
500154498
500155098
500151972
500153096
499842465
500154492
500154367
500154723
499132397
500154245
500152553
500153426
500152176
500152220
500153571
500154793
500152652
500155124
500154573
500154454
499361644
500154329
500153218
500152655
500151934
495644462
495640549
500153672
500151799
500154499
500154582
500154550
500153649
500154378
500152790
500152018
500152795
500152188
475175455
500152000
500154319
500152414
500154140
500154236
500153950
500153805
500153751
500153440
500157295
500125377
500156367
500156923
500156494
500152095
500156216
500156889
500155647
500156569
500157121
500157041
500156312
500154789
500157289
500157151
500155526
500152065
500150482
500157234
500157296
500155306
500151991
498800896
500156940
500157252
500155398
500157333
500156150
500156841
500155827
500156934
500156157
500156853
500155396
500155623
500155784
500156951
500156450
489959719
500157363
500155701
500157177
500157102
488178100
500158863
500158443
500157798
500157438
500153065
500156306
500159072
500152712
500158412
500158816
500158398
500159047
500156984
500158539
500144717
500117722
500156661
500159113
500155844
500159060
500158814
500159085
500157959
500157626
499081915
500159147
500158720
500158923
337394949
500158704
312029384
500157957
500157587
500157868
500158876
500157715
500157652
500158524
500158690
500158441
500157418
500157914
474355222
500158387
500152365
500158815
500146792
321374910
500160407
500158366
500160110
500159256
500160003
500160422
500160543
500159606
500160449
500159302
500159738
488662394
500160549
500160326
500160102
500160489
500159886
500159497
500159500
500160417
500159699
500159471
500159890
500159241
500160385
357347985
500161911
500160071
500161078
500160848
500161652
500162639
500159530
500151121
500161132
500162814
500161190
500157491
500162762
500162751
500161263
500162453
500161798
500161527
500161031
500161570
500161180
306148114
500161068
500160800
500160700
500161846
500162842
500162397
500162246
496983988
497099832
497130546
500160928
500161878
500161371
500160669
495770177
500161153
500161787
500162236
500161760
498394585
498963778
500162315
500161732
500162676
500161706
500163398
500163603
500162613
500164543
500164365
500164176
500104125
500033027
500155795
500155032
500161199
500164208
500163785
500163184
500163298
500163571
500163017
500163613
500164012
500163097
498762321
499324092
497019403
497066465
497077060
500164425
500164232
500164005
472798337
345074755
499472655
500163938
500163235
500165090
500165865
500166255
500164977
500159681
500163268
500165946
500165344
500140361
500133125
500166201
500160951
500163947
500165565
500166196
500165863
500165017
500165707
500164982
500165997
500165679
500165569
500164866
500164961
500165761
500165459
500165071
500165404
499571376
500165383
500165206
500166002
500166118
500167053
500163921
500160890
500167447
500166016
500165867
500166940
500166340
500166085
500167124
500165103
500167377
500166892
500159664
500167405
500166777
500166905
500167437
273175701
500166623
500166311
500167373
344240524
339849223
498042480
499357070
500166672
500166372
500166479
500167276
500166930
500166557
500166476
500166872
500167283
500166893
500166708
500164016
500169197
500163796
500168840
499573302
500167854
500169530
500169066
500167202
500167539
500169502
500164859
500167555
500165734
500169453
500168757
500169433
500168901
500167823
500168521
500168880
500168939
500169210
500168729
500168709
500167886
495776835
500167671
500168537
500168471
500167954
500168882
500167653
500170269
500170302
500138680
500056864
500170411
500167516
500167318
500165138
500168145
500147178
500138682
500170868
500169757
500169744
500169567
500170716
500170857
500170735
500170506
500170073
500170351
500169579
500169922
496630183
500170897
500169648
500168068
500171692
500172120
500152696
500123077
500171747
500172096
500171639
500126028
500172288
500171883
337921765
500171306
500172199
500172268
500172243
500171803
500172041
500171653
500171294
500172018
500171807
500171446
500112610
500171290
500153400
500163954
500173332
500173415
500110748
500173331
500161004
500042940
500173154
500164271
500173079
500172899
500173333
500173032
500172732
498429688
500172752
500172503
497318468
500172590
500173108
500172603
500174664
500174936
500174138
500174593
500174420
500171025
500174340
500174897
500174848
492889527
500151223
500174857
500174337
500174637
499479329
500174004
500173529
500173774
500174356
500173626
494194360
500175706
500173694
500160787
500171901
499255766
500175257
500168424
500175666
500173511
500175452
500175814
500175792
500175678
500175416
500176033
500175027
500176003
500175361
500175243
500175200
500175891
500175584
500175918
500175871
499045359
500175659
500176247
500176116
500161332
500174127
500176294
500176784
499405800
500172861
500132653
500176352
498311452
500176449
500176130
500176545
500176293
500175776
500176652
500176238
498790173
500176512
481840875
500176169
500176301
500177183
500177474
500176973
500176723
500177013
500177421
499051679
500174512
499307164
500176398
500033519
499063662
500177442
500177080
500177319
500178101
500152408
500176292
500177587
500177205
500177826
500177940
487158277
489549886
500177887
500178029
500177964
500177597
500177726
500177705
500178425
500178163
500178432
500178527
500178498
499900258
500123452
495336951
500178398
497262219
500178357
500178315
500165578
500179221
500168905
484714753
500179096
500179112
321996745
264611150
500179156
500178828
475857069
500179763
500179619
500179339
500039431
500175219
500178743
500179604
500179292
500179240
500179464
499202195
500179883
500179871
499372541
500180060
500180238
500180100
499941213
491125864
500180086
500178290
500180264
497689148
500161594
500178624
500180101
500180313
500180127
500180360
500147968
500178962
500160920
500180588
500180610
494599778
496566561
500180624
500180596
500177260
500180728
500155939
500166046
489411263
500180651
500180706
500180691
500180656
500180819
500180808
500180804
500180794
499332503
500180798
490310126
331685011
500180948
500180902
500180996
494122823
500181003
499134799
500181032
500180998
500181031
500181081
489955928
500181220
500181195
500181186
478680580
500181194
500180153
500181277
280230441
500181338
487437822
500166076
500181394
500179239
500181386
500181501
500181542
500181561
495140040
499220657
500181482
500181678
500177119
500181602
500059142
500152857
500181690
500181747
500181941
500173715
500153752
500182053
500181995
500182033
498601530
500182229
500182157
500153477
498453678
498557774
498623514
498658202
498744611
500171789
498768076
499773245
498744552
498768155
498823646
498872857
499362768
498658449
498744788
500071469
500182560
500182412
499627659
500182605
500182639
500175266
500116557
329820861
500182369
500182498
272744452
500182355
500182645
500182441
500182428
500182723
500182847
499262684
500182844
500182769
500182848
500182745
500182730
500161786
499416451
500183114
497774683
500183057
294073273
500183033
500182960
500183077
500140610
499357419
500183246
500183346
499125567
500183358
499507600
500183328
500183488
500183666
500182752
499271517
500154421
500183698
500183695
500183494
500183466
500184347
500184319
500184066
500184019
500184350
500183837
336262270
493351214
500183993
500184065
500184335
500184464
500183853
498645237
500184409
497531223
500183975
496667681
500184229
500184148
500184979
500178248
500184849
500182789
500184535
500185087
500184861
500184565
500185102
500184573
500184556
500184687
500184661
496997479
500185021
500184845
500184568
495139965
496733075
500184588
500184123
500184719
500184504
499020754
500184780
500184918
500185562
500181706
500185365
497238589
500185804
500185561
500185546
500185585
500185037
500150141
497378331
500154709
500185754
500185494
500185089
500185367
500185560
500185612
500185383
500185610
500185296
500185724
500185821
500185317
500185594
497617343
500185219
500186643
500186188
500186510
500185895
500130822
500186343
500186434
500186023
500161554
500186624
500186601
500186593
500185331
500186555
500185900
500186444
500186402
500186147
500186234
500186304
500186481
500186504
500186447
500185884
500186296
500185490
500187228
500187377
500187298
500186887
500186699
500187364
500167867
474596201
500187358
500187350
500184887
500115903
474334968
500186789
500187124
500186711
500186730
500187384
500187341
500187131
500186844
500186770
500186751
500186908
500186870
500187275
497982708
500184640
500187595
500186464
500188137
500176367
499101647
500188047
500188129
500187575
500187881
500187432
500188144
500187499
500187559
500187777
500187463
500187628
500187452
500188063
500188780
500187914
500187386
500187975
500188024
500188004
500188746
500144464
500188327
500188353
500186466
500188630
482928182
500187985
500188321
500188733
477400139
500188666
498542055
500188472
500188811
500188799
500188458
500188365
500189385
500189856
500189309
500188976
500189554
500172612
500189367
500189896
500189835
500189736
500187966
500189080
485578021
500189855
500189847
500189824
500188908
500189615
500189776
498905379
500189525
500189157
499167581
500036283
500180306
500189217
500189134
500189440
500189663
500189189
500189619
500189378
500189759
500189654
500189657
500189304
500191151
500184127
500190269
500190166
500191064
500190229
500189107
500190838
500186774
500191113
500190991
500191097
500190964
500187480
500190483
500190625
500190007
500190910
500190135
500191058
500190388
500190770
500190123
500190324
500190659
500189923
498524699
500190459
500190039
500191568
500168232
498631039
500192107
500190230
500191788
500188565
500192010
500191414
500191931
500191518
500192044
500192097
497208771
500151882
500191367
499665098
500191924
500191781
500191630
500191350
500191259
500191591
500191717
500191661
500183868
500168721
500192172
499144956
500192925
500192508
500192875
500192699
500192869
500190524
500192306
500192281
500192455
500192688
500192652
500192910
500192737
500192244
500192814
500192723
500192355
500192158
500192316
499408754
500192302
500192265
500192370
500192748
500192896
500192775
500193700
500192625
500193769
500191217
500193664
500194272
500193674
500193342
500194103
500193638
500193663
500193300
500193153
500193334
500193755
500193768
500193838
500193546
500192976
500194253
500193240
500194040
500194093
500194090
500195293
500195395
500195152
500195345
500148543
500194504
500190818
500195307
500194089
500195357
500191694
500193034
500194881
500194764
499285490
500193217
500194323
499303408
487624667
500194564
500195057
500195324
500194332
500195155
500194871
500195203
498826554
354398837
500194759
500194620
500195199
500194414
500195121
500196475
500194241
500189723
500196179
500193995
500196409
500196448
500196420
500194025
500195178
500195600
500193890
500196095
500195938
500195549
500196193
500195590
303404382
500195653
500195599
498548125
500195885
500196358
500195431
500195636
500195719
500197039
500156983
500197181
500197171
500197037
500196570
500197012
500194681
500194478
500140588
500196983
500196662
500196917
500195997
500195578
500197102
304524818
500196529
500197143
500197136
500197127
500196499
499595878
500196977
500197018
500196925
500196920
500196640
500198186
500197861
500196718
500198380
500198054
500193152
500198494
500198142
500198485
472654979
500196611
500198457
500196805
500197636
500197689
500197621
500197919
500198180
500197783
500198039
500197191
500198184
500197903
500197367
500197259
500197947
500197924
500198216
500198156
500197423
500197858
500199056
500198253
500192422
500199568
500198555
500197862
500197681
500199394
500145183
500198237
491822497
500198924
500199392
500138018
500199201
500198792
500199485
500198676
500198556
500199307
500199457
500198772
500198576
500198682
500198781
500198911
500200413
500195928
500200421
500199766
500190189
500200468
500198049
500198722
500199761
498536617
500199717
500200334
500200347
500200205
499670227
500199679
500200487
500199822
500201409
500201286
500200375
500201444
500200087
500201441
500201324
500201062
500201343
500201436
500201433
500198652
500196483
500198804
500201398
500198913
500196945
500201396
500200731
500200759
500201154
500200611
500199891
500200904
500201404
500201274
500201302
500200782
500201442
500201200
500200778
500200751
500201086
500202291
500202284
500202689
500201943
500202646
500202179
500202615
500198720
500195011
500201585
500202330
500202674
500202576
500201577
500202552
500202700
500202508
500202482
500202088
500201777
500201667
500201712
500202416
500202647
500202333
500201715
500201713
500202941
500203604
500202747
492290502
500203454
500203408
500203646
500201319
500202445
500201955
500203561
500203334
500201754
500203614
500203310
483793419
499540203
499193462
500202717
500202713
500203433
500203388
500203288
500202847
500202754
500203021
478439123
500204000
500202018
497688654
500204644
500204335
500204550
500204628
500203807
500200199
500204007
500203061
500204236
500204076
500202944
500204567
500204184
298023004
473416566
500204607
500204487
500204401
500204307
500204105
497261414
500204502
500204044
500205145
500204450
500205180
500205200
500205257
500204670
500205307
500202744
500205322
500203843
500139070
500205282
500205042
500205054
500204913
500204824
500204679
500205012
500205229
336178256
500204809
500206545
500206327
500205906
500206262
500206485
500193086
500206780
500206007
500206553
500206151
500206444
500206885
500206232
500204310
499684167
500206873
500206027
500206735
500206732
500206837
500206855
500206318
500206486
500206495
340116136
500205500
500205928
500205877
500205969
500206772
499653833
500205760
494210616
500206466
500205999
500206383
500205873
500205741
500205740
500205564
500206782
500205795
500205553
500205866
500206246
500205368
500207021
500207091
500207199
500187716
500208075
500207615
500207589
500205790
500207802
500207696
500207293
500207932
500207925
500207272
500207179
500208094
500206669
500206961
500206014
500207710
500207805
284771975
500207417
500208077
500208038
500207545
500207311
500206966
500207671
500207392
500207176
498659582
500207045
500206988
500207280
500207459
500207623
500207741
500207208
500206960
500203520
500198806
500208996
500208748
500206367
500208346
500208247
500209016
500208316
500208729
500208604
497723067
500208874
500020501
500207899
500209170
500208534
500208667
500209208
500208979
500208333
500208179
500208065
500209123
500208895
500208393
500208252
500208665
500208840
500208542
500208460
500208266
500208707
500209265
500209112
500209122
498627816
490842848
494483498
500208018
500208911
500119089
500209559
500208633
500209665
500209212
498492464
500210115
496835356
500209531
500209975
500209491
500209231
500208259
500209695
500210063
500208956
500209707
500209894
500209605
500210188
500210014
500209969
500209606
500210136
500209572
500209388
500209529
500209771
351143960
500209310
500210041
500210007
500209786
500210731
500210081
500206082
500211522
500203128
500211273
500210884
500210809
499654813
500211498
500202725
500211480
500211474
500210378
500210621
493652974
500211438
500211327
500210467
493793448
497586388
500210821
500211121
500211313
500210479
500211140
500211046
500210736
500211431
500211266
500210895
500210888
500210567
500191440
500211752
500212202
500212317
500211022
500211773
500212146
500206311
500212328
500212577
500212624
500210795
500211638
500212527
500211415
499077225
500211580
499455600
500211724
500211994
500212217
500212561
500211830
500213460
500213585
500213331
500213500
500213350
500213322
500213271
500213365
500212257
497425537
500121591
500213265
500213536
500212799
500213120
267318636
500212786
500213104
500213086
500199555
500213522
500213253
500213369
500213348
499663512
500213745
500214113
500214162
500214300
500213608
500214225
500212340
500213458
500213882
500214333
500214525
500214323
486881333
500211420
500213663
500211604
500213278
500214837
500214328
500214826
315709603
500214095
500213626
500214815
500214589
500214185
500214720
500214584
500213868
499058926
500213854
500213664
500213620
500214731
500213613
500214832
500214595
498921270
500213865
500213985
500214885
500214343
500213730
500215296
500214648
500216217
500215358
500197548
500215098
500214505
500215746
500215460
500215050
499115352
500215253
500214938
500205571
500215694
500216071
500216186
500215165
500215241
500215292
500215865
500070125
500216020
500215942
500214973
500215348
500216137
500215019
500215477
500215877
311855834
500216152
500215802
491776319
500215405
500215065
500215780
497598547
499424488
500215469
500216229
500215304
500215585
500215246
500217322
500213609
500216243
500215272
500216363
500217310
500217308
500216765
500211149
500190869
500216435
500216735
500217062
486991353
497720219
500207885
500216714
500216424
500216864
500216364
500216694
500216379
500216304
500216850
500216996
500216562
500216852
500216653
500216933
500216755
500216585
500217163
500217676
500218142
499616341
500217798
500217543
500218136
500212462
500217456
500214995
500217674
499588721
500217665
500217793
500217694
500217402
500217773
500217738
494834241
477892125
493563461
495669277
500216957
500217663
500217530
500217335
500217901
500217875
500218055
500217591
500215987
500091438
500218654
500219571
481556142
500216537
500214439
500216453
500218421
500218466
500218473
500218192
500219380
500218435
499446479
500219531
500219275
500219210
500219485
500218995
500218187
500218814
500219183
500219165
500216977
500220119
500219146
500220694
500218523
500220321
500219867
500218195
500216517
500220486
500218784
500218658
500220638
500220505
495244302
295942399
500220411
500219933
500220503
500219834
500220289
498416606
500219830
500219592
500219790
500220358
500219749
500220784
500207850
500217836
500221001
500190952
500221444
500219793
500221065
500218580
500221493
500221577
500221339
500220989
498481039
500221017
500222041
500222017
500222154
500222406
500222141
500217791
500221170
500221828
500221737
500221888
500222340
500221640
500221275
500219292
500221992
500222237
500221669
500221990
500221931
500221771
500221686
500221794
500222071
498389507
500223380
500149086
500222751
499174119
500222458
500221834
500222840
500223651
500220064
500219265
500223547
499908564
500218294
500223395
500222749
500222900
500223655
500222859
500223750
496363838
500222581
500222959
500223119
500223568
500223776
500223577
500223535
500223515
500223139
500223446
500222934
500222647
500223353
500223448
500222720
500222923
500222594
500222502
500223780
496670317
500223469
500222914
500222622
500224212
500224335
500224777
500224547
500224298
500224219
500224634
500210826
500224396
500224460
500223339
500224546
500224176
500224821
500221824
500216593
500224227
500224753
499087904
500224748
500224776
500224110
500224769
310847194
500224476
500224685
500223829
500224436
500224499
500223850
500224467
500224348
500224625
500224334
500224124
500225177
500225813
500165627
500221617
500224071
500225507
500224010
500215265
500225658
500225790
500220352
500224464
500224854
500225033
500225736
500225695
500225255
500225257
500225227
500225225
500224990
500225048
500225653
500225212
500225142
500225156
500225585
500225642
500226585
500226447
500226657
500226274
500226242
500226605
500226459
500226066
500203285
500225950
500225885
500225917
500226238
500226550
500226544
500226494
500226473
500225875
500226233
500226559
500226621
500226601
500227956
500227955
500227772
499792739
500225298
500227111
500226567
500227104
500226037
500227972
500226455
500227794
500223044
500227952
500227499
500227356
500217987
500227993
500227802
500227852
478472540
484387548
500227518
500228019
500227865
500227858
500227120
500227113
500226850
500226766
500227654
500227888
500226768
500227913
500228481
500228181
500228745
500228863
500228130
500228542
500226587
500227560
500228782
500229049
500228358
500227495
500228274
500229081
500229080
500228611
500226178
500227355
500225079
500228636
500228860
500229093
500228309
500228607
500229121
500229059
500228529
500228282
500228692
500228138
500228944
500230037
500228543
500224367
500229267
500229145
500230199
500230124
500229143
500229160
500229580
500227738
500224242
500230072
500230034
500229760
500229447
500229706
500229323
500230023
311024104
500229411
482764664
301428463
500229193
500230222
500230066
496856225
496746390
497292755
497394402
497699286
500232236
500232940
500232485
500233133
500233131
500231889
500230957
500231193
500232405
500231841
500229814
500232821
500231245
500103128
500219851
500232634
500229256
500230859
500232105
500231661
500232868
500232666
500232351
334977291
344743748
500231417
287401665
500233136
500230881
500233105
500231181
500232635
500230609
500230659
500231088
500232244
500230844
500231365
500230700
500232173
500232074
500230797
500230427
500230339
500230359
500234158
500228363
500234397
500234152
500233374
500234591
500231542
500234902
500234666
500234455
500234882
500231013
499148728
500234676
484004157
500230547
500230678
500233477
500233562
500233495
500234494
500233392
500234785
500233976
500234328
499174484
500234233
500234706
318542681
500234283
500234521
500234658
500236273
500235920
500236143
500231019
500234386
500236104
500235534
500228436
500235832
500235413
500234360
500235708
500235031
500226199
500235338
500217013
500235943
500226954
500236020
500235532
500235487
500235623
497796932
500235491
500235808
500235570
500235824
500235729
500234997
500235209
498722590
500235282
500236817
500237267
500237365
500235278
500098761
500236506
500237453
499358875
476238001
500235219
500231742
500237177
500236566
500235781
500236552
500236988
500236940
500237123
500236740
500236306
500236533
500236433
500236546
500237424
500237344
500236989
473297265
500237251
500236969
500237042
500238143
500199864
500239153
500238257
500236869
498188030
500239108
500239093
500238268
500238972
500238059
500238918
500237896
500238506
500238944
500233186
500239020
500238864
500237892
500239002
500237871
500238248
500237800
500238537
500237847
500238113
500238811
500237920
500237761
500237726
500238484
500238365
500239006
497553544
500238917
496787230
500238857
496689336
500240178
500236525
500236859
500240645
500240220
500237935
500240239
500239636
500240341
500240588
500239257
500238928
500231785
500239372
500239723
500239780
500240417
500239265
500240485
500240408
500239986
500239882
500239209
500239544
500240403
500239717
500241663
500241693
500237360
500241576
500237518
500241301
500241793
500240228
500236545
500240797
500240918
500241495
500240831
500240991
500241139
500240897
499310107
500241274
500241154
500241667
500240817
489729895
341518533
498605974
500242289
500231254
500242150
491678589
500242736
497228466
500241857
500238514
500230744
500242591
500243277
500241956
497206943
500242613
500243002
296082706
500243301
500241816
500242667
494939357
500243336
498346516
500242558
500243254
498345643
498352166
489693596
500241921
494369607
500243119
500242646
315279133
500243112
500242195
500242788
500243068
500243299
500242223
500242922
500243521
500244700
500244784
500244976
500242655
500243079
500244968
500244285
500244957
500241590
500244946
500236996
500243954
500244406
500243827
500099343
500234419
324933674
500243230
500244173
500244889
500243647
500225086
500244764
500244136
500244247
500243592
497723931
500244179
333089085
500243709
500243383
314819851
500244281
500243362
500244873
500244859
499248616
500244557
500243443
500243542
498447392
500244509
500244436
482477035
500243651
498359903
500244701
500244694
500244693
500243806
500246631
500246487
500245569
500245373
500245482
500246166
500242724
500246196
500246405
500245819
500246477
500246160
500245484
500245718
500246207
500246553
500245092
500245737
497187851
500246452
500245589
500246256
344078407
342818962
320631291
271860015
500245709
500245338
500245375
500245771
500245146
500245074
500246439
500247275
500246156
500245731
500246427
500246820
500246484
500247638
500239334
500247843
500247361
500247624
500247848
500246011
500207855
500146707
500247169
500246821
500246880
301644885
500246766
500247128
500246967
500247459
500247467
500247297
500247430
500247684
500246839
498497815
500247417
500246724
500247404
500246860
500247882
500247794
500247312
500248524
500245141
500249136
496263709
500248710
500248642
500249235
500249764
500248727
500248127
500247963
500249057
500248933
500249648
500248250
500247603
500248097
500249157
500247998
500248566
500249405
500248955
269215173
500248057
500248823
500248055
500248833
500248508
500235569
500248952
500249054
500249120
500248896
500248353
500249789
500249232
500248273
500248355
500248243
500248631
500248038
500247938
500251160
500251363
500250927
500249503
500251350
500250468
500250288
500251183
500248396
500248385
500085175
500251312
500239464
500251099
500249943
500250975
500250378
500250064
493410142
500250327
500250284
497954963
500249929
500251318
498058902
500250332
500251348
500250530
499163558
500251270
500250079
488649925
495880938
500250333
500250841
342651820
498992263
500250163
500252399
500252381
500251388
500250013
500223303
500252447
500248115
500252234
500247658
500145129
500252164
499691474
499607822
489571730
500251604
500252499
488209745
500251386
500252645
500252177
500251888
496956204
500251489
500251390
500251488
345996807
500253389
500253076
500251456
500252790
500252042
500253481
500251671
500253488
500253387
500253452
500242957
500253255
500253679
500252974
500252968
500241338
500253384
500253464
500253749
500232858
500254865
500207317
500250186
500255127
500255595
500254994
500255213
500255578
500247872
500255571
500225937
500254148
500254988
500255368
500255017
500255177
500253946
499004661
494641471
500254134
500254944
500254244
500254369
500254442
500255476
500254025
500254733
500254298
500256541
500255707
500256835
500075910
500255909
500255285
500256934
500256262
500256916
500210613
491148929
500255649
500256497
500256815
500256769
500255702
500255653
500256491
500255652
498748977
500255645
500256846
500255711
326582606
500256426
500251092
500243497
500257889
500257297
500253117
500257724
335211369
500257583
500257507
500257336
500257986
500257065
500257230
500257713
489702939
500258040
500258325
500258688
498737058
500025818
500258665
500258644
500250419
500028893
500258625
500258605
500258677
492647910
500258162
500258385
500256912
500259495
500259409
500258961
500258788
500259045
500259048
500259386
500257851
500238219
500257475
500258898
500259299
500259496
500248756
500259358
309516351
493521230
500259120
500259601
500259520
500259423
500257307
500259375
500259774
500260123
500259725
500259847
500259347
500260096
486162662
500259724
500260533
500260818
500260831
500258770
500260673
500260797
500260802
500260454
500261227
500260944
492021005
500261282
500261693
500261568
500261870
500260952
500261724
498905345
500261447
500261883
500261886
500262396
500262314
499242969
500262345
500262325
500262294
500262208
500262071
500261983
500262313
500262306
472730956
500262765
500262507
500262563
500262734
500262547
500261079
500256624
500262645
500262453
476856571
492951026
500262702
500261918
493582704
500260578
500260951
500262865
500263243
500263009
500263043
500219055
499119568
500263448
500263392
500263486
500263404
500260008
500263327
500263446
500263285
500263613
500263663
500263645
500259400
499005152
500263567
500214315
500253557
490407896
337994506
500263902
500191166
500229425
500264140
500198260
500193589
500198577
500264037
500212456
498801041
500234512
500264174
500264198
500264325
500264344
293974881
500264363
328779388
500264475
498117416
500000337
497883924
489737407
343636283
497166260
353830644
500265003
500265183
500265081
498699217
500265130
500265489
500265483
494537428
500265372
500265504
500265568
473690907
500265934
500265728
500265921
500263275
500265905
499388879
500265737
322140246
499381524
500266091
500266054
500266071
489651333
500266101
500266270
500266252
500266203
500266294
500266466
308639936
500266633
499682002
500267012
500267019
499445374
500266913
489571841
500267148
495725630
500266768
500266841
500267235
500267014
500266942
490001185
500266743
500265977
500267022
500266846
500267519
500267635
500267464
500266867
500267675
500267428
500267809
500267670
500267739
500266816
500267450
500267918
500267430
500265222
500267500
500267440
499262935
491229358
500267505
500267976
500224321
500268258
500268108
500267973
500268197
500268140
500268090
500268125
500268049
481635117
500268073
500268761
500268422
500266708
500268885
500268515
500268383
500266869
500268693
500268418
500268390
500268359
500268651
500268572
500268648
500268559
500268767
483822982
500266756
500269608
500269487
500269099
500269155
500269546
500269283
500269434
500269507
500269281
500268976
500269033
500269327
500269198
327028578
500269226
500268967
500269598
500269101
481331491
500269993
500270297
500269656
500270034
500269621
500216373
500270245
489053309
500269976
500270254
500270136
500269748
472891103
500269647
498991682
500269815
500270185
500270237
500269947
343034666
500269704
500270766
500270837
500270658
500270612
492070532
500270365
325701628
500270868
500270432
500270448
500270322
500270398
500270693
500270850
500270751
500270622
500270307
500271231
500271688
500271618
500271254
500271234
500271674
500256017
500270521
500271658
500271644
500271310
500271511
500271631
500267486
500270994
500270919
500271592
500271128
500271664
500271297
500271230
500271020
500271385
500270996
500271560
500271138
500271120
500271221
500271039
500271956
500271974
500272381
500271861
500272546
500272538
500271860
500272354
500271904
500269997
500272360
500272470
500272306
500272443
496991156
500272189
500272419
500272102
500272571
500271800
500272048
500271991
500230423
500273357
500272902
500272619
499941810
500273343
500273140
500273316
500273308
500272796
500273282
494965457
500273072
500273275
500272904
500273257
500273297
500273130
500273062
500272797
500273228
500272754
500272970
500272749
500273005
500272614
500273054
500273900
500273962
500122653
500274046
500273535
500273401
500272626
500273969
500271898
500273897
345052285
336077309
500273388
500273756
500273881
500273598
500275480
500275812
500274119
500274539
500275126
500275028
500275978
499555472
500275537
500271951
500275308
500275237
500275921
500274942
500275384
500275278
500275884
500274714
500275784
500274448
493786672
304029020
500275449
500275887
500274747
500272228
500274911
500275924
500275684
500274562
500274161
500274954
500274266
500274586
500273501
497688731
500273588
500276738
500275504
500271765
500274433
500276699
500275485
500276526
500276909
500276591
500276003
500276514
500276389
500274947
500276825
500276419
500212755
500276973
500276227
500276789
500276885
500276216
500276453
500276642
500276646
500276319
500276294
485443377
500276813
500276886
500277328
500276347
500277758
500277700
500277532
500277826
500277824
500277728
500273606
500276613
500277802
500277798
500277245
500277718
500276601
500274134
500277181
500277331
500277713
490181206
500277750
500277116
500277575
500277674
500278398
500278784
500277935
500275319
500276566
500277260
500278514
500278070
500278403
500256193
500277600
499655989
477877632
500278683
500275558
500278109
500278577
500242099
500278621
500278101
500278340
499268446
500278054
500278534
500278518
500278241
500278547
500278087
500278276
500279254
500280024
500279841
500278823
500278033
500279394
500279079
500280267
500280039
500280259
500276940
500280223
500279914
499354982
500279676
500279704
500279156
500279794
500280080
500279458
500280234
500279423
500280095
500279877
500279076
500278971
500279399
500280255
500280175
500279504
500279047
500279493
500279748
500279182
500278945
500281367
500280660
500276407
500281144
500280952
500279440
500280046
500281298
500280374
500280867
500280367
500281121
500280349
500281173
500280730
500280889
500280840
335854257
500280328
500281153
500280782
500280344
500280842
500280404
500281718
500281858
500282162
500282302
500281087
500281543
500282365
500282019
500281565
500281552
500282308
500281805
500282095
500282790
500283138
500283035
498416075
497445861
500282636
500282578
500282584
497795291
500278956
500283044
500280992
500283086
498877460
500282774
500282947
500283144
500283124
500283946
500283359
500284135
500282446
500283718
500283658
500283309
500283647
500283150
281885516
274237154
274076646
500284084
500283269
500283344
500283521
500283594
499421526
500284252
500283721
500283609
500284956
500281007
500285110
500285283
500284427
500277362
500284718
500285299
500284761
500285162
500278264
500270400
500284570
500284799
500285334
500285147
500284563
500285281
500285154
500284968
500284923
500284555
500285121
500284821
500284596
500284434
500284805
500285174
500284921
500284665
500284529
500286339
500285890
500286328
500286320
500286312
500285680
500285725
500285572
500285922
500285868
500285686
500279291
499666939
500277074
500286370
500285817
500286288
500286200
500286127
500285583
500285411
500286152
500285836
500285728
500285426
500286225
500285989
500285785
500285550
500276524
500287000
500286497
500286606
500286481
500287131
500286421
500287025
500287109
500284922
500285960
500286770
500286073
500286905
500285616
500136366
500286869
498076577
500286896
500286685
500287094
500286731
500286540
500287148
500286935
327181427
500287129
500286864
500286568
500286817
500286584
500288524
500287875
500274416
500288456
500288532
500287908
500287863
500286940
500287579
500287928
499603000
500287395
500287734
500286607
498286818
500274323
500288347
500284713
500288581
500287421
500288174
306005056
500288493
500287681
500288122
500288161
499104946
500288279
476628031
500287656
500288508
500287759
500287573
500289816
500289966
500289973
500288839
500289133
500289915
500289736
500287241
477164902
500285138
500288833
500289929
500289682
500289635
500289648
500288982
500289874
500288764
500288940
500289351
500289784
500288696
500289228
500289428
500288955
340578269
500289101
500288963
500289986
500289529
500290430
500287519
500290208
496071429
500290748
500290151
500284221
500290461
500290291
500290034
500287989
500281453
500290065
500290937
500290300
500290910
495284885
500290410
500290915
498491829
500290596
500290647
500290479
500290397
500290469
500290776
500290289
500291817
500291348
500291813
500291645
500288772
500291304
500291189
500291757
500291675
500291789
500291465
500289868
500283700
500290201
500289295
500291417
500291529
500291801
500291709
500291693
500291096
500291514
500291642
500291088
500291553
500291110
500292709
500291830
500292895
500291901
500292786
500292930
500292889
500292537
500292060
500292906
500292373
500292850
500292654
500292447
499836347
500292505
500292552
500284817
498384641
500292073
500291906
500292560
500292234
473782492
500292492
500292198
500292275
464387538
500291925
500293690
500293637
500293624
323307803
500293803
500293188
500293760
500293336
500293179
500293555
500292987
500292448
500293758
500293230
500293700
488474989
500293094
500293752
500293684
500293530
500293197
500293224
500293200
500293057
500293141
473573448
474725094
488934774
496683857
497680301
500293464
500294293
500293993
500294377
500294483
500293963
500294387
500294430
500294439
500284572
500244465
500285934
500294518
500294206
500294434
500293950
495497697
500294533
498115686
500294389
500294090
499311096
500295212
500295435
500295014
500293842
500295404
500294022
500295350
500294755
500295099
500295229
500295355
500294873
500294689
500294898
500295221
500295344
500295275
500294951
500294664
500294882
500295363
500295345
500295081
500296604
500295597
500296008
500296302
500292318
500296474
500296738
500294875
500296184
500296182
500289377
500296088
500296446
500294955
500295886
479316330
500289013
500295459
500296025
500296250
500295821
500295587
500296787
500296440
500296719
500296473
500296389
500296756
500296559
329718042
500296498
500296480
500296505
500295959
500295986
500297863
500297750
500297012
500297003
500297912
500294997
500296115
500297952
500295837
500297492
500297694
500297523
491854648
500297496
500297706
500297669
500297762
500297301
311012905
500297551
500297334
500297000
348955400
332920937
500296887
500297084
500297441
500298551
500298894
500298724
500297231
500298820
500295053
500298659
500298158
500298205
500298326
500298548
500298333
500298622
500298822
500298365
500298340
500298058
500297987
500298016
342294018
500298098
500298896
345149744
498359792
500298052
500299134
500299718
500298675
500297683
500298512
500299403
500299340
500299404
500299613
500299693
500299646
500299240
500297403
500299586
500299127
500299577
500299529
500299553
500299467
500299625
500298974
500299707
500301021
500300229
500294759
500300289
500299991
500301096
500300694
500300135
500300325
500296495
500297312
499705965
500300813
500300919
500300274
500299915
500300727
500300921
500301064
499225788
500300977
500300491
500300914
500300861
500300007
500299853
500300951
500300114
500299755
500301872
500301680
500300896
500302257
500302078
500302130
500302224
500302334
500302039
500296064
500302291
500298081
500299090
500299818
500302014
500301861
500302146
500301869
500301494
500301296
500302351
500301920
500301206
500301939
500301461
500302517
500303039
500294407
500303327
500303323
500302638
500302572
500302869
500301757
500303142
500302595
500303207
500303276
500302585
500302477
500303259
500302559
500300158
500303335
500302484
500302928
500303329
500302375
500303248
500302923
498170549
500302789
500302412
500303372
500303793
500302951
500303602
500304185
500303949
500303818
500302761
500304136
496847609
500303702
500303874
500304183
500303667
500303696
500303941
497989510
500303965
500305614
500305128
500305526
500305178
500303795
500304742
500304038
500304519
500304745
500305070
500304741
500305395
500304691
500304311
500304410
500304271
345177275
500305381
500305270
500305158
498918514
500305329
500305529
500305369
500305273
500304945
500304594
500304505
500304982
500304752
500304939
500304188
500304980
500305282
500305489
500304856
500307695
500304334
500307511
500307128
500307803
500307007
500303462
500300562
500307171
500305717
500303682
499977756
500307604
500307884
500305837
500308031
500308028
500308025
500306739
500307018
500304940
500307374
500239902
500306528
497085883
500305657
500307902
500306806
500307198
500306615
497064698
500307661
500307259
500306074
500307835
500306018
497064723
500306114
500307815
500307486
500306199
500308800
500308340
500308146
500299962
500309070
500309080
500305988
500309062
500307151
500309056
498973249
500308663
500306386
498339040
500305319
500308097
500308951
500308592
500308442
500308435
500266688
500310869
500309290
500310638
500311655
500311691
500309252
500310304
500311310
500310320
500302931
500309109
500311674
500311329
500310990
500309832
500311651
500310984
500310523
500311279
500310711
500311320
500310496
500309567
500309225
499149564
500310612
500310539
326593973
500310252
500309322
500311595
500311224
500310822
312521449
312627872
500311571
500311554
314102850
500309989
500309984
314133788
311013065
311017931
500311344
325749187
500310851
298930891
324277955
500310586
500310753
500310100
497564479
500310012
500311476
500310389
500309511
500309436
500311698
500311142
500310862
500310414
500309756
500310162
500309305
500312841
500306674
500310554
500312131
500312255
500312128
500312075
500310044
500310618
500312368
500310433
500311987
500312638
500312411
500312349
500312332
500311292
500312726
500311322
500310704
500312542
500312509
500312331
500312020
500311736
500312386
500312850
500312678
490333341
500312752
500311991
500312637
500309541
500311726
344469970
500312334
310954587
305610355
311013681
311019592
311020967
311021407
311024928
500311851
311038265
500312427
500312227
500311843
500312643
500313838
500312887
500313887
500313865
500313340
500307961
500313382
500312965
500313296
500311009
500312646
500313346
500313645
499635296
500313851
500313743
500313375
500313791
305478051
305974907
500313065
500312901
500312879
500317435
500316623
500316160
496729997
500310613
500317067
500314084
500279460
500315847
500313287
500306052
500317660
500314881
500311087
500242038
500317649
500317481
500316312
500316187
500316460
500313419
500317506
500316308
500315069
500274768
500315916
500314017
500316697
500317211
500317065
500315368
500314643
500315782
495967599
500314193
498612683
500315240
500314874
500315790
500316753
500315056
500316905
500315090
500316600
489772886
489902103
489904784
489907332
311549713
500314004
500314463
500314380
500316251
500315476
500314087
500315250
500315620
500316132
500315706
498122695
500314448
500318567
500319714
500319711
500317786
500319701
500317245
500318892
500316537
500319378
500318888
500315836
500319466
500319645
500316022
500319449
500318658
500318073
500317896
500319143
500266994
500318635
500319169
500318921
500319094
500319407
500318742
500318497
500319735
500319236
500318972
500317792
500319222
500318588
500319262
500319177
500318675
500319073
500319191
500321121
500320758
500320412
500321333
500312969
500320752
500321286
500318107
500320567
500320367
491033077
500306821
500320147
500320351
500320182
500319777
500320356
500321009
500320229
500317486
500319109
500318502
500315274
500321318
500320091
500321373
500320854
500320035
500320623
479537737
500318404
500320472
500321200
500319748
500319796
500319868
500320045
500320879
500320093
500319955
500320974
500320689
500321813
500322178
500319772
500322810
500322462
500322211
500321161
500315995
500321914
500320208
500232425
500321982
500322757
500312963
496673166
500321678
500313330
500322512
500322471
500321812
500322267
500321513
484423331
500321909
500321633
500322083
483208653
336252588
500322555
500322750
500321591
500322676
500322067
500322421
500321644
500321254
500319538
500322472
500321697
500322678
500321860
500321650
500323981
500323303
500323280
500324423
500323436
500309419
500324965
500324890
497075218
500323668
500323505
500323735
500323796
500324596
500324748
500324746
500323701
500323151
500324766
500323355
324622843
290118527
500323437
500323657
500323231
500324590
500323401
500323250
500324280
500325085
500324889
500326105
500325273
500320998
500325060
500325687
500325761
500314706
500325709
500325362
500325339
500326470
500326124
500315830
500325533
500324859
499634164
500324216
500322921
500325904
500325747
500324131
500325054
500321128
500326520
500326051
500325374
498491750
489670976
500326042
500325890
500325870
500325667
500295270
500325780
500326580
500326564
500327782
500323699
500327624
500327188
500325346
500327323
500311901
500327090
500314462
500324057
500327646
500327268
500327552
498885538
500327922
500327117
500327763
500326607
500327731
500327286
500327609
500327133
500327636
500327387
500326590
500327171
500329224
500327356
500327352
500328420
488744469
500329581
500329033
500329360
500328753
500326900
499934230
500327761
500323383
500327722
500327864
500305808
500328624
500328342
500328061
500328715
500328780
500329294
500329260
500329267
500329540
500329583
500328653
500329070
500328181
498937108
500328919
500328041
500329171
500328514
495010530
495044370
500329609
500328997
500330915
500329109
500331845
500330508
353165837
500319027
500330815
500330374
500331658
500297809
500312931
500331628
500332146
500331738
500331515
500330308
500329996
500331374
479521059
500331036
500330410
500329953
500332242
500330852
500331626
500330450
500331208
500331414
500331005
500330569
500329754
500331077
500330198
500330348
500330838
500331532
498048697
500332814
500329287
500334458
500330638
500334448
500330481
500334426
500334372
500328587
500332387
500332721
500330310
500334004
500333243
500330513
500331743
500327718
486621203
500334108
500332864
283052266
500332958
498707861
500332977
500332523
495047969
495052104
500334095
500332430
498497872
500333074
500334300
500333186
500333470
500332711
497415912
498636894
498499463
498493864
500332294
498839845
473726341
500334307
500332876
500332279
500334018
500334316
500333856
500335855
500335305
500334819
500335203
500335905
500332917
500336072
497769836
491320810
500335741
500335950
500335829
500335231
500335694
500335207
500336038
500335748
500334657
500335918
500336010
500334702
500335130
500335443
500334572
500335651
318006257
500334699
498490990
500334763
500335398
500334573
500335602
500335573
500334926
500334504
500335381
500333793
500337348
500337539
500336518
500329659
500334104
500297392
500337399
500337297
500309345
500337004
500337179
500336680
500336771
280589463
500336602
500337506
499012729
500336878
500336469
500337392
500337601
500336676
500336833
500336273
500336814
500329565
500336443
500339544
500338345
500336256
500339592
500338853
500338415
500339472
500339549
500337477
500339598
500339589
500277856
500339354
500335054
500339567
500339471
500331807
500339299
500339340
493891196
499064931
500339649
498506925
500339639
500338504
498579142
500338838
498523154
500338825
500338981
500338845
500339415
498296595
500339146
500337750
500340318
500341013
500338452
500341565
500341350
500339475
500212935
500340673
500341014
500339932
500341542
500340184
500335011
500339821
500309283
500338869
500340115
500339834
500340297
500335830
475788774
500341431
500340638
500341385
500341208
499640967
500340123
500340990
500340689
500339980
500339798
500339751
500341294
500340293
500340111
500340956
500340966
500340291
500340519
500339865
498490483
500330731
500341251
500341047
320267473
500341370
500340901
500341158
500340916
500340849
500340554
500340480
500343190
500333106
498640798
500316192
500342999
500341671
500336392
500342179
500336990
500339853
500339778
500317834
500332432
500342732
500342687
500342163
500342848
314158237
500341769
493381564
500341907
500341731
500342861
500339814
500341780
500342836
500342741
500342164
500341654
500341862
500342892
500342758
500342443
500341712
492392692
500341895
331876327
500341898
500342102
500344226
500344046
500343342
500344441
500344239
500330296
500343979
500341915
500343570
500344413
500324340
500343478
500343497
500305348
500342974
500343943
500344116
500343826
500343237
500344256
500344281
500343361
500344100
500344214
500343881
500343806
500343821
500343459
500343330
500345567
500344533
500345797
500344921
500345466
500345006
500345756
500341804
500345751
500345737
500344692
500344983
499707086
500344466
500343836
500345724
500345549
272338976
500345712
500344992
500344679
500345284
492219181
500345436
495263467
497161203
500344699
500344719
500344793
500345895
500346550
500346250
500345948
500347365
500316517
500346296
500286154
500347106
500347200
500336206
500340438
500330239
500347316
500336701
500344721
500346109
500346793
500345923
500347407
500347000
500346012
500347061
500346197
500346960
500342262
500347750
500347664
500347809
500348707
500348362
500334005
500348784
500348780
500346222
499006629
496886864
500348528
500347956
500348402
500348204
500347773
500349290
500349629
500349491
500349431
500324370
500349781
500349738
500347768
500349377
500349457
500349235
500348962
500349315
500349067
500349363
500347239
500349764
500346343
500350389
500349978
500349901
500350536
500333888
500350061
500350343
500350460
498100292
500350620
500350609
500350490
500350324
500351469
500039433
500348009
500335926
500350388
500348639
500350729
500350762
499461021
500350891
500351138
331648736
500351169
500351255
500350816
500352223
500352434
500351880
500340517
500352430
500352413
500331343
500300198
500348713
500352074
500352000
497846313
500351773
500352233
500351753
500230256
500352925
500352547
500347328
500351619
500352597
500352750
500352607
498797435
329003348
500353018
500352931
498015167
500352537
500352558
500331093
489487403
500349272
500353359
500353225
500353501
485329806
500353870
500353862
500352534
500353829
495878986
500353783
498376571
500346078
494616432
497630701
500353686
500323371
499165552
500320258
500354188
500354350
500354244
500354107
500354343
500354667
500354569
500354666
500354531
500354433
500354939
500354999
500314650
497710454
500354968
500354510
500354922
500354958
500354849
500354821
500352538
500355100
500355138
500355130
500309684
500329956
500355104
500355175
500349370
500355304
498891246
500355322
270298878
500355278
500355561
500355555
500355550
500355522
500355478
500289391
500355489
500355538
500355492
474598262
500355703
500286160
500355599
500343243
500355642
500314624
482765440
346592682
500355733
500355705
500355811
500350368
499239040
500355827
500355992
500355928
500355914
500356130
500356077
490344937
500351222
500356211
342110525
500356264
500356412
500325565
500352770
500356328
500356314
500356433
500356460
500350024
500044124
500350016
500356546
500356612
500356846
500355017
500356795
500356764
480454428
500356768
500356767
500356939
500356893
500314362
500357082
500357164
499481497
500357178
329141998
500357305
500357299
500355254
500357432
500357443
500357467
500357777
498474876
500336742
500357768
500357748
500357642
500357660
500357797
500290680
500358016
500357848
500331029
500345985
500357928
500357827
500357806
500357829
500357851
500357897
500358291
500358244
500358176
500358103
500358045
500358611
500334495
500358460
500086328
500027338
500358459
500358598
500358545
500359053
500358655
500358794
500359125
500358927
500300200
500359094
500359064
500358947
500358414
500358762
338847765
500357325
500359781
500359528
500359849
500359345
500359710
500359753
500359923
500359666
500341747
500187294
500359586
500359793
500359481
500359613
500359312
500359518
339483715
500359746
500359353
500360657
500360655
500360507
500360067
500360086
500359426
500360550
500360113
500360343
500360339
500360230
500360373
500360384
500360141
500360165
500360074
500358661
500360933
500360769
500361281
500360397
500361203
338937795
500360961
500361191
321059431
500360825
500361780
489724910
500361788
500361971
500361981
500358618
500360695
500325941
500361893
500361865
500361542
500361876
500361719
481531216
500361944
499014452
500361392
500361610
500362792
500362884
500362535
500362794
500362761
500359577
500362647
500347935
500361650
500361553
500362311
500362554
500362710
500362432
500362518
497882767
497893488
498415134
500362371
500362638
500362252
500363557
500363370
500363132
500363250
500362984
500359890
500362956
500363454
496682712
500363378
500363383
500339044
344481444
499667514
500362899
500363201
500363088
500362997
500363230
500363268
500363816
495314908
500362135
500364152
500361415
500364210
498916381
500364063
500363859
486883822
500363929
500364151
500363903
487104877
500364164
500363868
487237628
500365498
500364925
489485397
499338789
500365496
500364470
500364591
500365040
500363026
500365416
500364816
500365196
500364420
500364640
500365300
500365318
500365048
500364930
500364786
500365205
500365323
500365182
500365123
500364431
340474571
497377435
500362731
500365485
500365212
500365280
500365410
500365441
500365066
500364839
500364360
500364811
500364273
500364855
500365371
500365139
500346537
500366997
500365716
500366233
500365059
500367272
500367143
500367270
500365633
500362998
500367087
500367229
500367059
500367181
500365651
500367213
500367208
500367025
500365370
500366156
500367190
500366561
500367188
500367173
500366451
500365922
500367110
500367152
500366264
500365287
500366006
500366851
500367019
500365774
482277096
500367077
500366939
500366535
338413403
499274372
500366238
500365505
500365630
492680033
497467398
500366174
500367183
499102806
500367064
500366101
498709625
500367566
500368066
500368619
500365535
500367651
500368611
500368361
500368591
500368587
500366931
500368451
500367387
500368561
500367369
500368545
500367992
500368535
500368295
500368525
500367943
500368517
500368092
500367893
500367113
500368481
500367581
500366792
500367321
335849454
500368058
300574038
500368418
500367626
500367638
500367678
500368494
500367892
500367629
500367858
500367561
500368410
500368377
500370286
500365704
500370649
500370635
500370352
500369837
500370909
500369012
500369068
500370826
500370823
500314640
500370579
500368766
500366208
500370842
500370267
500369023
500368316
500370601
500369245
500368346
500370302
500369559
500369555
500370554
500370355
500368803
500369140
498361687
500369172
500370194
499406333
500370829
498616615
500369449
500368895
500368813
500369371
500369014
500369505
500372292
500371731
500371260
500370521
500371511
500371537
500371621
498573293
500371479
500372250
500371835
500372229
500371471
500370230
500371263
500372143
496762578
500371614
500371668
500371819
500371747
500371500
500372165
500371473
500370940
500371265
500371482
500372397
500372653
500372419
500373106
500373225
500373164
500372698
500373179
500373238
500369593
500373236
500373392
500373084
500373067
500372941
500373132
500372788
499453424
500373001
500373332
500372721
500373114
500372809
500373254
500373013
500373083
500372987
500373797
500373035
500371954
500373148
500373976
500374182
500373589
500373546
500373660
500372497
500373626
500373718
500372733
500373896
500370358
500374158
500373635
500373427
500373776
500374134
500303498
500372565
500373590
486363639
500373489
500373604
500374105
500374094
500373629
500373608
500373564
485728104
500373831
500375140
500375067
500375671
500374730
500374952
500375564
500375001
500373670
500369020
500375514
500375212
500374597
500185570
500372028
498887072
500373510
500375498
500375097
500375026
500369491
500375647
500375381
500375684
500375587
500375449
500374481
500375095
500374737
500374778
500374950
498947717
500375729
500375225
498948074
500375639
500375528
498977818
500375122
499115377
499001089
499014507
499049481
500374653
499071754
500374399
500374560
500374947
500375542
500374880
500374898
500376869
500376647
500376464
500375881
500376426
500374665
500376084
500377114
500377077
500376250
500376645
500377088
500376696
500376001
500376933
500377014
500376791
500376348
500376202
500377058
500376209
500376916
500374095
300662450
500377113
498646398
500376806
499102176
498976962
500377090
500377069
500375891
500376459
500376902
500375977
498340802
498464711
498582559
500376259
500376338
498491625
498491290
498494478
500376309
500375403
500377020
500376326
497689781
500376220
500378149
500377681
500377590
500377923
500375945
500378230
500377800
500372084
500378144
500377532
500336766
500378198
500377711
500375969
500377138
342298096
500378090
500377615
500375989
500378110
500374549
500377023
500371584
500378137
500378208
500377407
500377195
500377835
500378161
498520447
500377611
500377179
313217500
500377470
498697995
498505461
500378233
500378046
500378027
500377853
500378311
500378245
500378931
500378967
500378253
500375538
500378826
500378555
500379116
500379053
500379109
500378812
500379085
500376971
500376230
500377364
500378384
308398634
500379080
500334912
499027808
500378643
500378530
500378809
500378713
500378487
500379135
500378823
499013510
500378588
500380430
500380388
500380227
500380204
500380060
500379411
500380657
500379815
500379984
500380136
500378733
500365317
500346580
500377289
500379254
500380619
500376726
500378563
500380047
500380106
478107572
500380072
500379919
500380555
500379386
500380467
500380128
500379699
342955204
500379164
500380226
500380393
500380406
500379974
500379196
500379540
500380330
480374610
500379550
500382824
500381784
500380930
500379498
500382729
500382657
500382531
500382470
500382455
500382505
500380762
500382876
500382874
500381103
500381886
500382166
500382863
500380505
500378734
500381967
500380874
500382319
500382296
500380801
500381114
500382827
340844346
500381408
500381527
498734778
500380672
500380884
500381715
500382664
500382311
500381641
500381698
500382570
500382259
500381562
500381348
500381345
500383500
500382545
500383058
500383704
500382491
500380515
500382712
500382946
500383747
500383410
500382192
500383600
500383269
500382458
500383522
500383609
500382677
500383713
500383275
500383091
500382931
500382090
500383117
500383656
283254120
500383353
500383645
500383588
500383064
500383279
500383246
500383519
500383502
500382981
500383291
500382337
500384033
500376816
500383683
500385484
500383981
500384687
500383049
500385502
500385095
500385037
500385103
500384064
500385317
500381153
500385337
500384788
500385148
500384912
500384577
500383318
500384462
348976672
500384413
500384744
500384057
500383817
500384004
500384392
500384751
500383859
500384175
500385043
500384209
500386007
500386790
500386824
500280324
500383300
500379523
500386067
500386671
500385549
500386726
500387041
500387033
500386550
500386036
500386396
500386418
490733757
500386586
500382779
500386877
328965489
500386414
500386111
500386545
500385809
500386844
500385961
500385916
500386187
492629482
500385547
500386947
500386812
500386509
500388161
500383944
500388114
500387962
500388293
500387380
500385602
500387784
500388128
500388210
500387750
500329971
500383255
500382407
500387521
500387119
500387604
325832854
500387775
500387568
500387766
500387161
500387873
500387012
500387839
495740269
500387946
500387474
500387458
500388117
500387467
356414061
500389225
500388859
500389267
500388447
500387254
500389411
500389235
500389404
500388814
500386366
500384878
500389374
500389371
500385849
500387702
500388888
500388417
500388001
500389222
500387217
500388702
500389278
328074904
500389177
500389043
495797198
500388744
500388717
500389116
500389401
500389192
500388581
500388808
500388467
341752964
500388849
500388427
500388101
498571315
500375438
500389882
500389899
500390005
500390097
500389932
500366450
500385976
500390343
500389635
500390059
495417865
500389452
312758144
500389693
500390337
500390771
500390760
500390720
498276050
500390063
500389511
500390325
500390516
500390548
500389565
500390084
500390625
500390569
498066683
500389626
500392075
500390486
500391027
500392041
500390359
500391884
500391309
500391826
500391888
500391491
500391954
500391965
500391656
275900964
500391694
500391250
500391300
500391418
499412276
500391545
500391538
336888742
500391566
500392248
500392823
500380511
500392116
500392476
500392217
500381940
500392863
500392973
500392562
500386485
500385540
500392667
500392936
500384380
500392974
343005474
500392536
500392223
500392854
500392660
500393953
500389655
500392151
500348239
500390920
500389797
500393461
500393677
500393868
500393533
500393052
500393597
339394821
500393108
500393054
500393861
500393226
500393228
500393596
500393774
342756161
500394541
500393396
500395021
500395273
500381830
500393577
500395167
500393422
500395218
500395412
500393973
500385921
500395375
500394263
500394346
500395361
500394351
500394412
500394641
500394206
500395413
500394222
307984247
496917837
308756541
497593064
500394472
307907487
481253619
500394577
500395211
500395194
500394578
500394037
500394150
500396265
500395822
500396528
489592374
500395733
500395744
500396436
500395808
500395760
500396663
500396547
500252545
500396660
500396213
500394417
491053214
500396068
500396617
500396754
500395283
500389796
500396733
500395809
500395634
279531083
500396154
498728590
488919960
500396795
500396629
308369494
500395667
500396309
500396958
500395358
500397911
500397907
500396422
500397899
500397359
500397734
500397514
491056894
500397735
500397370
500396936
500396911
500397062
500397859
500397223
500396935
500397525
500397405
500397501
500397350
500397823
500396850
500397236
500397212
500397309
500397278
500391974
500398797
500398722
500395692
500398328
500396901
500397051
500398402
500398161
500395762
500398873
500398707
500398835
500398771
500391512
500398274
500398593
475929204
492366443
500398029
500398719
500398312
500398558
500398173
335078266
500398674
500399620
500400086
500400135
500399377
500399275
500400502
500387446
500397384
500399035
500396329
500400287
500400365
500397578
500391248
500394164
500396934
500399409
500399777
500400386
500400437
500399227
500400516
500399176
500400533
500400486
500400443
500400297
500399312
499340955
499486749
499060836
499168033
499192262
500399266
500400532
500399565
500399544
500399416
500400059
500399436
500400855
500401424
500401368
500401321
500401208
500400701
500401755
500399896
500401125
500398531
500398381
500401743
500401648
500401475
500401387
500399184
498713642
500398974
500400227
500401509
500401726
500400786
500401016
485289062
500401476
483573479
500401178
500401312
500401244
295749902
500400958
500400767
500400881
500401221
500402314
500402770
500402768
500401970
500394342
500394131
500401861
500401932
500400181
500402797
500402432
329908777
500402365
500402560
302966978
500401796
500402753
500402038
500401947
500402109
500402717
500402547
320053948
500402045
500401868
500402734
500402085
500403423
500402482
500403775
500393206
500384571
500402883
500403343
500400470
500403513
500403436
500403760
500401853
500400983
500403736
500403359
500403537
500403005
280132312
500403631
500403768
500403338
500403636
500403715
500402987
500404467
500405039
500404829
500404108
500403838
500400966
500405102
500404533
500404116
500403075
500405087
500400761
500403055
500405077
500404686
500404856
499443109
500404322
500394597
500403958
500404274
342950003
340778864
500404398
500404386
499641176
342955018
499684398
500403990
500405013
340759476
495559277
342841642
339184209
342563750
342631746
342738342
342838042
500404697
341233369
500404122
498354780
500404993
500405785
500406499
500405650
500406157
500406172
500405664
500405775
500405923
500404457
500406248
500406012
500406477
500405538
500400028
500404743
500405792
500374060
500405633
500405356
500406188
500406168
500406502
500406404
486666394
500406050
499577194
500405299
500406212
499578848
499590961
498852620
499591844
499601180
499165642
499619191
342123965
483562318
500405149
500405202
500406360
500406351
500405961
500409133
500406504
500409001
500408982
500409470
500409093
500409170
500406974
500409609
500409407
500408430
500408668
500405025
500406253
500408646
500409186
500406762
500406132
500408866
500405969
500405190
500409574
500406963
500403889
500408602
500409471
500407201
500409132
500407731
500406530
500408108
500408765
500408613
500407516
500409449
500409561
500407373
500408962
500407795
493654312
498157537
500406827
500409022
500408827
500407074
500409537
500394687
493384787
500407226
487018213
500406651
500404259
500407791
500410892
500398972
500412016
500412015
500410738
479242177
500412194
500411795
500411390
500411751
498738689
500412253
500407417
500406711
500411870
496451790
500407229
500409894
500411871
500409801
500407710
500405922
500412109
500410955
500412229
500410987
500412220
500411436
500410675
500411621
309272989
301968917
303396189
500412071
500410568
500410932
500410136
500409976
500410704
500411987
500412117
500410271
500413000
500382544
500413117
499713867
500412703
500411451
500413181
500412980
500409971
500408663
500412740
500405297
500413228
500413211
500413185
500412523
500412638
500413243
300102636
500412532
500413040
500412844
500412383
500413055
499081260
500413184
500412888
500412540
480232126
500418697
500417914
500416513
500418295
500418874
500418041
500417088
500415876
500418873
500418002
500413846
500418798
500413834
500399361
500416164
500416235
500416869
500408325
500417438
500414650
500418547
500418140
500417516
500414361
500419041
500417764
500418914
500416485
500418320
500418157
500417022
500418031
500418622
500417300
500417798
500328051
500414660
500418890
500411018
500417787
500418972
500415317
500417152
500418904
500417428
500418643
500417081
500418078
500416315
495600685
496328758
500414070
500417386
500417376
500418451
500415695
500416743
500418799
500415823
500416707
500375870
500418326
500414786
500414397
500417759
500417993
500417264
500417592
311398754
500414906
500418290
500414350
500416783
500417194
500414040
500414371
500413611
500416712
497197919
500418977
500417511
500413602
500418683
500418553
500418135
500416698
500414382
500413535
500414572
500420475
500420220
500414201
500420517
500420047
500419957
500420651
500420544
500420079
500420031
500420440
500420130
500420484
500414900
500420055
500420304
500420427
500420223
500420728
500415940
500420254
500405850
500420629
500420180
500420707
500419990
500414708
500419640
500419456
500420007
500413668
500420705
484949617
500419612
500419331
500420221
500420139
500419207
500420578
500419464
326432590
500419273
500420010
500422107
500421136
500421911
500421831
500421815
500420470
500420905
500414638
500421840
500421647
500421626
500421380
500422294
500422015
500416522
500420897
500422106
500419896
500421624
500419711
500421329
500421361
500421266
500421217
500420837
500421405
500421759
500421088
500421012
500420980
500421388
500405658
500422097
500421034
500421817
500421481
500421742
500421804
500421227
500423572
500423144
500424110
500424030
500349902
500411709
500421502
500424151
500423235
500424309
500423093
500414316
500424296
500424288
500421895
500424180
500423579
500424277
500424271
500416722
500424171
500421494
500424152
500424185
500424162
500423998
500423179
500423913
500422771
500423354
500423415
500422544
500423585
314315763
500423963
500423612
500424272
500424235
500422944
500422977
500425981
500423571
500424750
500424663
500424821
500425588
500424401
500422613
500425740
500425941
500425225
500422920
500425995
500412899
500414805
500424995
500424488
500425433
500424870
500425832
500425696
500424425
500424428
500424167
500419570
500425197
491533022
500424804
500425418
500424732
500424350
500425346
500425146
500424929
500425964
500425495
496518962
500425874
500425003
500424531
500427110
500427218
500427064
500426718
500426910
500423036
500427361
500426180
500426485
500427399
500427147
500427185
500406279
500426234
500403913
500426037
500422930
500425412
500424522
500424733
500424613
500378704
500426841
500422005
500426653
500426898
500426796
335647173
500426702
500426452
500426443
500427204
500426325
500426228
500427794
500427927
500427561
500428065
500428422
500427854
500415541
500426642
500428009
500428594
500415066
500428377
500428140
500428516
500427838
500428212
500429112
500422717
500428323
500428317
500428678
500427525
500429210
500427983
500427537
500427749
500427642
500427639
500427695
500431077
500432281
500430622
500430531
500430741
500431471
500431233
335578340
500432280
500429597
500432131
500426202
500429693
500428474
500426291
500415335
500379183
500415089
500430346
500431356
500431398
500432217
500431909
500404717
500431864
500432114
500431268
500429776
500432052
500429648
500431686
500429682
500430445
500431898
500431558
500429680
500430711
500431867
500429356
500434294
500434037
500433535
500433760
500434340
500434400
500434177
500433784
500433561
500433973
500430127
500434299
500434241
500434331
500430859
500434325
500434250
500433974
500414169
500434372
500434274
500433224
500434112
500430351
500433146
500434327
500423727
500434302
500432807
500432600
500432579
500433043
500433007
500434375
500432895
324603221
500433749
500433283
500436116
500435842
500435580
500421555
500436190
500436158
500435825
500435377
500435516
500433841
500434862
500434695
500436232
500434725
500436222
500426429
500436152
500436109
500435837
500436157
498865123
500434604
500436187
500435740
500436259
500434752
500435835
500435771
500435606
500435403
500434868
500434625
500435256
500436154
500436169
500435312
500434681
500434489
321358286
500436061
500435986
500436737
500437595
500437789
500437076
500436572
500437677
500437321
500436320
500437115
500411863
500437079
500437738
500436432
499493807
500436812
500428956
500435642
500437706
500437361
500436366
500437729
500436823
500436691
500436635
500437466
500437551
500436781
500437401
500437358
500437474
500436579
500439813
500436394
500439849
500431254
500430560
500440152
500439719
500439355
500438001
500439626
500439508
500438525
500440124
500439567
500416668
500440114
500439047
500438869
500436540
500439101
500440065
500440052
500438247
500440165
500439473
500439086
500439739
500438536
500438709
500438410
500438472
500438454
500438239
500439744
500438952
500437885
500438592
500439759
500438234
482260187
500442237
500441168
481567338
500406932
500442202
500441341
500441028
500441947
500441233
500391492
500439986
500439068
500441864
500441654
500441227
500435476
500388039
500438345
500441695
500440655
500440817
500440609
500441249
500441302
500440600
475290425
500440987
500441226
500441119
500444033
500440951
500443863
500440453
500443763
500442413
500444096
500443000
500442982
500440485
500443077
500443733
500444020
500442646
500443183
500443584
500442597
500444052
500443736
491074473
500442942
499157769
500443596
500442688
500443683
500444006
500443889
500443534
500443902
500443670
500442360
500447273
500446915
500446760
500446274
500446090
500445242
500445809
500443028
500447071
500441143
500447304
500447038
500440975
500446878
500441216
500446465
500446312
500444143
500447319
500446508
265932161
491892671
500446245
500445241
500444332
500445142
500444814
500444491
500447186
500446043
500444277
500406938
500446152
500445976
500444817
272055191
500446519
500445392
500445639
500446962
500447283
500445493
500444924
500445127
500446464
500444652
500445107
500443511
500447521
500440582
500447579
500444603
500447572
500448208
500447187
500448017
500427687
500447564
500448627
500439305
500444511
500447251
500420296
500448453
500447730
500448027
485391743
478011536
500447713
500447669
500448088
500448429
500448726
500449292
500448799
500449392
500447631
500448798
500441366
500447876
500449966
500448485
500446052
496755337
500413760
494310291
500449764
498203632
500448968
500449936
500449698
500432971
313422168
320903133
500423143
500447520
500450562
500450513
500450293
500450735
500450493
500448933
500450280
495110183
500450603
485572186
500405195
500413694
500451583
500451494
500447780
500451277
500451243
500451094
500450955
500451086
500450987
340220698
500451617
500445920
500225473
500435008
500440620
499137305
500451078
500452047
500452256
500451994
500451988
500451969
500452270
500452995
500452858
500446048
500452667
500452844
499647805
500451690
499050355
500446770
500452936
500452957
500452865
472839071
484152521
500416060
500384641
500453097
500453288
498798942
500453373
500451113
500452812
500453329
500441473
499364619
500387822
500453354
500453383
500453312
500453262
500453059
500453741
500399257
500442977
500373212
500453122
500445959
500381105
498978987
500380748
500453990
500453825
500416265
500381451
500454149
500453889
500454169
500454286
500454134
500450199
499276520
500454350
500445489
493577910
500383536
500384812
500447567
500413872
337215361
499157637
309397713
499675988
500454755
500371433
481978484
500445916
500453902
500454994
500454940
500455341
500435310
498160753
500455287
500455234
500455404
499075739
497829158
500455411
500411531
500404741
497434198
500455466
500455732
500379494
500427880
500455693
500455609
500455710
500448003
500455854
500438756
500392249
500098433
484682301
485915798
500455974
500455915
497978185
496533370
483965022
500432739
500430465
500435795
482807675
500455994
500456139
490860672
497617325
500313793
500456151
500456250
500431053
500456399
482769271
492921193
500456024
500456465
500456526
475807656
500456656
500456631
500456579
500456682
500456617
500456630
500456715
500410241
500374516
500456864
500441215
500456991
497275631
498073089
500456896
500456909
500456926
500414584
500430510
500454345
500457088
500454426
500362363
500452180
500372572
500457302
500422000
500457995
500457866
500458009
293449567
499353554
500458052
500457917
500457466
500457609
500457728
500458100
500435412
500458269
499488994
498529178
500458224
500458144
500458101
500458641
500436620
500458593
500458443
500424163
500458801
500458819
500457490
500441353
500459409
500459190
500459563
500459591
478862420
500459055
500459039
500459506
498814349
500459455
500459356
500460281
500460393
500460023
500460340
500460197
500440345
500459278
500460470
500460065
500460224
500460058
500460207
500460297
500459991
500460344
500461305
500461099
500460141
500461031
500428701
500461106
500457506
500461238
500452510
500459751
500460826
500460595
500460961
500460591
500460619
500460598
500460797
500460569
500462111
500421866
500462146
500461863
500460843
500462006
500462224
500461818
500415990
500462163
500462103
498760341
500461758
500461423
500462359
500462731
500463124
500463203
475855750
500415424
500462955
500404510
500462541
500462456
500462364
500462727
500463157
500462965
500462732
500463183
500462580
500463025
497890962
498229784
500462682
498255076
499639238
500462753
500462368
500462676
500462331
500463543
500463879
500462708
500463223
500463940
500462001
500463341
500464034
500464029
500463605
500463981
500463640
500245947
500463358
500463276
500408068
340266052
500463423
500463963
500463241
500464104
500464194
500464789
500464786
500464659
500464154
500464369
500464522
500464658
500421451
500464742
500453994
500464513
500464295
310609178
500464227
500464253
500464722
500464714
500464105
500464170
500464358
500464459
500464561
500464151
500465528
500465956
500465769
500465079
500465732
500465499
500464418
500466064
500465449
500464206
500465202
497170706
500465496
500465415
500465925
500465542
500465102
500465096
500466082
500465236
500463510
500465954
500465720
500461534
500465253
500465853
500465220
500465841
500464956
500465621
500465936
476763544
500465568
500465289
500464819
500465005
500466212
500466550
500466585
500466973
500464948
500466484
500466635
500467122
500466716
500467178
500467106
500466940
500465485
500466588
500465352
500466149
500466112
500466268
500466385
500466505
500466264
500466517
500466349
500466985
500466778
499050006
500466466
500466786
500466265
500467463
500467972
500467525
500465295
500467493
500468029
500464924
500387563
500467869
500465544
500465124
500467486
500467477
500468057
500467266
500466281
500465092
500468176
500468213
500467606
500467464
500467478
500468178
500467848
500467710
500468168
500467908
500467924
500468226
500468257
500468074
500467865
500467831
500467419
500468530
500465279
500468152
500468389
500468724
500413813
500468761
500463569
500467960
500467393
500468976
500468679
500468555
500468418
500468785
500468475
500468866
500468362
500468279
500468685
500468632
500469018
500468533
500468391
500468668
500470592
500467949
500470548
500469737
500470247
500470275
500469843
500332314
500470570
500470291
500414458
500467072
500468571
342235763
500469963
500469356
500469722
500469736
500469510
495608831
500469199
500469927
500470131
500469658
500469291
500471641
500470475
500471210
500417454
500467443
500471337
500470984
500471033
500429616
500471749
500471140
500468522
500467749
500469925
500375127
500470613
500470832
500471442
500470617
500471777
500470916
500471218
500470804
500472367
500472425
500472171
500472112
500472132
500472994
500472136
500468705
500472275
499138806
500472810
500472857
266107381
500472991
500472047
500471982
500472300
500472465
500472362
500473264
500474047
500474119
500473988
500473456
500473324
500432185
500461839
500474034
500466622
500473516
500473778
500473435
319472525
500473501
500473926
500474027
500473198
500473469
500473787
500472176
499000260
500473640
500475670
500475766
500475055
500474154
500475740
500475475
500468320
500474383
500473687
500468524
500473916
500475637
500474963
500475593
500474773
500475102
500475190
500474330
500475569
500474225
500474693
500475307
500474727
500475788
500475594
500475246
500474172
500475244
500475467
500475507
500474261
500469226
496504566
500477074
500474766
500476521
500477065
500476927
500476706
500408217
500469281
500474450
500476254
500476923
500476755
500472666
500477187
499413530
500476825
500476474
500476761
500477084
500477166
500476855
500476796
500477111
500476380
500475824
500476213
500476328
500477931
500464852
500478524
500477900
500323750
500478337
500476237
500398411
500477785
500477622
500478021
500478420
500470618
500477662
500477770
500477692
500478333
500477374
500478335
500477954
342424773
500478227
500477922
500471380
500479197
500461716
500479416
500478330
500466822
500477945
500447195
500479534
500479954
500474464
500477877
500479786
500474700
500480007
500479670
500478595
500479811
500479550
500478727
500478732
500479649
500478690
500478912
500480810
500480317
500481332
500477364
500476679
500473261
500481091
500481290
500481039
500481289
500480817
500475797
500479056
500480922
500480342
499678328
500481218
500480797
500480542
500480293
500480830
500481262
500482358
500481866
500481559
500482279
500481606
500480719
500481811
500481540
500482391
500482388
500481385
500481892
499337220
500481013
500481398
500481882
500482137
500482077
500481572
500480858
500480809
500481938
500482142
500482126
500481625
499417707
500482180
500481482
500482004
500481355
500482697
500483011
500482667
500483240
500482677
500474401
500481656
500482747
500423081
500394848
500483101
500482605
500479643
500482145
500482723
500483120
500483111
500482560
499268631
499669880
500482877
500482487
354995735
500482978
500482797
500484615
500483462
500483259
500483602
500484243
500479887
500485353
500483615
500482249
500482788
500478006
500484233
500484644
500485320
500438932
500484112
500485270
500482238
500484569
500483654
500485151
500483269
500484554
500484167
500483746
500484622
500484362
500485208
500485116
500485154
500484920
500484054
500485362
500485070
500484789
500485347
500485073
500485071
500484696
500485340
500484606
500483797
500485318
500485131
500484124
500485074
500483650
500485247
500484107
500483475
495688345
500484140
500484850
500484597
500483733
500484284
500483950
500484498
500483868
500484904
500483637
500485263
500483410
500484473
500483400
500485852
500485102
500482826
500486262
500487030
500483968
486273640
500484688
500485624
500486887
500485919
500486447
500485443
500487166
500485052
500486081
500487111
500487144
500486580
500486710
500487161
500486737
500487160
334448777
500487208
500486860
500486518
500487122
500485594
500487157
500486133
500486086
500486919
500486285
500486279
500486474
485730339
500486540
500485598
500486512
500487141
500485660
500486545
500485867
500487080
500485787
500487857
500485638
500481053
500487052
500488339
500485957
500483838
500488309
500482355
500486156
500487896
303489716
303624748
492407318
500487549
500487807
500488213
500488341
500488282
340651395
493367003
500488153
500488037
500487314
500488004
500487409
500485517
500487656
494053448
500487814
500486047
498152907
498972680
499036681
499049104
500488047
500488192
500487922
500488071
500487865
498080130
500488624
500487063
500469587
500489735
500489526
500489566
500489192
500484491
500488637
500489446
500488841
499735531
500489900
500488918
500488615
500355072
500488688
500488915
500488775
500489227
500488463
500488762
500489448
282122569
500489902
500488724
500489931
500489929
500489277
500487765
485726875
335266035
498901171
500489385
500489622
500488397
500489321
500488758
500489564
485640823
500489051
500489357
500489209
500489369
500488533
500489491
500489796
500489172
500488324
500489803
500489719
500490182
500490184
500488525
500489607
500490236
500490829
500491130
500488859
500490892
500489681
500478127
500485981
500490136
500491203
500491196
500490853
500483803
500489437
500491224
500490241
333466715
500490880
500490572
500491240
500490183
500491143
500490780
500490619
500490870
500490832
492206594
500490072
500490585
344856881
500490800
324863658
500490055
500491104
500490065
500490576
500491048
500489064
500490193
500490180
500490769
500491178
500490796
498541808
500491229
500491117
500491094
500490858
500490456
500490079
499981766
500491587
500492368
500491699
500490098
500492363
500490828
500492358
500491496
500465326
500492326
500488433
500491353
500491978
500491544
500491967
500491472
500491658
500491847
500492334
500491823
500491628
500491289
500491412
500491297
500491831
500491477
500491910
500491357
500491790
500485507
500491306
500492290
500492268
495844111
500491995
500491393
500491377
500491348
500493024
500490751
500311804
500493412
500492926
500493684
500482165
500493258
500492048
500493133
500493481
478591421
500493634
500492621
500493444
500493696
500493401
500492874
500493465
500492994
500493417
500493728
500493248
500493085
500492641
500490044
335344929
500483966
500493427
318072638
500493194
497987828
500493717
500492673
500493428
500493014
500493550
500493496
500494888
500494721
500494632
500494722
500494914
500493862
500492736
500493847
500493835
500490612
500494373
500226780
500494097
500493974
500494555
500494729
500493168
500484405
500495030
500493783
500494547
500494624
323326552
500494313
500494299
500495057
500494592
500490641
347898593
482488112
347922486
500494394
500493791
498546140
500492937
500494320
500494270
500494836
500494359
500494095
500431653
500495843
500480915
500496150
500495766
500496242
500495180
500495268
500493979
500495734
500495285
500495706
500495501
500397991
494390907
500496492
500495792
500495873
500496282
500495977
500495375
500496138
500496112
500496011
500495212
500496420
500496355
500496035
500495171
500496227
500495733
312697705
500495784
499187415
500495294
500495380
490242743
500496330
500496152
500495943
500495825
500495778
500496234
500496206
500496753
500490783
500494067
500483689
500492860
500496911
500496796
500497339
499528614
500496667
500495651
500496821
500466538
500395071
500495783
500496779
500305498
500497208
500496622
500496930
500496624
500496596
500496924
490921469
500496762
500497400
500496947
335106405
500496617
491458992
494062868
334728664
493449664
500490387
500497409
500497146
500496875
500498631
500499089
500497996
500493614
500497947
500494591
500498307
500494120
500499058
500499044
500498291
500464486
500497720
500496137
500498695
500499073
500498890
498882220
500498520
500498941
500498861
500498342
334452959
500497708
500497679
500497705
491251727
500497675
500498170
500498242
500498501
500498091
500497832
500499065
500498117
500497957
500499865
500500224
500497820
500500169
500364922
500499933
500492634
500491666
500500113
500499782
500500170
500340000
500499266
500500156
500499187
500500096
500499508
500497573
500499498
500499458
500500222
500499936
500499419
500499816
500499677
500499697
500499636
500501284
500499665
497516185
500501126
500500748
500498804
500500831
500499786
500501219
500500340
500478429
500500300
275446921
500500335
500500594
500500937
500500654
484708720
482931864
500500589
500500441
500500402
500500574
500500757
497415248
500502117
500501792
500502056
500502100
500500595
500478913
500501509
500499910
500501640
486973197
500501563
500501401
500501453
500501429
500501883
500501831
500501931
500501597
500501636
500501422
500501684
500501933
500501912
500502068
500502043
500501389
500501379
500503581
500503311
500502806
500503274
500493224
500502517
500503640
500502602
500476989
500503408
499086276
500503137
500503596
500503588
500503577
500481474
500445198
500500578
500503498
500502297
500497804
500502789
500503458
500503250
500503339
500503509
500503328
500503248
500503011
500502934
500502770
500502610
500497645
500476307
500503422
500503299
500503195
329135114
500502896
339294097
500501885
500504767
500504774
500504681
500504471
500503979
500504750
500504246
500503843
500504106
500504723
500504536
500504634
500503790
500504611
500504530
500503883
344233351
500504508
500503749
500504428
311746091
500504699
500503858
500503954
500504223
500503891
500504382
500504514
500504236
500503963
500503945
500504629
500504430
500504411
500504148
500505761
500505724
500505484
500505746
500505308
500505731
500505723
500505843
500494452
500502740
500505521
500505090
500424795
500505780
500505420
308318877
500505172
500505619
500505748
500505280
500505654
500505006
500505057
500505504
500504858
500504962
500505230
500504976
495902046
500506427
500491686
500505076
500506542
500505038
500506490
496402528
500506486
500504990
500506364
500506177
497312464
500506308
500505418
500506318
500506537
500505954
500506353
500506755
500506272
500506060
335109383
335109478
498263572
335104984
500505957
500506730
500505961
500507594
496816077
500508407
500506135
500507731
497950374
500508261
486949316
500507975
500507189
500506543
500508260
494890573
497274102
500508106
500507714
500507627
500507248
500507120
500508403
500507274
498357249
500508004
500508048
500507598
500506922
500507584
500507403
500506852
500507943
500508006
500507354
500506767
500509458
500508838
500509486
500509662
500508981
500509331
500509469
500507827
500509787
500499989
500509563
500509756
500507429
500508765
500509419
500508626
284995387
500509726
500508853
500508809
500509767
500509035
498182618
500509150
500509054
500509685
500509548
500508343
500508973
500508855
500509825
500508794
500508994
500510084
500510487
500511079
500510016
499517030
500510219
500510091
500486134
500509930
500511050
500509910
500510406
500509541
500510928
500510270
500508972
500510099
500511008
500501185
500510422
500510903
500510298
500510797
500510495
500510188
500508471
500510805
500510785
500509960
328206844
500511020
500510958
500510814
500510470
500510716
500510944
500510632
500510142
500510103
500511813
500511687
500511283
500510674
500502498
500511624
500511711
498474765
500138784
493995893
500511752
500511174
500511160
500511979
500510074
500505159
500508904
500495563
500511651
500511584
500511991
499215677
500511763
500511995
492616720
500511097
500511491
500511280
500511731
500511265
500511750
500513180
488244879
500512123
500512910
500346479
500514234
500511487
347724801
500512841
500511751
500486926
474684125
500513855
500467465
500513552
500513980
500513194
500513509
500513880
500514155
500514149
500513810
500513044
500514016
500512686
293300420
500512748
500514037
500514056
500513447
500512168
500512376
500512359
500512194
500513218
500513228
486883144
500512755
478850214
486521281
500512770
494531117
500514241
500513611
500512739
500513151
500513208
490010325
500515464
500514719
500509420
500515004
500515183
500515586
500513775
500515853
500515640
500515823
500402914
500515513
500515167
500515794
500515791
500515789
500515229
500515395
500515493
500514653
500514392
500515555
500515762
500515092
500515206
500515757
500515168
500515460
500514662
500514810
500515744
500514514
500515471
500514539
500514552
500515176
500515127
499459837
500514873
500514914
500515765
500516348
500517291
500516554
500516079
500516012
497067958
500516789
500515985
500516941
500516361
500508421
500510425
500517220
500512732
500358122
500517082
500517017
500517225
265995518
500516143
500516698
500517148
500516705
486530906
485521612
335303003
485615926
500517176
485532539
485623812
500516104
500516856
500516757
334442592
485511831
500516581
328008858
500516840
500515965
500506517
500516392
500516760
500516608
500511906
500518385
500518671
500515277
500518598
500517532
500489305
500517347
500518781
500517476
500517959
493636657
500517669
500517727
500517530
335129789
500518854
500517949
500518335
485521699
500518434
500517568
328056752
493368500
332751108
357766487
500518404
343253905
315868988
500517671
500516178
500518867
500517915
500517414
500518048
500520142
500520343
500519629
500515913
500515188
500519953
500514932
500519558
500518737
500519693
500519107
500507947
500519897
500519185
500520245
500520443
495021237
335336433
495732063
497461477
493356259
494101272
500519259
498736718
335807982
327978192
497429674
500519555
500519570
500519025
500519578
495117409
500519072
500498629
500519446
500521596
500521859
500520764
500509079
500521319
500521748
500521818
500521767
500521682
500521282
500521274
500521068
500520733
500521363
500521294
500521166
500521265
500521122
328641990
500520896
497295852
500521336
498701735
500521320
500520519
500521118
500523178
500514103
500519097
500522957
500518319
500522709
500519600
500522761
500522366
500522493
500520236
500450223
500523162
500523281
500425292
500523057
500522531
500522238
500522164
500522701
500517427
500522361
500523187
500522601
500522566
500522790
497286613
500522950
500521013
500524538
500496323
500524545
500523195
500524209
500523835
500524957
500525136
500525034
500523848
500521539
500523833
500521005
500523648
500523511
500523456
500523425
500523465
500524682
500525256
499138629
500523467
494921357
500524200
500524254
325901115
500523632
500525009
500524331
500525154
500524261
500523520
500525259
500524544
489497117
500523563
500524445
500523441
500526359
500525422
500522404
500512396
500517582
500526307
500504535
500526750
500515498
500526606
500525446
500503383
500524833
489985127
500513670
500362598
500526479
500525584
500412087
497870318
500526318
500526202
496651559
486523134
500526513
500502433
500525821
500526601
500525466
500526768
344454567
500526917
500525428
500526545
500527706
500527450
500526659
500528205
500527942
500528459
500528344
500525644
500512355
500527019
500505965
500496405
500527179
500524988
500528322
500528391
500528126
500528046
493664573
500528051
500527271
500526970
500527876
491456113
500527836
500528067
500523402
500527672
500527453
500527010
500528124
344025370
500527963
500527109
500529617
500529272
500529229
500529531
500529452
486570668
500528848
500518903
500531329
500531150
500531014
500529405
489695709
500531347
500528380
500530990
500529067
500531331
500531146
500531303
500529031
500516971
500528551
500529456
500530964
500530301
500530333
500529081
500530382
500530222
500529829
500530038
500530799
500529666
500530682
500529779
500529894
500530932
500530581
500530397
500531616
500528502
500532616
500531476
500532056
500531477
500532293
500531691
500516150
500532079
500532767
500532383
500528274
500413408
500532727
500517898
500529084
500531395
500532781
500532048
500532757
500531821
339815300
500531521
476172030
500532644
500532410
500532867
500528818
500525194
500533797
500446658
500533482
500529361
500510531
500533704
500532511
500533962
500533576
500530103
500533411
500533329
500530597
500531138
500533890
500533656
500534060
491616831
500533316
500533352
500534010
500533225
500532932
500533741
500533434
500533341
500534807
500427609
500535153
500535142
500535139
500534950
500534952
500523378
500535091
500534819
500534850
500515367
500534673
500534941
500534430
500534779
500535118
500534899
500534604
500519211
500536537
500535387
496055779
499126808
497976044
500536926
500535239
500536810
500536491
500536915
500531646
500536640
500535785
500536519
500535331
500535811
500535669
500536596
500536722
500535655
500536203
500536152
500535508
500535554
500533243
500536309
499564543
498995727
500537931
500537338
500537874
500537081
500537925
499956724
500537551
500537306
493855375
500533270
500537513
500522663
500536808
500531529
500537741
500488922
500537066
500537669
500537402
500536989
500537964
500537177
500537050
500536987
500537578
500538467
500365937
500523920
500425598
500538184
500538318
500538509
500538332
500538558
500538272
496897565
500538298
500539302
500531764
500538074
500539519
500539223
500539500
500539442
500539146
500539548
500538984
500539498
344164953
498700796
500470681
500537560
500539058
500539861
497304643
500525844
500523554
500537794
500539991
280427794
327079385
495646529
497431813
497480576
500539718
500539887
335423051
335294398
500540826
500540874
500532291
500530199
487012710
500539907
500540843
500540834
500540690
500540644
500539879
500519565
500531702
307632437
500541182
500541112
476656638
486347348
500540956
500541466
500541522
500541475
500541201
500539672
500465463
500541450
500541378
500541586
500541520
329502763
500541740
500541738
493393444
500541918
498983390
500540554
493817684
500521795
500541803
500542097
500541830
500542104
335207199
500542063
500542208
500542338
500412075
500542392
500542296
500542275
500542446
486577638
342746970
485816785
485585437
485592538
485575336
486582615
485644671
485717294
500542165
500542614
500540917
500542632
495393496
500542703
500512195
500542681
500534889
500542604
498300536
500542713
327443394
490868894
302369596
490779864
302375567
302464321
302670609
500542509
500542475
500542555
500542751
495791309
496760258
496207093
500542402
500542182
497952622
500542816
498829141
500542849
500387208
495909595
500514604
500542829
309468194
500542931
500542789
500542977
489297143
500543105
473190208
500542998
499223235
500543024
497798684
500538681
500543125
500543060
500543057
500543156
500535683
500543154
500543379
500543309
484140210
500543342
500457535
498078209
500543468
500543428
354979399
500543464
500543459
500525499
491178340
500543460
500521246
500543534
500543566
500437617
500494751
500543507
500543532
500543510
500533648
498731829
500543910
500543896
483094423
335128192
476930626
500543980
500543965
493053346
500523524
498304828
500544112
500544257
493889942
474767135
500480371
500544310
495855597
500544373
500538569
500527142
500460411
500544469
500378453
500544718
500544853
500497578
500525958
500526097
500544879
500487806
500544977
500544994
500544974
500415009
500545175
338235823
476779435
500545686
500545632
500531962
500545829
500546007
500545813
500545985
500545741
500545931
497247456
500546311
500546297
500536464
500546266
476167313
500525367
500546516
500546727
500546817
500535449
500546737
500546682
498758902
491923248
500546783
500546462
495603189
500546535
500546700
500546366
500546626
500547653
500547194
500546565
500547641
500547397
500547181
500546979
500547035
500547316
493927991
500547323
500546947
500548072
500548169
500547415
500548009
500548019
500548265
500548139
500548248
500548439
500548455
500548308
500548353
500548402
500548388
500548376
500548187
336613855
341853306
487419851
344495489
328757345
500547857
500547975
500548032
500547730
500547827
500548245
500548405
500548159
500547760
500548587
500549090
500548812
500547390
500548944
500548170
500549081
500549010
500549036
500548723
500548477
500548750
500549095
500549084
500549053
500548992
500548600
500548609
500548502
500549019
500548605
500549334
500549443
500549225
500549393
500549391
500549808
500547093
500548765
500549412
500547023
481408083
498502519
500549295
500549517
500549193
500549191
500549772
500549212
500549282
500549165
500549287
500549575
500550636
500550329
500550336
500550614
500550373
500472217
500472671
500550603
500548718
500550570
500396044
500550539
496489957
314795560
500550197
500550062
500549939
500546972
500549618
500549112
500551305
500551286
500551207
500550979
500551222
500549956
500551328
500551318
500551199
500551013
493817318
500550995
327874001
500549240
500551104
500550956
500550825
488804591
500551368
500551365
488871072
488805496
500550951
492301852
500551616
500551334
500551999
500527691
488863949
500551528
500551751
500551352
500551561
479642626
495960340
500551377
500551718
500551509
500551623
500551599
500551484
500551830
500551783
500551361
500552489
500552352
500549844
500553052
500553274
500552963
500553139
500552232
500553168
500552941
500552776
500553236
500553229
500553218
500552636
500552463
498063943
500552947
500552986
500552656
500552492
500553234
500552985
500552631
500552818
500553041
500553118
500552775
500554132
500554228
500554129
500549057
500554375
500553543
500553551
500553637
500553890
500554078
500554342
500481660
310213518
500553931
500554180
498331285
500554330
500554170
489560128
500554222
500553349
500553522
500554160
500554270
500554232
500554047
500553400
500554903
500554796
482186330
500554658
500508063
499168670
500555131
500554917
500555073
500554991
500554841
500554673
500555252
500554833
500555212
487583867
500555338
500555364
500554623
500554974
500552013
500555426
500554660
498388575
500555230
500554518
500555166
500554781
500555045
500554696
500554694
500554652
500555369
500555241
500555134
500554790
500554852
500554709
500555356
500555132
349492252
500555849
500555291
500555778
500553515
500556192
500553368
500555442
500555258
500555690
485735427
500555273
500556038
500555474
500555784
500555510
500552078
500557657
500557515
500557371
500556787
500556295
500557792
500557387
500557518
500556296
500556319
500552371
500552429
500557614
500557388
499353084
500557246
340741488
497954321
500556926
500557395
500556459
500557500
500557497
500557421
500557309
500557265
500556627
500557474
500559070
500557819
500556635
500557029
500558671
500558309
500557683
500554521
500557933
500558987
500553191
500558569
500558515
500558710
500558268
500557299
500558909
500558921
500558083
500558649
500558538
500558579
500558844
500559008
500558311
500558641
500558445
500557990
500557377
500559772
500559146
500559890
500560193
500556765
500558661
500558151
495214466
500559775
500405994
500554210
500559100
500560167
500559707
500559712
500559882
500560225
500560136
500559217
500561041
500553843
500560978
500559317
500561027
500560641
500555267
500560660
500558295
500556342
500560784
499946396
500560924
500559895
500560847
500560307
500560891
500560600
500560299
500560821
339177252
500560819
500560964
500560598
500560842
500560511
500562042
500559656
500559771
500561939
500561731
500560552
500562100
500561817
500561322
500562452
496137637
500560679
500562066
500559359
500561065
500561193
500562326
500562247
500561120
328266098
500562263
500562368
500561151
500560168
500562302
500562297
500561987
500560850
500562412
500561913
500561176
500561081
485855964
498448722
500557583
500562869
500550063
500562782
500563633
500563629
500562512
500562896
500562872
500529764
500563577
500563256
500563621
500563223
500563578
500563399
500563539
500563456
500563520
500563134
500562744
500562671
500508016
500564273
500564464
500564007
500564210
500563800
500564520
500564593
500561545
500564171
500564700
500564680
500564679
495069008
500562785
500564102
500564251
500563921
500564494
500564600
500564512
500564357
498218075
500563961
500565317
500564907
500564840
500565373
500563273
500565407
500559965
500565355
500560737
500561973
500565181
500564791
500565560
500556732
500564897
500564977
500565462
500564874
500564832
500565503
500563043
500566681
500566821
500564913
500537592
500566145
500566076
500566643
500566962
500564799
500566728
500566613
500549289
500566500
319262237
500565798
500566655
500566389
490538569
500565975
500565962
500566346
500566476
500565809
491816477
500566868
500566937
500566033
500566526
498723872
500566707
500566124
500565918
500566718
500566497
500566514
500565654
500566412
500565749
500566405
500568063
500568441
500568180
500564846
500556476
500569225
500562560
500569037
500567989
500567523
500569221
500568376
500568288
500569044
500569213
491868615
500568418
500567543
500567839
500568461
500568433
500568000
500569174
500566615
500568146
500568573
500567719
500568179
500568040
500569126
500568345
500567062
500568818
500568315
500567214
500567903
500567346
500568320
500567046
500568739
500568649
500567321
500569945
500568751
500569565
500569356
500569952
500555739
500569459
500569849
500569826
500569908
500568368
500569316
500565096
500565631
500569255
500569721
500569487
500569463
500569764
498790786
500569639
500570353
500570064
500571808
500571544
500571129
500571056
500550749
500571690
500571703
500571145
500567342
500571693
500571566
500570082
500571088
500571233
500569573
500571478
500570268
500566610
500570494
500570774
499226033
500570665
486954221
296493436
500571718
500571514
500570681
319097368
500570835
499142697
499140395
500571476
500570464
500569996
500571503
500571842
500571882
500572541
500572319
500572277
500572828
500572365
500423715
500572722
500573056
500573143
500573244
500573237
500572694
500573225
500572781
500561740
500572874
500573043
489521210
500572880
500572602
500572774
487390672
500572782
500573131
500572560
500571968
500572017
314278731
500571905
500572243
482330053
500571910
500573085
500571991
500573247
500572574
500572393
500572018
500569145
500573635
500574414
500573739
500574163
500572117
500573893
500572176
500515489
500574383
500574321
500565380
500574109
500573579
500566218
500574368
500574063
275418589
496467182
500573552
500574234
500574107
500574034
500573757
500573643
500573531
500574289
500574015
500574187
500573575
478453261
500573969
500574123
500573466
500573703
346237847
500575519
500575019
500575756
500575447
500575122
500575592
500570234
500561464
495880435
500574779
500575726
500574422
500572148
500575704
500572993
500572481
500575872
500574458
500574781
500575768
480634638
330704419
338679495
496987473
500574998
500576206
499333287
500576823
500529761
500576467
500574869
500531423
500576715
500576991
500576625
500575724
500576209
500560717
500573820
500576910
500555317
500576653
500576953
294963537
500576745
500576913
500576265
500576593
500576401
500576573
500576445
500577036
500577676
500577972
500576008
500573564
500575764
500570563
500552977
500577035
500577209
500577278
495962390
500577680
500577167
500577159
494493944
494495610
496253789
494890814
500578615
500578734
500576043
500577871
500578344
500578812
500577356
500576324
498980425
500552848
500578815
500578513
500577441
500578784
500578428
500578803
500578761
500580323
500579344
500580236
500579966
500579141
500579574
500579410
500580158
500579666
500579781
500580372
500580034
500579837
500579265
500580156
500579644
499678045
497926749
500579911
500580229
500579819
500580051
499125205
500579225
500579761
331161063
500579968
500579568
500579214
500579625
500579345
500579765
500579757
500579561
500579179
500578995
500580303
500580164
500579827
500580324
500581644
500581178
500580409
500579948
500580697
500526079
500581216
500581625
500580828
500578232
500579810
500580902
500578443
500578260
500581424
500580946
500581270
500580973
500580152
500579698
500580698
315850719
500581180
500580938
500580870
500580523
500580398
499140030
500581317
500581616
500581573
500581047
500580680
500581286
500581296
500581162
500580770
500581194
500580743
500580732
500582095
500580990
500582257
500582469
500581510
500580513
500580308
500582544
500582546
500580931
500582415
500574126
500582868
500582220
500582344
500581926
500581974
497899758
497988623
500582368
500581939
500582017
498186272
500583521
500583873
500583728
500583853
500583860
500583188
500461747
500582823
500583518
500583434
500581808
500583098
500578106
500583238
500583443
500583259
500583363
500583207
500583721
500583811
500583513
500583575
326582981
500583398
500583710
500583558
500583544
500583362
500584809
500584302
500584069
500584845
500585273
500584624
500584403
500584135
500585241
500585021
500584410
486664267
500584967
476209418
500584460
500584411
488095836
500585035
500584423
489703575
500584603
500585024
500585179
500585025
500585095
500586165
500586161
500583446
500585312
500581798
500585393
500585404
500583942
500576037
500586354
500586432
500585515
500583351
500586418
500586174
500586007
500584956
500586396
500585470
500585533
500586340
500586319
500586179
500586136
500585727
500585992
500586388
474837825
500587521
500585784
500587516
500587513
500582506
500587064
500586665
500586586
500583763
500586893
500586770
500586829
500583025
492564584
500587303
500587189
500586688
500588002
500588553
500587548
500588542
500588406
500588417
500587699
500559182
500588503
500587196
500586481
500566101
500588038
500584212
500235701
500588540
500587657
500588149
500587905
500588423
500587703
500587474
500590196
500586314
500589582
500590190
500590143
500589833
500589812
500590177
500573633
500588917
500589579
500589466
500588805
500589796
500588961
500589722
500590054
500589009
500588726
500590105
500589830
495731783
500588854
500588906
500589644
500588727
500590055
499610418
493154154
500589269
500590124
500589824
500589741
500589364
500589139
500588580
500591391
500590231
500590595
500589542
500590531
500591133
500591107
500590887
500585728
500591260
500588951
483962493
500590368
500590484
500591434
500590655
500590558
500590996
500590975
500591346
500590443
500591188
339989743
500590360
490452887
500591130
500590992
500592409
500591908
500591878
500588799
500591944
500592277
500592358
500550507
500592129
499459507
500591519
500589701
500591860
500592237
500592489
482371886
500591746
500592092
500591747
500591491
500591892
500591954
500591835
500592304
497920059
500592263
500591505
500593224
500591904
500592847
500592948
500593797
500593065
500593922
500593462
336403384
500593867
500592510
500592629
500593998
500593940
500588980
500551385
500592879
500593828
500594029
500593692
500592609
500593546
500593151
500593913
500593770
500593836
500593018
500593509
500593332
500592903
500592815
500593362
500593631
497904074
500593289
500592968
500592613
500590215
500573577
500594354
500595736
500595874
500595264
500591574
500595869
500594925
500507675
500595587
500594959
500587737
500594118
500594639
500594623
500592779
500594929
500595666
500595823
500591717
500595340
500595319
313004973
500595704
500594304
500594142
500595117
500595051
500595643
500594380
497757246
344285735
500595510
500594545
500594764
500595750
500594256
500595737
500594938
500595220
500596103
500596829
500597288
500597251
500597065
500518289
500595986
500596540
500596372
500596424
500595536
500578409
500571942
500597073
500597264
500597344
500597331
500591858
498785807
500594597
500597154
500596361
500596330
500596627
500596401
500596114
500596456
500596072
500596273
500596663
500596329
500597345
500595982
500596585
500596232
500596986
500597002
500596290
498167301
500597072
500596448
500596300
500596592
500596563
500596249
500598354
500598084
500596148
500597452
500595761
500598520
500598514
500597085
500598490
500597937
500579583
500589343
500582987
500597406
500598290
500598472
500598369
500597422
500598495
500598329
500598029
500597782
500598129
500597996
500597931
500597581
500597603
500597505
500599427
500600027
500594712
500600014
500598678
500599210
500590739
500598981
500599528
500598140
500599993
500599245
500599507
500598368
500598878
312935361
500599930
500599776
500599236
500598658
500599436
500599049
500599750
500599238
500600028
500598920
500599961
500599854
500599465
500598829
500599639
500599601
500599599
500598886
500602386
500601624
500600890
500602413
500601778
500602067
500599877
500602402
500601839
500590867
500601190
500600158
500602025
500594379
500602096
500602107
500602350
500601455
500586691
500600781
500601866
500601176
500600318
500601938
500601874
500601133
500601658
500601079
500602171
500601320
500600248
500600768
500601188
500600849
500601630
500601472
500601382
500601834
500600273
500602006
500601430
496048646
500600306
500601576
500600429
500604258
500603510
500604103
500604078
500603781
500602664
500599657
500604197
500603935
500598671
489872868
500603056
500602601
500600413
498460564
500592450
500603375
500602599
500604077
500603728
500603630
500602003
500604145
500603901
499199736
317312331
500603185
500602955
500603654
500604076
500603168
500604070
500602631
500602701
500603949
500603506
500602750
500603773
500603177
500603191
500603831
500603830
500603201
500602659
500602958
500602745
500604498
500605326
500604681
500605566
500604849
500605554
500603282
500603682
500601900
500604403
500605493
500604202
287267276
500604592
500605572
500605203
500605042
256257835
500605545
500604472
500605058
500604655
500605422
500605046
500606925
500606978
500606097
500606298
500576664
500606950
500607452
500606255
495781320
500606464
500603462
500605344
500602088
500607595
500607170
500370219
500604060
500607653
343200697
500606962
500605822
500606215
500605937
500606858
500606903
500607193
500607204
498302545
302192830
499667874
500606496
500606825
500603938
500608445
500607859
500609317
500607382
500604619
500609302
500609016
500605695
500600915
500609002
500600556
500593319
500587028
500609256
500608832
500607768
500608474
491410296
500608323
500607915
500609050
500607911
500609109
500608434
500609120
500607766
500609011
500608140
500608080
324549014
325283475
487097199
500607929
500610214
500609334
500608940
500610618
500610539
500605782
500610807
500610200
500610720
500380404
500610327
500610566
336057803
500610381
500609175
500610445
500610049
500610497
500609825
500610164
500609845
500610299
500609815
497939778
500609631
500610242
500610527
500610066
500610664
500609604
500612400
500612301
500595311
500611876
500612342
500611668
500611324
500610897
500610981
500609957
500611133
500610669
500611830
500609223
500612180
500612558
500612537
500608387
500612246
500612296
500611962
500612040
496369370
500611549
500612595
500611759
487846662
500610996
500612485
500611314
500612833
500605141
500614164
500612804
500612704
500611005
500613354
500614668
500614658
500614651
500613478
500608022
500614082
500613710
500306191
500613910
500594414
500609355
500613890
500612694
500613716
500613523
500614587
500613308
500613517
500613552
500613365
500612879
500614375
500613875
500612846
500613095
500613851
500614090
500613497
500612720
500611865
500615747
500615053
500615571
500614328
500616497
500616700
500615461
500612407
500616631
500616184
500611099
500614563
500614048
500614289
500612675
500614074
500616727
500614337
500616324
500614985
500614516
500611389
500616558
500616065
500616055
500616630
500615388
500616144
500615985
500615104
500614939
500615823
500615762
500614738
494780448
500614807
500616434
500615721
500615244
500615874
500617807
500617461
500618073
500617318
500617778
500618024
500618285
500617474
500615282
500617686
500618195
500617269
500617754
500611167
500617436
500617704
500617447
500615754
500618271
500617924
303585593
500617355
500617133
500616809
500617443
500616997
500617549
500618063
500617071
500617130
500618185
500618070
500618010
500617829
500617665
500620444
500620570
500619984
500617249
500617089
500620343
500620295
500619115
500619803
500619220
500592925
500618704
500569264
500615795
500609696
487392029
498372433
500618541
500620420
500619480
500620393
500618833
500610410
500620574
500620086
500620394
500618728
500620124
500619845
500618761
499578475
500619033
500619055
500621471
500598172
500622138
500568355
500620884
500612155
500620982
500621901
500620972
500620584
500614162
500606652
500613254
499415268
500621536
500622113
500621164
321836242
500620675
500620870
500621237
500621769
498607564
500621652
500621696
500622006
500606654
500619071
500623040
500617406
500623387
500623240
500623604
500623439
500620404
500623268
500620423
500623565
500619661
500601644
500623179
500622723
500623017
500622862
500622302
500622415
500622944
500622594
500623627
500622730
500623313
497887995
500624545
500619377
500624326
500624038
500623762
500620523
500386253
500600809
333980700
500617376
500624716
500624364
500589473
500623978
500623975
304979310
500624003
500624029
500624590
500624395
500624575
500624623
500623907
500624919
500625418
500623901
500618928
500626512
500623396
500609226
500624413
500625654
500606500
500624979
500612241
500626621
500618903
500625718
500622735
490256849
500625975
500624961
500626217
500625808
500626225
500625687
500625476
320916568
500625918
500625824
500626103
500625222
489308646
500627720
500625110
500625728
500627400
500628928
500554721
500628914
499385424
500624634
500627803
500582958
500628373
500627290
500627223
500626932
500627702
326760110
326582724
500628796
500627678
500627993
500628463
500627262
483864147
500627095
500626976
500628294
500627019
500629472
500629465
500629276
500629119
500629302
500629688
500601608
500615520
500609398
500629656
500629648
319011942
500630684
500630673
500618174
500615331
500581984
500630609
500630222
500629873
483602908
338034748
500630255
500630030
500629854
500612008
500630738
500625055
497303162
500631141
497920809
500593080
484302824
500631182
500630853
303284904
500630874
500631111
500631628
498568390
500577290
500625252
500622757
500603555
499252476
500631665
500631672
500631470
500583110
500630770
500631983
500627221
500631902
500618456
500608407
500630922
500631743
500632547
500622585
500625862
500632328
500631872
500629478
500632286
500632210
500632528
500632061
500632141
500632254
500632908
500611584
500632403
500606249
500632744
500632648
500632794
500633050
499342052
500633195
500632725
500633166
500631485
500632211
500633159
500295775
500633215
500614838
500507783
477662199
500633424
500633446
500633444
343111721
500633436
498295464
494448820
493006534
500633628
500633569
499705489
500307285
499511424
500628041
500633695
500633720
500633817
500468752
500633836
488334727
500633854
500633963
500633921
500633958
500634102
500551541
340855382
498001107
488286806
498048337
500634065
500633886
500620334
500634185
500615390
500634150
500634180
500571159
500634427
500626557
500612334
500634341
500634391
500634525
500634567
500634589
499568689
500634556
500632246
500523989
500634672
500634722
500634680
499486227
495102248
500631769
500634776
500634809
476590090
500628469
500632637
496785870
496700236
500634970
500634914
500635188
500613628
500629548
500635039
500635207
500635082
500635313
496828079
500635340
487832998
500635620
500635587
500587099
500635555
500580816
500629388
500635559
500635485
500635487
500635431
500635758
500621554
500614828
500635778
500635781
498884984
500635649
500635738
500636058
500595653
500621563
500556035
500584058
500636107
500636191
499462013
500636431
500636353
500636438
500636735
500627334
500636769
500636485
500636789
500636724
500636512
500637092
500637208
500615176
500636850
500637204
500637364
500637405
472589964
500637310
500637087
492948167
500638381
483628561
500638158
500624489
498014438
500638185
497035437
500638376
500637999
500582317
500606504
500638893
498699288
500638782
500638920
498304722
500621997
500637077
500637202
500638856
500638590
500638522
500638641
500638866
500638742
500638947
483032386
500638555
500639451
500639634
500639094
500639756
500639263
500629285
500639571
500639923
500639371
500638474
500596612
500639925
500639329
500639121
500639666
500639625
500639988
500639887
500639468
500639448
500639734
500639567
500639614
500639428
500640858
500639102
500640467
500640758
500640818
500639326
500640401
500567379
500638992
500619618
500640871
500640767
500640949
500640592
500640284
500640394
500640422
500640736
498303582
500640365
500641318
500641005
500641399
500641216
500641771
500641762
500568551
500641484
500641757
500626820
500640252
500641746
500641495
500641304
500639512
500641629
500641489
500641761
500641571
500641544
500641264
500641764
500641606
495534447
500641599
500641422
500641446
500641980
500641795
500637238
500583789
500625721
500642040
500642240
500640106
500641791
500636034
500642117
500641893
500641025
500638716
500641879
500642017
500640531
500642151
500641953
500642415
500641919
500642458
500642181
500642223
500642108
500642023
500643672
500643517
500643488
500643026
500642852
500642929
500643850
500643849
500643703
500643713
500642170
500642179
500642813
500643531
500642675
500642013
500643530
500643810
500643803
500642282
500642289
500642685
495690518
500643033
500643767
500643371
500643758
500643651
500643855
500643049
500642750
500643051
500642734
500644171
500645055
500644381
500643964
500644897
499780850
500643344
500644629
500645151
500641943
500643350
500642569
500643969
500640973
500644772
500644579
500644530
500645105
500644998
500643730
500645097
500644942
500645124
500644641
500644728
500643979
500644444
500644625
500644134
498848323
500644795
500644081
500644197
500644440
500644580
500644341
500646432
500645179
500645259
500646120
500646102
500646035
500645628
500645693
500645557
500645979
500645554
500645439
500645478
500644093
500646210
500646343
500646087
500645371
500646342
500646130
500646230
498771828
500646364
500646223
500645773
500645203
500645777
500645940
500645320
500645375
500645538
499119495
500646289
500645604
500646165
500646233
500646147
500645219
500646728
500646932
500647393
500645580
500643888
500644928
500646999
500646585
500645396
500646089
500639793
500647363
500640061
500647154
496980890
500645838
500645086
500646497
500646902
500646350
500647323
500647109
500646594
500647243
500646965
500646486
500647029
500647624
500649011
500648142
500648459
499414450
500649031
500648438
500647940
500649015
500647846
500648767
500647439
500632076
500642583
500648997
500561962
500648102
500400353
500647583
500649038
500648681
500647742
500648451
500648537
500647874
500648958
500648207
500648691
500648883
500647619
500648595
500647518
500648215
500648040
500648386
500648357
500644071
500650376
500650405
500650347
500650402
500650286
500649305
500649912
500648449
500648103
500647457
500650063
500650380
500649873
500649576
500649165
500649744
500650367
500650187
500643486
500649836
500650366
500649347
345042583
500649410
500649330
500650391
500650189
500649607
499564147
500649062
500649294
500649191
500649982
500649947
500649673
500650052
500649943
500650138
500649990
500649762
500650472
500650767
500651493
500651457
500651607
500650446
500651267
500651041
500650513
500651245
500650914
500650650
500649905
500649486
500650654
500650022
500651427
500647646
500650964
500650068
500651188
500651383
500649841
500649830
500651389
489781213
500651390
500648094
500650938
500651345
500650585
500651036
500651018
500650831
500650544
500650705
500650575
500651426
500650668
500651416
500651310
500650528
500652236
500651631
500651059
500652492
500652131
500651926
500652249
500650222
500648828
500646643
500651915
500652074
500652075
500650889
500648444
500652454
500652451
500652022
500651491
500652260
500652047
500650086
500652275
500651991
500651836
500652302
500651876
500652166
500651642
500651911
500652414
500652043
500651902
500651753
500651648
500647735
500652205
500652159
500652431
500651857
500652096
500652510
500651770
500652372
500652342
500651762
500651882
500654077
500653914
500653372
500653508
500654069
500654073
500653645
500653307
500653864
500652998
500652942
500649577
500652666
500653168
500653211
500654110
500652685
500652595
500639595
500653142
500653125
500653180
500652736
500653986
500653997
500652534
500653101
500652614
500654046
500653994
500653614
500652647
500653758
500653043
500653823
500652898
500653016
500652626
500655466
500655058
500655516
500656432
500656410
500654541
500655420
500655106
500654981
500652132
500655754
500655741
500656345
500654199
500655712
500652356
500651129
500656534
500656126
500656106
500655343
500655399
500656524
500651371
500655538
500649277
500653322
500654568
500654506
500656535
500655931
500654316
500655734
500654654
500655488
500655338
500654781
500654475
500654858
500656570
500656235
500653095
500655978
500656523
500655843
500656440
500655945
500654840
500654641
500655096
500654982
500654238
500655805
500656250
500656363
500655087
500655001
482531415
500654838
500654830
500654591
500657372
500655985
500653241
500658858
500658514
500658121
500657057
500658709
500653688
500658492
500655943
500657113
500656966
500655534
500652668
500657351
500655799
500658764
500657506
500652389
500652078
500656964
500658063
500656970
500658109
485374896
500657573
500657434
500658334
500657277
500656953
500658781
500658727
500657275
500658100
500657137
500658221
500658124
500656769
500656939
500658232
500657914
500656897
500658483
500657935
500657864
500657454
500657480
500658364
500658405
500657470
500658216
500658530
500656980
500657888
500657393
500657497
500647601
500645995
500655034
500659842
500659641
500657878
500644477
500649515
500659970
500659557
500657944
500656751
500652363
500659126
500655468
500659209
500638523
500656784
500658457
500650713
500659633
500659599
500659319
500659922
500659179
500659953
500659473
500659568
500659619
500659294
500659259
226373807
500659893
500659701
500659424
500659739
500659913
500659487
500658933
500659153
500659698
500659359
500658978
500658892
500659252
500660105
500660384
500655882
500653831
500645768
500655142
500660485
500651180
500653441
500660478
500660814
486842551
500660877
500660753
500659591
500516109
500656896
500660903
500660297
500660887
500660454
500660572
337667323
500660324
500660738
500660138
500660027
500657001
500660777
500660439
500652891
500661508
500661582
500661111
500661388
500661484
500657097
500658419
500652125
500661481
500661158
500658746
500655974
500653357
500661417
500661493
500661445
500661252
500661143
500661469
500660981
500663018
500663446
500662047
500662975
500663023
485086397
500663098
500663430
500662589
500662031
500651197
500663128
500662043
500657368
500663236
500657993
500662466
500663394
499375300
494752918
500662528
500663317
499063215
500662769
500662659
500662190
500662542
500662706
500662215
327829789
500662163
495645296
500662118
500663327
500663425
500662585
500661839
500662894
500662963
500662214
500662092
500664298
500662614
500662123
500664870
500663092
500664502
500664313
500662204
500658712
500662344
500664452
500664011
500663823
500664838
500659322
500664590
500654765
500651731
500663056
500664668
500664540
500663965
500664874
500664593
500664152
500664203
500664463
500663578
500663718
500664887
500664891
500664859
500664000
500664693
500664466
500664651
500664090
500663667
500665691
500665554
500665259
500665844
500659410
500663898
500664264
500665643
500665820
500665552
500665614
500665186
500665799
500664284
500662822
500654550
500665545
500664945
500665389
500665528
500665293
500665567
500665706
500665080
500665075
500665212
500664907
500667467
500666996
500666330
332007512
500667450
500667362
500667228
500667216
500665305
500667441
500657792
500666868
500667060
500664556
500667408
500657850
500565639
500667385
500666987
500663517
500665248
500666961
500666290
500667055
500666910
306042566
500666540
500667257
500666544
500666810
500666919
500666907
500667076
500666994
500666321
500666599
500667139
500665997
500668323
500667946
500655024
500668585
500667777
500668457
500668066
500668673
325328782
500668504
500668470
500665969
500668587
500654537
500668631
500667894
500668623
500666561
500664271
500667988
500668674
500668020
500668335
500667541
500668556
500668518
500668621
500668577
500667848
500667601
500668670
500667539
500668781
500669230
500669155
500651665
500669419
500668552
500666252
500669045
500668856
500668923
500669840
500594727
500669503
500669066
293395214
500668724
480362988
500669890
500669117
494962441
492026217
500669113
500669597
500669571
478501233
485364241
485364273
500669584
500669479
480284353
500669145
493837003
493749666
500668894
500668740
500669461
500669016
500669872
500669716
500669469
500668762
500670234
500669777
500670554
500669531
500670126
500665213
500669991
500670764
500669984
500659737
500670009
500670782
500641389
500670835
500669326
499572707
500670630
500670455
500670297
500670822
500670622
500670809
500670761
500669943
500670528
500670699
500670396
500670066
500670099
500669903
500670712
500670133
500670827
500670364
500670730
500670477
500670394
500670144
500672232
500671845
500672490
500672356
500668547
500672087
500671410
500586943
500670611
500672442
500672424
500671189
500672226
500671911
500671077
500654867
500671371
500671771
500671071
264112715
318355307
500671381
495485173
475268267
272388185
500671501
302385429
302059224
267611627
330804570
500670934
500671866
495926062
500671559
496415039
281962741
500671221
500672256
500672016
500672507
500671306
500672498
500672290
500671925
500671902
500671403
500671360
500671383
500672104
500671178
500671962
500672158
500670868
500672007
500671808
500671651
500671266
500671256
500671155
500673693
500673001
498988627
491027294
500657897
500672720
500672955
500673847
500673000
500673839
500671151
500671293
500671362
500657692
500673360
500673075
500672323
500672776
500673212
500673829
500673102
500673817
500672664
500673113
500672745
500673402
500673039
500673616
500673271
500672676
500671025
500673417
500673145
499380762
500672747
500673007
500672552
500673062
500675156
500674211
500673749
500675145
500675140
500674557
500675131
500673748
500675130
500674818
500674411
500674354
500674500
500671379
500673056
500657941
500674551
500675088
493199372
500674720
490812969
500674389
500674327
500674169
500674407
500674890
500674832
500674420
500674547
500674888
500674010
499163393
500674049
500646011
500675822
500676405
500673874
500676278
500675847
500676138
500654610
500676368
500676367
500670922
500676188
500673280
500675426
500673295
500676064
500675789
484345727
500675496
500675313
500675523
500676394
500675441
497083839
500675771
500675875
500675260
500675961
500675434
500675647
500676294
500676062
500675721
500676911
500677893
500676857
500676496
500675752
500677676
500676019
500677452
500677915
500675545
500677368
500677747
500658694
500676952
500675835
500676832
500677220
500676691
500677029
500676912
312850948
500677830
500677312
500677309
500676488
500676872
500676772
500677858
500677822
500677532
500677196
500677369
500676683
500677700
500677633
500677075
494687180
500676587
500677501
500677549
500677931
500677168
500677813
500677027
500677342
500677295
500677388
500677343
500676754
500679193
500678534
500676479
500677636
500679287
500678964
500677757
500679280
500678140
500677679
500679261
500677998
500679257
500676047
500678226
500679115
500678982
500554544
500679143
500678406
500679215
500678071
500678667
500678357
500678886
500678557
500678281
500678496
500678607
500678151
500678490
500678311
500678542
500678197
500678295
500678203
500678060
500678712
500678382
500679241
500679194
500679054
500678240
500679031
500677233
500678533
500673147
500680190
500679809
500678900
500678113
498633843
500679941
500679587
500680189
500678472
500680109
500679988
500680167
500679756
500679406
500679900
500680022
500679940
500679833
500679448
500679913
500679698
500679624
500679790
337225191
500679978
500679617
500679201
500679382
500680936
500680854
500680315
500680920
500681114
500681369
488771478
500680059
500681391
500681331
500681615
500680835
498678192
500681004
500681170
500681563
500681238
500680517
500681442
500681366
500681307
500680892
500680734
500680520
500680874
500681564
500681463
500681364
500681985
500681829
500682173
500681790
500682027
500681071
500682665
500658731
500681892
500682622
500682156
500682872
500677110
500680571
500682753
500682165
500682198
500681687
500682946
500682895
500682466
500682289
500682604
500682281
500682359
500682077
500682119
500681989
500682169
497976247
500684256
500683616
500683200
497952999
500683895
500684244
500684165
500683923
500684226
500683329
500683304
500683632
500678427
500683223
500675691
500672132
500682984
500683566
500683169
500684169
500683883
500684141
500683496
500683713
500683168
500683210
500684094
500683433
500683674
500683176
500685043
500684986
500685071
500684940
500682413
500676048
500685063
500684086
500684865
500685045
500685034
500685033
500673437
500684980
500684461
342320051
500684994
500676516
500684893
500685008
500684494
500684406
500684824
500684486
500684825
494955673
500684357
500684589
500683333
500686661
500686316
500487881
500683359
500685612
500685264
500658128
500651908
500686163
500686689
500684714
500685038
500685323
500685664
500684006
500685987
500672912
500683101
500686608
500686595
500686359
500686097
500686036
499729252
500685198
500685549
500685393
500685101
500685143
500685595
500685403
500685526
500686162
500685929
500686000
500685910
500685969
500685992
500686184
500687260
500687455
500685892
500685422
500686773
500687916
500653373
500674744
486718390
500681659
500678130
500687160
500687183
500686814
500687393
500687540
500686857
500687673
500687332
500686950
500686964
500687650
500688056
500688101
500688305
500689000
500688944
500688616
500688529
500679771
500686965
500652288
499361635
500687807
500689051
500688148
500688629
500687424
500688989
500689079
500688611
500685441
500689194
500689163
500688567
500497514
500688797
500687997
500689251
500688075
500689108
500688927
500688762
500689241
500688643
500689169
500688843
500688939
494092155
500688306
500688299
494049506
500689621
500611216
500689856
500689917
500683416
500690043
500689285
500690216
500689666
500687556
500690207
500689367
500688779
500690135
500689372
500690192
500689297
500689581
500690062
500689958
500689888
500690246
500689309
500689361
500689911
500690479
500692147
500690280
500690508
500692062
500691186
500691525
500689417
500670988
500685551
500683021
500691424
500692293
500690450
500548571
500618465
500692004
500692278
500692276
500683513
500691409
500690705
500691156
498433990
500691330
500691018
500690965
500692284
500691651
500690650
500692013
500691488
500691562
500691486
500690764
500690750
500691069
500692201
500691811
500691688
500691648
500691505
500692802
500691907
500683213
477293216
500693766
500693474
500694047
500692473
500693596
499569128
500692848
500374029
499308669
500693415
500693261
500692962
500693938
500689280
500685835
500694008
500688300
500620980
500653658
500692726
500693388
500693252
500693575
500693490
500693275
500693207
500692493
500693889
500693371
500692490
500693016
500692606
500693090
500693904
488841782
500695087
500695099
500694677
500694358
500695299
500695197
500694549
500558413
500694900
500694883
500694544
500694571
500694933
500692631
500693025
500695435
500694533
500695081
500694153
500694738
500694668
500694336
500695153
500695479
500694695
500695239
500692498
500695266
500694654
500695558
500696437
500696717
500686527
500696291
500696444
500697203
500696771
500697109
500685274
500688776
500696066
500694827
500671731
500696819
500685714
500696791
500697428
500697487
500696463
500695729
500696461
500695830
500695667
500697128
500696316
500696980
500696618
500696869
500696562
500695770
500696824
500697426
500696882
500696101
500696803
500696434
500695873
500695645
500696417
500696144
487184256
500681904
500697835
500695651
500697778
500698274
500694781
500699010
500698056
500697699
500695310
500697811
500662213
500698908
494577621
500698949
500698705
500698654
500697888
500699076
500699112
500698693
500698860
500698132
500698338
500676724
500698526
500698489
500697841
500697641
500698119
500698019
500698017
500697516
500700403
500695755
500700423
500699900
500698839
500700452
500696114
500700544
500700536
498017070
500699863
500695928
500699392
500699463
500700501
500697582
500686013
500699700
500693098
333050087
500700538
500699578
500700581
500699952
500699978
500700350
500700519
500700464
500699437
500699800
500700356
500699882
500699979
500699461
500699498
486321581
494073664
500699654
500699266
500700391
500699314
500699986
500701144
500702090
500697001
500700056
500701422
500680277
500701687
500700813
500701568
500701529
500701943
500702009
500700726
500701453
500701485
500701456
500700738
500701748
500701438
500701946
500701124
500700646
500700927
500700655
500701295
500701158
500701049
500701022
500701042
500700742
500701866
500701702
500701074
500701495
498523744
500700774
500703547
500701312
500703753
500703873
500696401
500703764
500685402
500703468
500702859
500703285
500702733
500702777
500702780
500702400
493747437
500702136
500702189
500702755
500703331
500703293
500702221
500703413
500703287
500702668
500702679
500702369
500703905
500703194
500703970
500703729
500703588
497303832
500703428
500702929
500704895
500705534
500705378
500705359
500705069
500707396
500666194
500704190
500705651
500647963
500687757
500703390
500687046
500704310
500059396
500704058
500703674
500705944
500704873
500694388
500675368
500706387
500707364
500705335
500707001
500705403
498539689
500705293
500707266
500706943
500707333
494694877
500705928
500706410
500706864
500705502
500706674
500706346
500704738
500704256
497280018
500704223
497212537
500707056
500706815
500707323
500707256
500706447
500650324
500708643
500705989
500709353
500702440
500708937
500611474
498702904
500708534
500709331
500704945
500709064
500707825
500708895
500709376
500708129
297187015
498973113
500708590
496624232
500704342
500709015
500708550
500708056
497071744
500707922
500708671
500708598
500708557
500708356
499278157
500709104
500708733
500709053
500707789
345475307
500710847
500709997
500710795
500710585
498957059
500685745
500708823
500710271
500710891
500693323
500709774
489661689
500711003
500709820
500710231
500711126
500710094
500710424
500710051
500710937
500710083
500709805
500710945
500712004
500708389
500711520
500711486
500705984
500706106
500712328
500701036
500708818
500712011
500712461
500711689
500605726
500712432
500712423
500709793
305520574
500711716
500711386
500712200
500711777
500712212
496958610
500712489
500712344
500712019
500711691
500711569
500712301
500712515
500711724
500711852
500705235
497244033
500711557
500713052
500713309
500713094
500713403
500696874
500710265
336332637
500713389
500712960
500712614
500713458
500713528
500712819
500666834
500714880
500714982
500714919
500713233
500714634
500715186
500713617
500678821
500713393
500661954
500715290
500714013
500715069
500714147
500714906
500714006
303683537
493551763
500715183
500714621
500713775
500714004
500715330
500715202
500715049
497585995
500714801
500715296
500714534
500715212
500714463
500715640
500715435
500716335
500715983
500716526
500716066
500716565
500714980
500716424
500714562
500716577
500701451
330510668
500712939
500709711
497420450
500716492
500715894
500716436
500715916
500716549
500715694
298592614
500716186
490242758
500717567
500717637
500717628
500716134
500707901
500717608
500717588
500716916
500716694
500717238
500715733
500717313
500715821
500716238
500683131
500717110
500716884
311279044
500717014
500717320
500716829
500717535
500716981
500694131
500718390
500718253
500717021
500718159
500591148
500317615
500717906
500716651
500714116
492292675
500718216
498067239
500718134
500691238
500715191
500719275
500719362
485105149
500715910
499064257
500718494
497000759
482670253
500718876
500719949
500579740
500719666
500611895
500681050
500718191
500719771
500714087
500719583
500719916
500719809
267661686
500719623
500719577
500720370
500719043
500705426
481642595
500719795
500704054
500720085
308094941
500720356
500720596
500720594
500720801
500720704
500720741
500720653
500721555
500721667
500706986
500659329
500719448
500721098
500721438
500721598
500717894
500721288
500720908
500717585
500721076
500720963
500721425
344262462
500721908
500240856
500721886
500503018
500716324
497721036
500708357
500721811
500721765
500610459
500688912
499180369
500722060
327173444
500721941
489922570
500504090
496329720
500722245
500722264
500722377
500722229
500722421
303849303
500721348
499003250
500722576
500722572
500722667
500722745
500707807
500722686
500722924
500024754
492158395
500722968
500722961
500723055
500723096
323772817
500723129
500723102
500723126
500723211
473279297
499278151
472711406
500723397
499261740
500723442
496214348
500723515
493802796
499008530
500694168
270917956
500723622
500723930
500677652
500723838
500723861
500724158
500724151
500713844
500724119
500673142
500724034
500724226
500724301
500724263
500023376
500724297
500724303
500724240
500724285
500724366
487188489
500714844
500724517
500724552
500724356
477611484
482990020
490399024
500724723
500724674
500724773
500724597
500724940
500725045
500566710
500724810
500724903
500423747
500686205
500724966
500724894
500710285
500725178
500725220
500725432
500725435
500725441
500726087
500713776
500726179
500726050
491616521
500726320
500726017
500726080
500726378
500725715
500725599
500726874
500655219
500726682
500727178
500592894
500727215
500727134
500726833
500726784
500726527
500727244
500726605
500726438
500726478
500726529
500726919
500727826
500727699
500726074
500727746
500726530
495280741
500727488
500653671
500717427
500727776
500727366
500727833
500727287
500727913
500727901
500727330
500727263
500727648
500727880
500727649
500727771
500728391
500728380
500598061
500728338
500728605
500728539
500728355
500728861
500728720
500728442
500728624
500720634
500727394
500728841
500728354
500728001
500728358
500728156
500728302
500728470
500728426
500728074
500728235
490930338
500728127
500729669
500695029
500729697
500728342
500729418
500729198
500729583
500728788
500729575
500729548
500729147
500729488
500730123
500730468
500730401
500730186
500730625
485701466
500730139
500726442
500729653
500651116
500730390
500730373
500730341
500729978
500730208
500730280
500729958
500730516
500729856
500730213
500730641
500729799
500729784
500729860
500730467
500729830
500730948
500730030
500731100
500569870
500730204
500731170
500730687
500731176
488750617
500731395
500731247
499604889
500731369
500730739
500730812
500731198
500730564
500731082
500730958
500731338
500730655
500731309
500731263
500730858
500730782
500730770
500730752
500730937
500730946
500730939
500732277
500732148
500731878
500732549
500730736
500732348
500732414
500732615
500732369
500732223
500731053
500732272
500730827
500730379
500732590
500732398
500732539
500731936
500732227
500731762
500732152
479981210
500732609
500732195
500731584
500731612
500732480
500732293
500731665
500732175
500696680
500732835
500733875
500732125
500732523
500733828
500733798
500659033
500731964
500733663
500731885
500732662
500733815
500733063
500732760
285828896
500732983
500733881
500733412
500732750
500732725
500733789
500733704
500733725
500733372
500732744
500733640
500733276
500733687
500733511
500733482
500734629
500734985
500735007
500599130
500735002
500734744
500727732
500734993
500734493
500733794
500733750
500733945
500734529
500733193
500734291
500733580
500734154
500734144
337542374
500734767
500734443
500734139
500734152
500734090
500733893
500734749
500733971
500730047
500735402
500735204
500735724
500734903
500733472
500735219
500735150
500735869
500735868
500735863
500735648
500735675
500735069
500735049
500735836
500735405
500735559
500735536
500735203
500735525
500735475
500735394
500736822
500736256
500736099
500732326
500736481
500735772
500736439
500736758
500737346
500736856
493687284
500737107
500736692
500736055
500736781
492841685
500736442
500735965
500737347
500736563
500737059
500736476
500736471
500736086
500736210
500736048
500735998
500735994
500737236
500736603
500736969
500736193
500736643
500738552
500738447
500738504
500737863
500738055
500738191
500737419
500738543
500688836
500738178
500738247
500738541
500737983
500735914
500737814
500735352
500736068
500736207
500731253
500737607
493504565
496458195
498088675
500738139
500737808
500738555
500737800
500737740
500738144
500738026
500737858
500735551
500738512
500738021
500738984
500739408
500738921
491054547
500737486
500738400
500738942
500738176
500739250
500735928
500739351
500739010
500739564
500738877
500738753
500738665
500739260
500738611
500738526
298893869
500739088
298900132
500739018
500739243
500739016
498340035
500739097
500740298
500732735
500740422
500739740
500739502
500739965
500740408
500736310
500739112
500739821
500739972
500739918
500740137
500740256
500740449
500739656
500740355
500739945
274318809
167443107
500740206
500739901
500740266
500740289
340324120
500740049
500739647
500737610
500741759
500740664
500702597
500740597
500741903
500741436
500738847
500736167
500732098
500741883
500737835
500738282
500741850
500741780
500741029
500741104
500741891
500740709
500740888
500741683
500740682
500740632
500741031
500741845
500741042
500741826
500741814
500740496
500741382
500741503
500740670
500741166
500741181
500740720
500741595
500741818
500740917
500741552
499259189
500741477
500741092
500741840
498965617
500741247
498976294
498989032
500741125
500741115
500740902
500742819
500743155
500743058
500742960
500741402
500729385
500742358
500743172
500742811
481691110
500738706
500743021
500742541
500740528
500734371
500743111
500741484
479306260
500742836
500741955
500742780
341291971
500743285
325536280
500743296
500742345
500742749
500743215
500742982
500742673
500742107
500743331
500743163
500743223
500742657
500742883
500742261
500742146
500742714
500741944
500744052
500737252
500743046
500743364
500744171
500744159
500743835
500743667
500743384
500742624
500743913
500743405
498546291
500743341
500742963
500744239
500744364
500743698
500744357
500743420
500740017
500739188
500743622
500744346
500743723
500743985
306536339
500744262
500744007
500743693
500743502
500744135
500744353
484064528
500745115
500745413
500744587
500744577
500744820
500744830
500744420
500744951
500744429
500741098
500745397
500745395
500745204
500739337
500745390
500744986
500744545
500744518
500745380
500744808
500744694
500745422
500745421
500744712
500745374
500744627
498391043
500744922
500744893
500744987
500745065
500744763
500745347
500745339
500744850
500745126
500746166
500746497
500740940
500746541
500746523
500746267
500744608
500746660
500746180
500737935
500742032
500745978
500746637
500745851
500746388
500745622
500746538
500746077
500746222
500746327
500746642
500746259
500745597
500745711
301607422
303263177
303055237
500745840
500746211
500745821
500746507
500746099
500745884
500747714
500744120
500747408
500746853
500745442
500747079
500747746
500747646
478576780
500747732
482934503
500747562
500747728
500747357
500747144
500747694
500743391
500747080
500747757
500747128
500747164
500747480
491725367
500747222
343629771
500747070
500747506
500747278
500747214
500747348
500748379
500748464
490787223
500746925
500747951
500747908
500748584
500748506
500747650
500748544
500748276
500745923
500748737
500748018
500747944
500748387
500748042
500748142
500748335
500748672
500748655
500748643
500748313
500747791
500747867
500748052
500748250
500748026
500749038
500749287
500748360
500749814
500749133
499675030
500748763
500748669
500748830
500749629
500749550
347024470
500749537
326287215
500748787
500749261
500749370
500749731
500748864
500749637
500749382
500748770
500749760
500749201
500749618
500749054
500749472
500749214
500750994
500750493
500749615
500749296
500750870
500749988
500750950
500750853
500750625
500749122
500745815
500750276
500746814
492086566
500748586
500748759
500750615
500751368
326876508
500750061
500750441
500750591
491577198
499047091
500750016
500751043
500750402
500751266
500750285
500750043
500750327
500750150
500750953
492720260
500750026
500750388
500750760
500750474
500750528
500750112
500751579
500749820
500751918
500752707
500749501
500751596
500751784
500750855
500752073
489872149
500751249
500752799
500745350
500750081
500751565
500751882
500750971
500752713
500751944
500750962
500752470
500752538
500751796
500752755
500751590
500752649
500751970
500752566
500751777
500752257
500751928
500751626
500752542
500752424
500751510
500752689
500752412
500752276
500752237
500752432
500753304
491375918
500752993
500752938
500751961
500753810
500752592
500753795
486143489
500752977
500753580
326404426
500753134
500753022
500753480
500753479
500753196
500753459
500753736
500753689
500753095
500754066
500754593
500750139
500754711
500754794
500753720
500754407
500737619
500754347
500755255
500754659
500751736
500753142
500746041
500751442
500753044
500753635
500754633
500754999
500754809
500754972
500754765
500754263
500755248
500755110
500755268
500754363
500754763
500754595
500754231
500755139
500754899
500754776
500754683
500754618
500672544
500755763
500756007
500754950
494887716
500756343
500756393
500754678
500752017
500754275
500753643
500755728
500755742
500755820
500756401
500755304
500755695
500756227
500756052
500755417
500756209
500755999
500755632
500755702
500755579
500755822
500756249
500757231
500756547
500757135
500756661
500757082
499234933
500756506
500757089
500756859
500757405
500757222
500756705
500756895
500757265
500757020
500756549
500756787
500757034
500757017
500756728
500756487
500756543
500758065
500757928
500758295
500757599
500758574
500757939
500758505
500758100
500758132
500759547
500758762
500758612
500758776
500758754
500759959
500758831
500759532
500760108
493875934
499187529
500759496
500759284
500760014
500761050
500760471
500760029
500759025
500761482
500758819
500759070
500749212
500759565
500761416
500761345
500761073
500760798
500759936
500758158
500760749
500761227
500761012
500760685
500759512
500760870
500759921
500760030
491820141
500761248
500759035
500760940
500760245
497036630
500758759
500761384
500761032
500760234
500760273
500761165
500760464
500761467
500761413
500761068
500760946
492712296
500762425
500761774
500761829
500761672
500761609
500762299
500761857
500757522
500762434
499554066
500762442
500762083
500762315
500762438
500762375
500761911
500762196
500762381
500762135
500762409
500689332
500762221
500760228
500761848
500762185
500761678
500761826
500761879
500761541
500761889
500761515
500762014
500761998
500761595
500762156
500762035
500761901
500763581
500762706
500755987
500763851
500763457
500763755
500748226
500763620
500762492
500763634
500758101
500758459
500763748
500763359
500757946
500763374
500763613
500763237
500763103
500763050
500762762
500763690
500763072
500763033
500763015
500763367
500764980
500764838
500765096
498453811
500764086
500764823
500765131
500764371
500764801
500763459
500764716
500764429
500763083
500765185
500764825
500764258
500764867
500764643
500764109
500764821
500764606
500764893
500765157
500764345
500764655
500765059
500764764
500764474
500764625
500764490
500765192
500764352
500764925
481308529
500764486
334713373
500764361
500764527
500764184
500764910
500764964
500764437
500766210
500764936
500764759
500765954
500766276
500765790
500766324
500766295
500766263
500766239
500763734
500765598
500755707
500766134
500766084
500766354
500765924
500756676
489689320
500765218
500766067
500766256
500766280
500765690
500765292
500766086
500766337
500765378
500764848
500765288
328729167
500765611
500766316
500765992
500765456
500765337
500765922
498893885
500765498
500765610
493765412
500766377
500765474
500766102
500766057
500765709
500767404
500766703
500767104
500767114
500766729
500767249
500766818
500766882
500766218
500767148
500766543
500765970
500758630
500767183
500766815
500766569
500764514
500767328
499568028
500767117
500767313
500766687
500767291
500766751
500769041
500768625
500760517
500764592
500764143
500768109
500758053
496985093
500768638
500768899
500768231
500767953
500767059
500490087
500768152
500769006
500751917
500769001
500768652
500768706
500768201
500764919
500768609
500765801
500768129
500768513
500768353
500768785
500768285
493764756
500768377
500768826
500768321
500768817
500768232
500768799
500768873
500769049
500767922
500769717
500769764
500764390
500764502
500770300
500770299
500769296
500770000
500769763
500770050
500769606
500768509
500770284
500770281
500770012
500770024
500770272
500761230
500767815
500769858
491331031
500770247
500769449
500770255
500769845
500769050
500770017
500769355
500769424
500769189
500769219
500769911
500769733
500769344
495219052
500769292
500770971
500771412
500771214
500771212
500770908
500771158
500771274
500770671
500771102
500760488
500771341
500770741
500753625
500770975
500759671
500770823
500771041
500771282
500770178
500770326
500769942
500771273
500771430
500770718
500771269
500770557
500770485
500770640
500770439
500770716
500771106
500771211
500770491
500771021
500770871
500770598
500771236
500772653
500770493
500772855
500772849
500772163
500772842
500772798
500772774
500772588
500772840
500772837
500772554
500772399
500772836
500772638
500772434
500772696
500772828
500772825
500772823
500772803
500772705
500771977
500772664
500772177
495945814
500772802
500772601
500772566
495771020
500772497
333655907
494869934
500772785
500772681
500772843
500772220
500772658
500772334
500772003
500771857
500772850
500772738
500772441
500772650
500772239
500771930
500771878
500771607
500771504
500771531
500772725
500772655
498560848
500771699
500772814
476174356
500774081
500773874
500774364
500774175
500773675
500773616
500773229
500773904
500773332
500774680
500774651
500774506
500773998
500774270
500774191
500774283
500773974
500774691
500774350
500773537
500773188
500774623
500773915
500773411
500773476
500774388
500774108
500772868
500774675
500774256
500773734
500774171
500773858
500773545
500773326
500772974
500774642
500774244
500772882
500773450
500773434
500773668
500773862
500773452
500774664
500773244
500772915
500774460
500773768
500774544
500773770
500773732
500773953
500773093
500773500
493898072
500774053
500774615
500773860
500773352
500774178
500773239
500773246
500774639
499402995
500773836
500774211
500774169
500772872
500772990
500775624
500775296
500774736
500775189
500774913
500776183
500775730
500775626
500775549
500775471
500776077
500774519
500775270
500775350
500776046
500775308
500775251
500775629
500774514
500776274
500776231
500775021
500776233
500775768
500776270
500776267
500775464
500775974
500774809
500776247
500773380
500766946
500775997
500773629
500776143
500775740
500775385
500776241
500776144
500775810
500775529
500775284
500775893
500776067
500776234
500775533
500774848
500776124
500774860
500774710
500775865
500775064
500775602
500776279
500776259
500776155
500776023
500775871
500776044
500775303
500775638
500775321
500775207
500775254
500775644
500775761
500777163
500777608
500777603
500777255
500776884
500775606
500777515
500776748
500777384
500776493
500776096
500776668
500777554
500777461
500777300
324291581
500777278
500777145
500772967
500776833
500776480
500776114
500777586
500777420
500776739
500776049
500777111
500776816
500776776
500776692
500777410
500776338
500777259
311097254
500777105
500776869
500777313
500776414
500776372
500777049
500776905
500777528
500776774
500776723
500776314
500777537
500776858
500779271
500778910
500778528
500777130
500779438
500779275
500777748
500777625
500777869
500779496
500778585
500778379
500778340
500778996
500778285
500774248
500778918
500777629
500779323
500779359
500779432
500778749
500774821
500779470
500778974
500778090
500779126
500778580
500779512
500778916
500779185
500778397
500779213
500778814
500779234
500779386
500779377
500779361
500778304
500778621
500777863
500778056
500778110
500779166
500779122
500778927
500778557
500778045
500778066
500778031
500773305
500780009
500781544
500780572
500777013
500781603
500779808
500780446
500779871
500781279
500781141
500780988
500779820
500781149
500780781
500781513
500775678
500781714
500778982
500775675
500779451
500781505
500779904
500781448
500781678
500780637
500779653
500778358
500781022
500781134
500781435
500780229
500781254
500780427
500781629
500781626
500781530
500781532
482648715
500781329
500781018
500779690
500780632
500781272
500781487
500781344
500781288
500781156
500780289
500780298
500781601
500781475
500781378
500781332
500781102
500781074
500780330
500779751
500779797
500779639
500781207
500780777
500779931
500780785
500780257
500782047
500783397
500782657
500783223
500783075
500782719
500781310
500783227
500782073
500782497
500782631
500782270
500782666
500780407
500783174
500782294
500781832
500780851
500779585
500783142
500780173
500778302
500780222
500780485
335828818
500783334
500783314
500780538
500783371
500782275
500780281
500782557
500781875
500783123
500779592
500782074
500781970
500782803
500782219
500783233
500782676
500782816
500781826
500782562
500782830
500782418
500782071
500783143
500782688
500781351
500785078
500599416
500784823
500784801
500783639
500783476
500784540
500778689
500784902
500785056
500783962
500785226
500781661
497287308
500784906
500784383
500784957
500784209
500784592
500784550
500053959
500783485
500784797
500782176
500785130
500784864
500785223
500784255
500783434
500783788
500785143
500784103
500783941
499014064
500783690
500784638
500783844
500785116
500785043
500784468
500783795
500784593
500784729
500785077
500784495
500784007
500786683
500786329
500784995
500787091
500786936
500785798
500787058
500786248
500777442
500787123
500786956
500786290
500785850
500786790
500786921
500785539
500786911
500786159
495483620
500783506
500785407
500785424
500787137
500785918
500787008
500786570
500786325
500785574
500785451
500786982
500786727
500785562
500786104
500786663
500785929
500786661
500786765
500786155
500786806
500787082
500787122
500785372
500787063
500785917
500786816
500785567
500785447
500785952
500785285
500786000
500786229
500785822
500782084
500788235
500788211
500787748
500787640
500726207
500788746
500780655
500788739
500788342
500787191
500786509
500788457
500788441
500788639
500785765
500788470
500788344
500788590
500787350
500788398
500786393
500779384
495002898
500788692
500788332
500788323
500787423
500787688
500787388
333365656
500787778
500787327
500788585
500788538
500788284
500787790
500789976
500789390
500789102
500784231
500789544
500789238
500789132
500789967
500789124
500787421
500789657
500789412
500789740
500789442
500789641
500789156
500788933
500789915
500786801
500787821
500784672
500789905
332873417
500789886
500789489
500777658
500789659
500789365
341095101
500789970
500789197
498792297
500789673
500789719
500790069
500790944
500790728
500791810
500791641
500790094
500789904
500790993
331247812
500791784
500791694
500790630
500791682
500776727
500787959
500791993
500791512
500785187
500792038
500788981
500789503
500788335
500791987
500790519
500791498
500791208
500790150
498268549
500791979
500791841
500790575
500790726
500790747
500790875
500790842
500790666
500793094
500793520
500793482
500792971
500792572
500791329
500790744
500793204
500791365
500793497
500792512
500789795
500793320
500789981
500792242
497078226
500793394
500793572
500793194
500793067
500791155
500792301
500792526
500792573
280171386
500792990
500792945
500792385
500793220
500792343
498181957
497107182
500792360
500792363
500793298
497130864
500792855
500792761
500792509
500792601
500793395
500793214
500793097
500792239
500792364
500792795
500795226
500789654
500794501
500779608
500795289
500693096
500794715
500793508
500790671
500794096
500795284
500792281
500778614
500775576
500794972
500794235
500795091
500789475
500795006
500794441
500787666
500795201
500783252
498952918
490691870
498407574
500795195
500794481
500794336
500795051
500794448
500794006
500795149
500795221
500795194
500794700
500795722
500796219
500796018
500796874
500796721
500792332
500797021
500790126
500794629
500598872
500796380
500795594
500797098
500797042
500796819
500795606
500791975
500794951
498525937
500796581
500796638
500796665
500796606
500797116
500796632
500795460
500795650
500795616
500796302
499424235
500795501
500796708
500797019
500796446
500796986
500796313
500796667
500795592
500796428
476545711
500795889
500798091
500797398
500798670
500798077
500795363
500794739
500798307
492980422
500795443
500798190
500797710
500797352
500797606
500797559
500798505
483588942
500759223
500798293
500798535
500797961
500797652
500797475
500797560
500798699
500797819
500798644
500797593
498260986
500798802
499451523
500798389
480597406
500797421
500797151
500799278
500799468
500798711
500792292
500800319
500799357
500799361
500800314
500800081
500798539
500798215
500799833
500796584
500799709
500797491
500799965
500799252
500738879
500800064
500799487
500797375
500800257
500800269
500798859
500799323
500800020
500799457
500799329
500799372
326968142
500798855
500799519
500799818
500798932
500799638
500799689
500799124
500799640
497031479
499377819
500799445
500800729
500663007
481639156
500771222
500801105
500801180
494923942
500799943
500589817
497529515
500800714
500800508
500800633
500800427
500795846
500801041
500800832
500800496
500800711
317658483
500802560
500800110
500755733
500801270
500802724
500803033
500802581
500802644
500800507
500800755
500802181
500802979
500788936
500801377
500802455
500802408
500801929
500801595
500802713
500801926
500802491
500802827
500802595
500801575
500801587
500803239
500803885
500803633
500796196
500803512
500803847
500804208
500803727
500800581
500803441
500797357
500804147
500802977
500577210
500804087
500803156
500803773
500803276
500803627
500804176
500803777
500803986
500788039
500785962
500803669
500803884
500803391
500803442
500803843
500804145
500804007
500803301
500805141
500804240
332620046
500805064
500802754
500804801
500805098
491142013
500804446
500803247
500804668
500804263
500805082
500804404
500804494
500804815
497362249
500804940
500804423
500804615
500805031
500804840
500415114
500805312
500805718
500804610
500805644
500804977
500805630
500802499
500805914
500802389
500805881
500805533
309409791
500805251
500805276
500805285
500804289
500805669
500721423
500806515
500806322
500806181
500805987
500804841
500806848
500804934
500806250
500778093
500780344
500806272
500785061
500804972
500806284
500806169
500806424
310686014
500806262
500806001
500806167
500806443
500806048
500801903
500807245
500803508
500807159
500806134
500807373
500787099
350699703
500807053
500807384
500806319
500807227
500806899
500807063
500806943
500798221
500765550
500802963
500807816
500805171
500790181
500806880
500803079
500807785
500807539
495084907
500807688
500807845
500807643
500807501
341073432
500808364
500807882
486437704
500808028
500808324
500808317
500808111
500807991
500794057
500807992
500808060
490098133
493939890
500808292
500808285
500808015
500807965
500789174
476898477
500808405
500809258
500808972
500809068
500808503
500107781
500790811
500805619
500172321
500808548
500809317
481624282
500809395
500809200
500808902
276571565
500809212
500807980
500808472
500809643
500654788
494422691
500809582
500808812
500805579
489490497
500809411
500809633
500809589
500809422
500809705
500809901
500772537
500802277
500740080
500809892
486203173
500806977
326171378
500441241
500809692
500807762
500809886
500809747
500809959
500810101
500556781
500810039
500810044
500809412
500657167
500809974
500810059
500439536
500810369
500810249
489169184
500810338
500752060
487149208
500809696
500810324
500810181
500810589
500588773
500810579
481674609
500810644
500765631
500782301
500785504
500789725
500810592
500796470
500810730
500769546
315911354
500810690
500810209
500779988
500810955
500555723
500810857
500810941
500782704
500810984
280166252
495526051
498984398
498347559
498985007
500741097
498971700
499010614
327340441
481242818
500809439
500243523
500802382
500791094
500811413
500789543
500811581
500584607
500811454
500811531
500811482
500795807
500806452
500811856
495698431
329664127
500811811
500811886
500806016
500812098
500811967
500811898
500812147
500812139
500812079
494936067
500812061
500812109
500812030
500811930
500811906
500811916
500812315
500812381
500812345
499053002
496061479
500812251
500812601
500778362
500812759
500812618
500812478
500812700
500812661
500812723
500812567
500812663
500812753
500813010
499260924
500663184
500798835
500812920
500795872
500796836
500812803
500813002
500813504
500813126
500813494
500813288
500809958
500813214
500774790
500787332
500813322
500768572
500813471
500813437
500813318
500813357
500813166
478253978
500813222
500813662
500814110
500786730
500790280
500814195
500813637
500813531
500814143
500787573
500814208
481823823
500813882
500813660
500813731
500813944
500813674
500813627
500814328
500814517
500796641
500813972
500813747
500813710
500814604
500813271
500813630
500814708
499026841
500814654
500814409
500814558
500814396
500814718
500814358
500815371
500814859
500815368
500815326
500814464
500814506
500814522
500814536
500815205
500815364
326029045
497204081
500815373
500815231
500815253
500815953
500815948
500815552
500814861
500815554
500815921
500728437
500815742
500815450
500815737
500815771
500816115
500771623
500786420
474062555
500816382
500814595
500816455
500816539
500816310
500816491
500815570
500815486
500816331
500816150
500816560
500816417
500816213
500816525
500816258
500816044
500816569
500816545
500816592
500815544
500817062
500816812
500816768
500816880
500816361
500817026
500816138
500816671
500813844
500816868
311286251
500817725
500817560
500817186
500817694
500778306
500817187
500817183
500794173
500817710
500817465
500792663
500816798
500816806
500817471
500817690
500817666
500817748
500817268
500817404
500817525
500817086
500817390
500817472
500817493
500819418
500797933
500818143
485923528
500817894
500819073
500819024
500819193
500816313
500818926
500816907
500818532
500818351
500818111
500819387
500819091
500819574
500818906
500818520
500819563
500819384
500817112
500818881
500819550
500819500
500818609
500819463
500818819
500818928
500819204
500818964
500818939
500818615
500818038
500819460
500819456
500818153
500819870
500820237
500819756
500807873
500819982
500818314
500819778
500820117
500820273
500817845
500820322
500818989
500819955
500819991
500820309
500820073
500820335
500819794
500819739
500819921
500819631
500820362
500820158
500819830
500820303
500820014
500820377
500820358
500819851
500820267
500819717
486720998
500820847
500820813
500820739
500820709
497740680
500820564
500820987
500820678
500820790
500820545
500822062
500822114
500757044
500820747
500822101
500821681
500821953
500821636
500821477
500821116
500821390
500820609
500821451
500820520
500821849
500821625
500821925
500820613
500821402
500822133
500821163
500820126
500820121
500741521
500821385
500821664
500821961
500822199
500822019
500822081
500821347
500771744
500821735
500822074
500821655
500821547
500821900
500821899
500820470
500821840
500788291
500822042
500823771
500822467
500822351
500821736
500822947
500823823
500819773
500823827
500823972
500823984
500823819
500823826
500823973
500823813
500823532
500823167
500823822
500823046
500822272
326412164
500822255
320367398
500822643
500823422
500822567
500823618
500824035
500822934
500823329
500823781
500823615
500823184
500823287
477081164
500822292
500822770
500822675
500823486
500822618
500822397
500822586
500823855
500823718
500822837
500822814
500822665
500825433
500824128
500823506
500824988
500825254
500823051
500823512
500825209
500825335
500825345
500825412
500823290
500825277
500824181
500822541
500823934
500824729
500825363
500825357
500824554
500823439
312021675
500825083
500824462
500825288
500825133
500824851
500824484
500824813
500824269
500824777
500824716
500825161
500824482
500824263
500825936
500826207
500826583
500822175
500826614
500824588
500826637
500826629
500825714
500825786
500826607
500825985
500826402
500826053
500826562
500826350
500826641
500826568
500826139
500826317
500826221
500826507
500826272
498240224
500825544
500826238
500825577
498354202
484576473
500827630
500826679
500826963
500827297
500827087
500827418
500827600
500827699
500827511
500827713
500826738
500828506
500827166
500828185
500824836
500828158
500828377
500828203
500826696
500825185
500828297
500818475
476209401
500827878
500828335
494835465
500827390
500827954
500827982
500827806
500827932
500827941
500829730
500828549
500829025
347734745
500829573
500829608
481016005
500829165
500826723
500830633
500830351
500829909
500827575
500830003
500830160
500709534
500830752
500830678
500827204
500823535
500830660
500830323
500829145
500790067
500828661
500830731
500830644
500830730
500580841
500827271
500827902
500830196
500830133
500830739
500830733
500830512
500830256
500829915
500829293
500829395
500829069
500830428
500829275
500828957
500828584
500828516
500830252
500830506
500829952
500829899
500831200
500829538
500766478
500831656
500831259
500831202
500831421
500480137
500831384
500831487
500829186
500830123
500830770
500831624
500829536
500830408
500831370
500831428
500831597
500831241
500830980
493052297
500831270
500830839
500831655
500831414
488989753
500831253
500830783
500831480
500830986
500830947
500831312
500830893
500830938
500831268
500830962
500831288
500832214
500830771
500767452
498243946
500832315
500831537
500827678
500827281
500832188
500829425
500825275
500832277
500828102
500827499
500832072
500831984
500831830
500831936
500831915
498264563
500832105
500832078
500831680
500832464
500830235
500833885
500833032
500833763
500833106
500832835
484309178
495700297
500833562
500827508
500832376
500833908
500833511
500749665
500826291
500833681
500833484
500832965
500833825
500833707
500833139
500832852
500832743
500833453
500832429
500833895
500832527
499377348
500833353
357139118
500833774
486459458
500746668
500832720
500833037
500833656
500833655
330892409
500833340
500832774
500833116
500832597
500834905
500835185
500820738
500834275
500834010
500829076
500834007
500834193
500834898
500691736
500832681
500832468
500834034
500832607
500835202
500832885
500835108
500834545
500834573
495618973
500832881
494537147
500835186
500834359
491458808
482999538
500834215
500834422
499036379
497606048
500835064
500834783
500835199
500834080
500835938
500827537
500825572
500835674
499383505
500835556
500836127
500836121
500836115
500835478
500836110
500836071
500835826
500835437
500836100
500835967
500835961
493790509
494163288
494377345
485391980
496766117
497007179
497771077
499037387
500834571
500836119
500836088
500835439
500836151
500835948
500836907
499309678
500837468
500835978
500836513
500837460
500837458
500837145
500832880
500820708
500837449
500836480
500837446
500836881
500836421
500836942
500836858
500837406
500837400
500837399
500836912
500836473
500836229
500837285
500837249
487781600
487741115
487725580
487290254
486545612
492226974
496612295
486524694
500837106
500836411
500836534
487751394
487754160
488215785
500837013
500836438
500836397
500837016
500837264
500836959
500837654
500838080
500837331
500837826
500838389
500838264
500780033
500838284
500837028
500837866
500838431
500837815
312331702
500837516
500837940
500838213
500838421
500838099
500837533
500837848
500837950
500837996
500837545
500838435
500838238
500828592
500836814
500839268
500838766
500826156
500839098
500834763
500838970
500839131
500838974
500839186
500839019
500839254
500839084
319753646
500838516
319160008
500838723
500839001
500838708
500840334
500839009
500840419
500840363
500823539
500839456
500839483
500835410
500837483
500829834
500820997
500840101
500840208
500840125
500840380
329483571
498428427
500840148
500839223
500828848
500840189
500840989
500741281
500833971
500841966
500841337
500841525
500841942
500841941
500840624
500841935
500839349
500841518
500841524
500841853
500840653
500841874
500841067
500841058
500841932
500840730
500841297
500841192
500841231
490968292
500840781
500841074
496760056
500841785
500840914
500840707
500841950
499447103
482296336
500841755
500841127
500843269
500843519
500839994
500843417
500842056
500843433
500816588
500843508
500842409
500841212
500843219
500842441
500843488
500842794
500843243
500843427
500842470
500843450
500608198
500843346
500842985
500843314
500842275
500842745
500842476
500842920
500843493
500842436
500843434
500843142
500842022
500842119
500842250
500842660
495613980
500842451
500843108
500843201
500843181
500842948
500842569
500842780
500843081
480499933
499383615
500843731
500844874
500843582
500844782
500843890
500844797
500844278
500842227
500842048
500844849
496367779
500844869
500844820
500844771
500843662
500843929
500844708
500844119
500844672
500844653
500843792
500844551
500844873
500844342
477331740
500844281
500846523
500845157
500845668
500846663
500843784
500845220
329321336
500846454
500844371
500846640
500845481
500843933
500844944
500842314
500846436
500845879
500846455
500845378
500827101
500845132
500843702
500846464
500845291
500846270
500845405
500845516
500845353
500844929
500845859
500845369
500846360
487005657
494815245
500845483
500845896
500845022
500845332
500845640
500845149
500847231
500847711
500847256
500846740
500847849
500847994
500847520
500846952
500847107
500845343
500846728
500848000
500833311
500847991
500847949
500847315
500847180
500847791
500847006
493575239
500847598
484942444
500846842
500846989
500847021
500847604
500847627
500848928
500848360
500838752
500849106
500848597
500848425
500848231
500848165
500849184
498002598
500849124
500848923
500848786
500848846
500848859
500847399
500848491
500846753
500841837
500830794
500847387
500849140
500848554
500849017
498547360
500848462
500848227
500848135
500849194
486557121
500848502
500848983
500848357
500848116
500848743
500850096
500849817
500849601
500849845
500849310
500849968
500848369
500849966
500849948
500849430
500849063
500849510
500848890
332132783
500850015
500849806
487455088
500849950
500849679
500849420
500850071
500849813
500849721
500850931
500851430
500851295
500850208
500778641
500849349
500849033
500851370
500850902
500836785
500851086
500850910
500851417
500850848
500851443
500851212
500850849
500850217
500850143
500851423
500851598
500851307
500851122
500850947
500850555
500850427
500850176
500851779
500852911
500852977
500848345
500851765
500851776
500849579
500852353
500852114
500847902
486282087
500852932
500823427
500852697
500852772
500852034
500847505
500846716
500852654
500852862
500851902
500852693
500852040
500852239
499063885
500852268
500851885
500852031
500851740
500851847
500852622
500852097
500851800
500852542
500852746
500852667
500851867
500850804
500854067
500852858
500853463
500853086
500852059
500603128
500852482
500836519
500853770
500853069
500853448
494983114
500853746
500853833
500853045
500854096
500854020
498727333
500853564
500854006
500853280
500853263
500855167
500854504
500853748
500854687
500854659
500854220
500654635
500854971
500824710
500855163
500842017
500854316
500848338
500851386
500855256
500855245
500851485
500855233
500855329
500854122
500855208
500854514
500855287
500855179
500854612
500855224
500854475
500854676
500854197
500854143
500854246
500856045
500845998
500852213
500844684
500855630
500856109
500856061
500855763
500854554
500856167
500856936
500844750
500850336
500857016
500856670
500856200
500856662
500855792
304231455
500856566
500856213
500856182
500855886
500853552
500792940
500858605
500858488
500836648
500858164
500853777
500857845
500821619
500857468
500858580
500857654
500856775
500857163
500856150
291357155
500857652
500857607
498028453
500857589
500857137
478224482
327917455
500857426
478607918
500858623
500858565
500858512
500857433
500855815
500857276
500858932
500859924
500859788
500859245
500856655
500859919
500859504
500859837
500857860
500857122
500858955
500858461
500859858
500859621
315905658
500859526
486561157
485521984
482072943
494768245
486517497
478054499
496717795
480282744
485361141
489044867
487489560
487012268
500859184
480283374
486360400
480127728
480153386
479641121
474117925
478493781
500859395
481964541
320519113
487164147
479939893
500859050
500858864
500859153
500859237
500859961
500859576
500861201
500861744
500860751
500860437
500860373
500854837
500860714
500861362
500860793
500859083
500860008
500860124
485690622
500861752
500860403
500860547
495881197
328334185
500861439
500860787
500860710
486343226
490230007
485362376
301123874
485600828
486323226
492542610
486555232
500861252
500860410
499497194
500862511
500864002
500863159
500863938
500864046
500863252
500863759
500862573
500860562
500863145
500862137
500862975
498617457
500863519
500857736
500860519
500862816
500862670
500864030
500858956
500858108
500852216
500863572
330956720
500863421
500862096
500862484
500858941
500863509
500863198
500862451
500863301
500862632
500861951
500863872
500862414
500862761
500864076
500863373
500862880
500863267
500863442
500862366
500865105
500865290
500865307
500864868
500864850
500865658
500864862
500864437
500864709
500864516
500863563
500860917
500864282
500865358
500864612
500864480
500864156
500865306
500864367
500857987
500865831
500865591
500865870
500865769
500864767
500865555
500864411
500864166
500865118
327888271
485886293
500864590
500864785
500867410
500864261
481650060
500867725
500867510
500864400
500867948
500867460
500829335
500866685
500864226
500866863
500867730
500842886
500866538
500865250
500828342
500867541
500866888
500866121
500864768
500866792
500867551
500866521
500867499
500867900
500867633
500867556
500867407
500866778
500866987
500865955
500867362
500867113
500866825
500866573
500866196
500858895
500865930
500867228
500867173
500867164
500869180
500869730
500868139
500869635
500869033
480411276
500869837
500857419
500869375
500844354
500867977
500866655
500868206
500869744
500867028
500868409
500868663
488859453
500869186
500868444
500869785
500869745
500869314
500869497
500868159
500815401
500869417
500869434
500869056
500868455
500870918
500870569
500871765
500871332
500871122
500870788
500870194
500870603
500871606
500871737
500871477
500870642
500871644
500870412
500870505
500871598
500871688
500649048
500870921
500870402
338889117
500870074
500871619
500870139
500869991
500871133
500870186
500870058
500870592
500870207
497966881
497979625
500870509
497981937
500870646
500873275
500873092
500871805
500872190
500872994
500869692
500823235
500872594
500872825
500873016
500873210
500865148
500872737
500873178
500873167
500873096
500872551
500872331
500872197
500873239
500873218
500871827
500872700
499155302
500873145
498801812
498859031
500872334
500875122
500874246
500873329
500875186
500872486
500874492
500874005
500641347
500875116
500874011
500875363
500872122
500873345
500874916
500874590
500872085
500875567
500875182
500874624
500875138
500873375
500874945
500874371
500873410
500874894
500873294
500875336
498941882
500875274
500873968
500875099
500875355
500875155
500873440
500873503
500873493
500874407
500874031
500876012
500877201
500875900
500876920
500877691
500877670
500820392
500866667
500876766
500876756
500877654
500874336
500877640
500876661
500877192
311193474
500877092
500876435
500876741
500877760
500876132
500877242
500876715
500876550
500877139
500877606
500875895
500869816
500876277
500872939
500877867
500876033
500879067
500878687
500877817
500878323
500836718
500829846
500879322
500879020
500877551
500878964
500879021
500878493
500878120
307861149
500878554
500878980
500880593
500876757
500881771
500880770
500877482
500880553
500878188
500881809
500880981
500878778
500877570
500879074
500877988
500881794
500880654
500881783
500878719
500881418
500872675
500881759
500879823
500862493
500877977
500877177
500880275
327084336
500879713
500881225
500880970
500881693
500881272
500881284
499289966
499365405
499509943
500879747
499271066
499668375
499524999
500879877
500881060
500880113
500883787
500883720
500883006
500883481
500881565
500882397
500881955
500883535
500882329
500869463
500871856
500882274
500883601
500880165
500883186
500881331
500883372
500879571
500876325
500883713
500883699
500882846
500882412
500881884
500882032
500882695
500881902
500881599
500883714
500883017
500881912
500882271
500884681
500884669
500881295
500884379
500884253
500883405
500885456
500884147
500885131
500884692
500884089
500879283
500885021
494067317
500885335
500875972
500883388
500885374
500885360
500883926
500884304
500885229
500885443
500884095
500884489
309766266
495529751
329497971
500886016
500886740
500886484
500885922
500888121
500888067
500888397
500888081
500837685
500887438
500888245
500888789
500888777
500885579
500887650
500888077
500887150
500888421
500888750
500886570
500883689
500839922
500887539
500888733
500884081
500750419
500887114
500887960
500879338
500887541
500887579
500888511
500888240
500888776
326568865
318666034
500888225
500888372
495927452
500889742
500888809
500890386
500887226
500886567
496984326
500888869
500889701
500885593
497053784
500873317
500889625
500889183
500890335
495060256
500889687
500888927
500890094
500889692
500891249
500887021
500890648
500883993
500891496
500885545
500891610
500889986
500891441
500890878
500890961
500885905
500890991
500890293
500891061
500890712
500891024
500891387
500891501
342356543
493194319
500890796
271972086
500892194
500891073
500890909
500891740
500892158
500757996
500891893
500892677
500888860
500892127
500890866
500865171
343463116
275265745
500892623
500892422
500892096
500892532
500891908
500891950
500893652
500893575
500892726
500893550
500893684
500893683
500893564
500893672
500893642
500892517
500893138
500893237
500893460
500893153
500894505
500893792
500894458
500775428
500894345
500891146
500894152
500894470
500894173
314942285
276030746
500893942
500894017
500895012
500893203
500894852
500885901
500894958
500737494
500888978
500894880
500894752
500894944
500889738
335199763
500894653
500895069
500895090
500894225
500894098
500895357
500895286
500892563
500884866
500760407
500894792
500890282
500895240
500894954
500895737
500895446
500895444
500848445
500895606
500895349
500895447
500847624
500896258
500895982
500895828
500895940
500577732
500833253
500896171
500896749
500896640
500896689
500894675
500896735
500896546
500851949
500896543
500896569
500896420
500882485
500863528
500893895
500896453
500896474
500896636
500896743
500896010
500896994
500896857
500896912
500896897
500896948
500896979
500896977
500820021
500896850
500896862
500897130
500897241
500897086
500817986
500897275
500790190
500897046
500897158
500849031
500224109
500887091
500265724
500897332
500897364
500897588
500897564
500897512
500897539
500216923
499604146
500897594
500897595
304226252
500897600
500897815
500897726
500897772
500815445
500864159
500839595
500894830
500893264
499314436
500867989
499089823
500013798
500109413
500898114
500898124
500898101
500842807
500849867
500859311
500521742
499680357
500886191
500119777
475806220
500898319
500104458
483672741
500780323
495380840
500898248
500784094
335492799
495198175
500898218
500898138
500833169
500898433
500898359
500898405
500898437
488755529
500096050
500144138
500898522
497208457
500895364
500898679
500898660
500862291
500870926
500777266
500898612
500891022
500060305
500898706
500879886
500067237
500898905
500898775
500846174
500864330
500898801
500898890
343467956
500880789
500898997
500884070
500476357
500862273
500898143
500899008
500899000
500874827
500899004
500791897
500899092
500899098
500810570
500899086
500899294
500899270
500899303
500899261
500862690
500890231
500899528
500899521
499961541
500899531
500865161
500880531
500632105
496895928
500899821
500899790
500871552
497122272
497289346
500899574
499593264
500858037
497338080
500899618
500899663
315100504
500900047
500899941
500899900
500875324
494511227
500899989
500899937
494611139
494752134
495074454
500900001
500899852
500899597
500886328
500893786
489721124
500900071
500900148
490004606
500899869
490467706
500900246
500900328
489219372
500900659
500900525
500900542
500872915
500900388
500900671
500900422
500900382
500900594
500900585
500894648
500900597
496547400
489004165
489017757
500900321
489009591
500900489
285925260
309793031
500900438
500900428
500900363
500900501
500901303
499045376
500901277
500840212
500901281
500901271
500901092
500901007
500900933
489113283
500901241
500900772
500901228
500901142
500901657
500901465
500774924
500901515
500901114
500823926
500901601
500901703
500886606
500901432
500901554
500901339
500901324
500901924
500832705
500902378
500902301
500902351
500902184
500901903
500901632
500902256
500902130
500902304
494811495
500902121
500900891
500902092
478100882
500902335
500902136
500902105
500902238
500902803
500902444
500902615
500902741
500902584
500902774
500902133
500902610
500901626
500902887
500902561
500902624
500902945
500902844
500902930
500902936
500902968
500902472
500902818
500902870
500903748
500902057
500903646
500903513
500903733
500903475
500903016
500903624
500902037
500903192
500903287
500883964
500901310
500903660
500903556
500903343
500903269
500903538
500903590
500903601
500903652
500904057
500904297
500903897
500903559
500903867
500901535
500747509
500904185
500904300
500904033
497700265
500904051
500904145
500904501
500904352
500905203
500903971
500904466
500904926
500904751
500905069
500904752
500882239
500903847
500860130
500903137
500903763
500905146
500904886
500904910
500905125
500904356
500904479
500904499
500905164
500904739
500904855
500904502
500905202
500904476
500904802
500904605
500905131
500905247
500905427
500653220
500905961
500904587
500905470
500905476
500905863
500905360
500905814
500906166
500905973
500903951
500905586
500905807
500905624
500905982
500905942
500906100
500905358
500906125
500905235
500905826
500906117
500906015
500905967
500907034
500906698
500906672
500906758
500906663
500820059
500906573
500906324
500904123
500906563
500906811
500907088
500906777
500788227
500906424
500907076
500907070
500906609
500907062
500906918
500906335
355100603
500906829
500906606
500906208
500907057
498944049
500907048
500906665
500906964
500906762
500906199
500906550
500907228
500907844
500705020
500907672
500906881
500907719
500907827
500907108
500906482
500907326
500905224
500903097
500905860
500906981
499561438
500906363
500906850
496289800
500907596
500907770
500907206
500907036
500907459
500907513
500907142
500907134
500908827
500908587
500909382
500908589
500908573
500909722
500909295
500908088
500906425
500908706
500762562
500909705
500907508
500909614
500907346
500909699
500907986
500909695
500908952
500909491
500909160
500909484
500909038
500908502
500908243
489111427
500909651
500909305
500909209
500909053
500907943
473410691
500908135
500908220
500909482
500908798
500908229
500908632
500907853
500909839
500909343
500909870
500909898
500910659
500910620
500909951
500910328
500899361
500849882
500909991
500909495
500910339
500909903
309450130
500910528
500909737
500910178
500909899
500910524
500911400
500910868
500910295
500909263
500866238
500910135
500910352
500908515
500911391
500910815
500910351
500911361
500911331
500911198
500910537
493385975
500911160
500910754
500911489
500910960
500911101
498034176
500910974
500911283
500911296
500911210
500911033
500911419
494470503
500912060
500911505
500912361
500912236
500912321
500911953
500911839
500911497
500911810
500911700
495620166
500911738
500911849
500825772
500911407
500913766
500913765
500912159
500910503
500911835
500911851
500912059
500912396
500910633
500913619
500911521
500912168
500913184
500913701
500910278
500912585
342163307
500913287
500912713
500913661
477624282
500912739
500913122
486324513
314838976
500912925
500912716
500913433
500913310
500914453
500913361
500912573
500913846
500914425
500913961
500881236
500913971
500913517
500914482
500907960
500914067
500914336
500914420
500886601
500914749
500912238
500908242
500914795
500913898
500914446
500914384
500914687
500914702
500914202
500914478
500913903
500914489
500914166
500914736
500913984
500914901
500914314
500911493
500911519
489685883
500915190
500821627
500914412
500896778
500914923
500826996
500915131
500914979
500913035
500911127
500903241
500915299
500915493
500915476
500915138
500914955
301680542
500915431
500914994
500915429
500916349
500915311
500916188
500915705
500916652
500916507
500818745
500916345
500913848
500910856
500916084
500916626
500915707
500916454
500916374
500916359
326031317
500916226
500915670
500915788
500916285
500915830
500915555
500916422
500915588
500915661
500916204
500915778
500915897
500915630
500917365
500917688
500917603
500912898
500917476
500917256
500917665
500916683
489178267
500917367
500917653
500917417
500913303
500916764
500916089
491804389
500917626
500916903
500917411
500917350
500917514
500917508
500917631
500917293
500917057
476753945
500918307
500918082
500917089
500917867
500911006
500917522
500917852
500918298
500917718
500918263
500916822
500918265
500904391
500917105
500918138
500918599
500917850
500918478
500918335
500917962
323694875
500918548
500917813
500919336
500919116
500918847
500919327
500919044
494114602
500919191
500918734
500918757
500917470
500917505
500917507
500911569
342394674
500919235
500919179
500918941
500918761
500919359
500919293
500919130
500919085
500919008
500919657
500920183
500920471
500920350
500918036
500907957
500918738
500920227
500920354
500920067
500920496
500916904
500920039
500920557
500919587
500920694
500919614
500920653
500920409
500920367
500920238
500919630
500919582
500919442
500919591
500919606
500920527
500919836
500919461
500919936
500920476
500919951
500919558
500921681
500921145
500921185
500921455
500883838
500921706
500910149
500919877
500921572
500921586
500914874
500918778
500914167
500906945
500920749
500919618
500921225
500921809
500918259
500920575
500920861
500921632
500920972
500921666
500921288
500920802
500850034
500921196
500921762
500920835
500921483
500921101
500921240
500921338
310183385
500922348
500922299
484040735
484027564
500922717
500922569
500924009
500923005
500923646
500923992
500922090
500922877
500918459
500923028
500923926
500862947
500923554
500923974
500923830
500922761
500923921
500923816
500923695
500923432
500923374
500923426
500923969
500923835
499446188
499417585
500923227
500925051
500923282
500922976
500924892
500924967
500924271
500924749
500924973
500924593
500924875
500921077
500923747
500838682
500918346
500923288
500910897
500924527
500924240
500924053
500924828
500924585
473352910
475220410
485442998
500924422
498658117
500925787
500925221
500924959
500920130
500922843
500896603
500906339
500925919
500920189
500892879
500925967
500907668
500925673
500924450
500925803
500925957
500922538
500925391
500923145
500925375
500925386
481954751
500925176
500925299
500925531
500925828
500925821
500925665
500925080
500925713
500925125
500926717
500926778
500923132
500926006
500926085
500926768
500924446
500926327
500926751
500926343
500924091
500926738
500926449
500926600
500926003
500926184
500921233
500926326
500926695
500926642
500926332
500927009
500926079
500927314
500927646
500927230
500926802
500927416
500927584
500927174
500920134
500911857
500927633
500925800
500927371
500927010
500926387
500923588
500919396
500927284
500925171
500923737
500927631
500927338
500926984
500927340
500927321
500927694
500926909
500927189
500927309
500927592
500928900
498992666
500928804
500927405
500924782
500928663
500928652
500928588
500928238
500927752
500926842
500928870
500496288
500928144
500928136
500928386
500927724
500928056
474407138
500928585
500927979
500930403
500930433
500929938
500927821
500882433
500929035
500929339
500929660
500930114
500929254
500929365
500930002
500928848
500930843
500929428
340277815
500930313
500930015
500929013
500929005
500929563
500930273
500930531
500930301
500930113
500930088
500931363
500929513
500931091
500931874
500931794
500919662
500930853
500931462
500929107
500931868
500931791
500928335
492041281
500931477
500931318
500931596
500931185
500929184
500931645
500931743
500931832
500928140
500931828
500931497
500931842
500931812
481367374
338705395
339239291
500931583
500931673
500931422
500930883
500931864
500931195
500931557
500931226
499331960
500932992
500928635
500931971
500930631
500932663
500932048
500933101
500932321
500932874
500932037
500925264
500932569
500932111
500932134
500926990
500933075
500932296
492843532
500932655
500931608
500932867
500932637
500932233
500932775
500932029
500932361
500932133
500932833
500932582
496689679
500932669
340691834
500932625
500932306
500932239
500933776
500933284
500933289
500933842
500934092
500925552
500932578
500910357
500933195
500934040
500933428
500933465
500925237
500933534
500933982
500933774
500933297
309320941
500933486
500934107
500933285
500933485
500933413
500933258
500933919
500933086
500933317
500933701
500933389
500934734
500933587
500934702
492931720
500934368
500934239
500934802
500934448
500934257
500934670
500933804
500934414
500934814
498837728
500934266
500934093
500934631
500934206
500935401
500935505
500935730
500935264
500931786
500935705
500935700
500935328
500935353
500935684
500929174
500935320
500935391
500934985
500935231
500935640
500935104
500935283
500935437
500935990
500936818
500936029
500936311
500935956
500936395
500936406
500936968
500936862
500936624
500936969
500936935
500917282
500936641
500936439
500936402
500936797
500936506
500936245
500936165
500936677
500936302
500936714
499170675
500935642
493347146
500936877
500936233
500937099
500937696
500938006
500937807
500937032
500854549
500937411
500937463
500937575
500937963
500937812
500933627
500937950
500937315
500937652
500937349
500937928
500937314
500924366
500937261
500937677
497778256
497820156
500937376
500937550
498837459
498859285
498939161
500937837
500937425
500938624
500938402
500937903
500937083
500938681
500938141
500937773
500938387
500937068
500938769
500938834
500938379
500938299
500938271
500922693
500938505
500938464
500938289
500937415
500902745
500938778
500938043
500938244
500938323
500938341
500938155
500938665
495796910
500938302
312142627
500938415
500938109
500939605
500936294
500939526
494452358
500937406
500939554
500939642
500939418
500938949
500938958
500938376
500939537
500939406
500938876
500939606
500939199
500939022
500940841
500940832
500940349
500941076
500940882
500940685
500940626
500940923
500940428
500940880
500940596
500939815
500940637
500940838
500940093
500940047
500940926
500940311
500939804
500940892
500941053
500940814
500940738
500940613
500941035
500939824
500940867
500941028
500941025
500941022
500940474
500940849
500940347
500941000
500940995
500940957
500940827
500940227
500940808
500940059
500940222
500936202
500941059
500940950
500940488
500939880
500939689
500940869
500939726
480479976
500939714
500940769
500940640
499320439
500940090
500939866
500939788
473432623
500941415
500941785
500942132
500941381
500941661
500940045
500942248
500941710
500942406
500942067
500941856
500941470
500942046
500941290
500941081
500942260
500941276
500942397
500941802
500941239
500941665
500941429
500942112
500942383
500940494
500941916
500942374
500942371
500942197
500941860
500941296
500942379
500941595
500941147
500942164
500941176
500942396
500942375
500941280
481449656
500941633
324027733
500941129
500941936
500942496
500943378
500943353
500943046
500942340
500943058
500941634
500942889
500942882
499321568
500942871
500943307
500943400
500929138
500943096
500943161
500941573
500892130
500943348
500940243
500943468
500943387
500943513
500943495
500938886
500937242
497486471
500943428
500940906
500943493
500942863
500943341
500943270
500942713
500943344
500942579
500942664
500943457
500942550
500942581
500944417
500943297
500944134
500944056
500943986
500944200
500942498
500944523
500942974
500941666
500944395
500944011
500944505
500944172
500943582
500944444
500944145
500943734
500943748
500943668
500942576
500943779
500944479
500943594
500943938
500943907
500944240
500943124
500943849
500943647
500943902
500944371
500944088
500944348
500943920
500944451
500944034
500945745
500945893
500946156
500944436
500943809
500945984
500945779
500945721
500946513
500946467
500946111
500946512
500946244
500946191
500944445
500945813
500944560
500931904
500945371
500946175
500945958
500945881
500945926
500945683
500944573
500946117
500946260
500946430
500945592
500946192
500946444
500946342
500945104
500946130
500944931
500945736
500945565
500945507
500946457
500945597
500946023
500945212
500944803
500945924
500945211
500944890
500945334
500945575
500944895
500947966
500948128
500946653
500948278
500947903
500948277
500945082
500948275
500946793
500948184
500948202
500947794
500948108
500947026
500948187
500948159
500947362
500947314
500946020
500946791
500942078
500947471
500947951
500947403
500947592
500947995
500947769
500946652
500948015
493540686
498340585
500947122
326548402
500946707
485577562
489500832
489504037
486506464
500946849
341834500
481194555
481199495
500947443
500946798
500947544
498909565
500931573
500949110
500949291
500949713
500947459
500949697
500949695
500949504
500949343
500946826
500935250
500948720
500948439
500946961
500935301
500949576
500949380
500949498
500948538
500949557
500948331
500947407
500949087
500948467
482062098
500949028
345125878
500948346
497559207
500948450
500949055
500948388
500948318
500950501
500950879
500949213
500948646
500950328
500942487
500940734
500950762
500946044
500950380
500950273
500950818
500943635
500948795
500950587
500951052
500936617
500951048
500950683
500950018
500949568
500950835
500945421
500941309
500949830
500946535
500950626
325605037
500949890
500950250
500949861
500950537
500949871
500950593
500950178
500950190
473779176
500951056
500950985
500949753
500935150
500952372
500951448
500951834
500951895
500951735
500943501
500949453
500945865
500951894
500950359
500951771
500952259
500946541
500950115
500952073
500951521
497916439
500943595
500952547
500952357
500952503
500952481
500951975
500952254
500952342
500952246
500951798
500951433
500951784
500951808
500951979
500951525
500951476
500953563
500953899
500953894
500953891
500953140
500953107
500952985
500953408
500953081
500951230
500953151
500952385
500951511
500953447
500952939
500953840
500953276
500953310
500952746
500952813
500953270
500952695
500952948
500954859
500953117
500952826
500955052
500953969
500954703
500955058
500952586
500955004
500953481
500954647
500953249
500954586
500936146
500955047
336783577
500954133
500954069
500953959
500954996
475484065
500955603
500955822
500953541
500955716
500955638
500955871
500956220
500956131
500955693
500955859
500956191
500947739
500955524
500955357
500955477
500941678
309651512
500955421
500955619
304317063
500955233
500956210
500956134
500955758
500944749
500957748
500850425
500957406
500957979
500957135
500956891
500957387
500957567
500958027
500958025
500957976
500957836
500957234
500957743
500953190
500944608
500957814
500956289
500957882
500957645
500957075
500956688
500957389
500957343
500956974
500957804
500957648
500957186
500951268
499222362
500959524
500958162
500943611
500958363
500958257
500949448
500959225
500958184
500958396
500959205
500958290
500959082
500958561
500958868
500959054
500958092
500957886
500947344
500957520
500958799
500959354
500959221
500959164
500959375
500959119
500959578
500959419
500958470
500960057
500960605
500959851
500960711
500960508
500959701
500960741
500960299
500959935
500960068
500900859
500960616
500960075
500960909
500845488
500951478
500960899
500959959
500960279
500960046
309613341
500960661
311027404
500960394
500960168
493442184
500959641
500959858
500962184
500962040
500961040
500962144
500962173
500960697
500838879
500959122
498727899
500961205
500961085
500959325
500961497
500962010
500961219
500961478
499082722
500961946
500961216
500961301
500961030
500962187
500961088
500963617
500963512
500961026
500958224
500793559
500962991
500961637
500963239
500963402
500950390
500962964
500963940
500963398
500961245
500962762
500962461
326963635
344410081
500963979
500962966
313902019
491040615
500962961
500963912
500962380
500964035
327422626
500962933
500963270
500963347
500964957
500960142
500965576
500963404
500965706
500965174
500906955
500941328
500965458
500964298
500964796
500963603
500965204
500964316
500961024
500965085
500965187
485224473
500964171
477318539
500965466
500965287
500965176
500965158
500965517
500964134
500965169
500965545
500964671
500965993
500964191
500958905
500967044
500961832
500965205
500965812
500966901
500967002
500965878
500967000
498180566
500966267
500966754
500966679
500966203
500966389
500966053
500965902
500965898
500969963
500969912
500969975
500969158
500969668
500968729
500969937
500970071
500969974
500968965
500551597
500969585
500969977
500969883
500968658
500969997
500967795
500969636
500969700
500970025
500966732
500968909
500969754
498518561
500967568
320800539
500969709
500968621
493460625
326030765
500968900
330573851
500970122
500968599
500968343
500967137
500970054
500969947
500967318
500969179
500967755
500968733
500968495
500968283
332420649
500968773
500967604
500967331
500967473
500971336
500971314
500970580
500971266
500951379
500967797
500971310
500971306
500970838
500971181
500971133
500970796
500963799
500971294
331494041
500970200
500970388
312090305
500970160
500970990
335537654
500970515
500970773
500971264
500654458
500970146
500972307
500972271
487602364
500972230
481101317
500943816
500972326
500972322
500971951
500890740
339611065
500971757
500968479
339645167
500972149
500971734
500971907
500969136
500922387
500970416
500972276
500972047
500971521
500973141
500973139
500940929
500973128
482455851
500949620
494988737
500972714
500153623
500972674
500972563
500972997
500972854
500972762
500972689
500973086
500972925
500973459
489012603
500974097
500973846
500971899
500973677
500972609
500973766
500974007
500974126
500973707
500973422
500973694
500973767
500973520
500975079
500975506
500974663
487625889
499775382
500969727
500975622
500970015
499468898
500974995
500975518
344601296
500975817
500976496
500974469
494524850
500974575
500960210
500960106
500976394
500972435
500970397
500975989
500976462
500976744
500964163
500976664
500976754
500977179
500967630
500977086
500976660
500970760
500975671
500976991
500976869
500976787
500977555
342341649
500977686
500977489
500978044
500977936
500977556
500977833
500977933
500977611
500978349
500978291
500978304
500973271
500978195
500978344
500978236
500978609
500978565
500975685
476078814
500868319
500978440
500907054
500975488
500978768
500978700
493355550
492659320
500978702
500978650
500978861
500978922
500951210
499656848
500978993
493928156
500952661
499890915
500979040
500979222
473682930
500979395
500979397
500979388
481636124
498484856
500979625
500933140
500979568
500979633
500974209
500979747
500977324
500979673
500946250
497489628
500099420
500947136
500980085
500980079
500931214
500928683
327779973
500980082
500980083
354467508
500832087
500950368
500941123
500980212
492040595
500917480
276665302
500980378
500980373
500980294
491446697
500980434
500980505
500928805
500980641
480594071
500605590
500980617
500980621
500980774
500836049
500980787
500980788
500949800
481291408
500977760
500967705
500926958
500980864
500980956
498080171
500981016
500980941
500980885
500981167
500981156
500981148
499264909
475093407
500981375
500929706
500981427
500981437
499318704
330219671
500981428
500981352
500981362
500945196
500939820
500900408
304880180
321456999
500981835
500972769
500981720
500982176
500982366
500982759
500923106
500981077
500982543
500982700
500981856
321454485
500982796
500982714
500982234
500981623
321331312
500982491
500981902
496750936
500981907
500983233
500981952
500983281
500982977
500982183
500983025
500983147
477496876
500983179
500983087
500983083
500983212
500983254
500983098
500983758
500983841
500983420
500983663
500983674
500983617
500983564
492714158
500858510
500983303
493180421
500983861
500983782
500984140
500984273
500984177
500984206
500984380
500984418
500983426
500984318
500984229
500984325
500983170
500984128
500984124
500984153
500984045
500983949
500983994
500984180
500983973
500984539
500984905
500983093
500984755
500848164
500984478
500984810
500984957
499312798
500984551
500913247
500509970
500984608
500984845
500984576
500984775
500984771
500984687
500984789
500984660
500984634
500985631
500955506
500985622
500985213
500985430
500985088
500985602
500985552
500984925
500985571
500985085
500985265
500985465
500985358
500985291
500985580
500985489
500985387
500985588
500985290
500986612
500985168
500986092
500986637
500986479
500986330
500985804
500986144
500985691
500967683
500985828
500986496
500986463
482021071
500986247
500985895
498747342
500986054
500985683
500985677
500986065
473432424
500986242
500985836
500985808
500987547
500986687
500986658
500918414
500986735
500986821
500987473
500987506
500985070
500986697
500985525
500983901
500974520
500987174
500987249
500987462
500987456
500987522
500987385
500986953
310738111
500986852
500986857
500987034
500987040
500985846
326970861
500986705
344235904
500986864
500988373
500858327
500988278
500988000
489662075
500988370
500987454
478636513
500988274
500987065
500987697
500988361
500987759
500987258
500988133
499303374
500987611
500988187
311078635
500988042
500987751
500987854
500987824
500987693
500988307
500987777
500988235
324613364
500987925
500987831
500988190
500988059
500987885
500989072
500988445
500987961
500988867
500988700
500988995
500989026
500987690
500989020
500988997
500988601
500988885
500989031
500990983
492767135
500990167
500839469
500990920
500990714
500990567
500991075
500988526
500989222
500990271
500989341
500989434
500991224
500940065
500989090
500991182
500990753
500990055
500990396
500990511
296011790
500990021
500991207
500991110
500989802
500989752
500991076
500989207
500990327
500990737
500989217
500990082
500990539
500990957
489616216
500990634
500990904
500991046
500989740
500990691
500990514
489406574
495401509
498758291
498439037
500989839
500989391
500989354
495534649
500990536
500990049
500989209
500991724
500991538
500991644
500861318
500992147
500981604
500990036
500989963
497891078
500947679
500989091
500992152
500992150
500989965
327344452
500984486
500991526
327359428
500984113
500991810
309438907
500992066
500991728
500991721
500991461
500991638
500991501
500991330
500991503
500991847
500991039
500993068
500992968
500992845
500992339
500991964
500991356
500989455
500993043
500993041
500966335
496730782
500992007
500993015
500989611
500992537
500993005
500991969
494977192
500992976
500992487
500992304
500992580
500992953
500992749
473048918
500993762
500994229
500994215
500991395
500993650
500988382
500991720
500928999
500992723
500994186
500993933
500993988
500993855
500993613
500993543
500994030
500994151
500992232
500993288
317842108
500993325
500993299
500993739
500994183
500993774
500993100
500994185
500993318
500993844
500993513
500993550
500993245
500993317
500993308
500994750
500995153
500995234
500995196
500995291
500993924
500994363
500986370
500991982
500995260
500993602
500994995
500993232
500989950
500968960
500985731
500995013
500993677
500994561
344736211
500995203
500995239
500995219
500995228
500995133
500994308
500994680
500994996
500995053
500994788
500994531
500994877
500995841
500993786
500984463
500996153
500990288
500991874
500995407
500996129
500995327
500983131
500991763
500992397
500851442
500995727
500995665
500996090
500995963
500995374
500995728
497181187
500996125
497729826
494696053
500995797
497328267
500996156
500995358
500995893
500995394
500997003
500996373
500996220
500865501
500996209
500996353
500996992
500975486
500988039
500996232
500995704
500996776
500996647
500996520
500996293
500996893
500996584
500996749
500996274
500996291
500996358
500996453
498764552
486759999
499182839
500996398
500996791
500996206
500996700
500996852
500996365
500996909
500996661
500997733
500998153
500997570
500994737
500995839
500997627
500997380
500996439
500997906
500998180
500997607
500987571
500997739
500998173
500997268
500997621
500870738
500997848
499251509
500997743
500997888
500998205
500998060
500998149
500997344
500997224
500997877
345445946
500997601
500997695
482682897
500997659
500998654
500999167
500999004
500998920
500999155
500997390
500998412
500988079
500999064
500991992
500998278
500422572
499634497
500998384
500999016
500998605
500998727
500998483
500998521
500998668
500998332
500998592
500998554
500998248
498461352
500999957
500998927
500999271
500997306
500999290
500998699
500999786
500999269
500997464
500921505
500998284
500997721
500998930
500922747
500999702
500999223
500999971
500999836
500999863
500999471
500999466
500996772
500999734
500999390
500999274
501000864
500997746
501000448
500993713
501000144
500999679
499057398
501001030
501000512
501000349
500997274
501000336
501000928
501000807
501000800
501000023
501000079
501000949
501000508
501000138
501000857
501000499
501002215
501002493
501001973
500997522
501001620
501000282
501000816
501000837
501002384
500990080
501001209
341824377
501002103
501001953
501002344
501001178
501002000
497188732
501003366
501001662
500999927
501003483
501003042
501001682
500930153
501002799
501002581
501003692
501003318
501001698
501003591
501003268
501002514
494843712
501003278
501003553
501003301
501003114
303889745
501002906
501002579
501002895
501003356
501003561
501003170
501002978
501004062
501004469
501004631
499405710
501002562
501004222
501004281
501000500
501004600
501004597
501002335
501004328
501003866
501004635
501004242
501004516
501004020
501004645
501003752
501003738
501005791
501005527
501005085
501005857
501004649
501005726
501001723
501005384
501005356
500998649
501005297
500986368
501000062
501005506
501005279
501005633
501005205
501005682
501005340
501005885
501005586
498728572
501005029
501005887
501005819
501004897
501005619
501005135
501004835
501004795
501005748
501005687
501004851
484885349
501006734
501006678
501006882
501006172
501005487
501005920
501005959
501001637
501006513
500834636
500993506
501006393
501006110
501006753
501006570
501006452
501006755
501006707
501006622
501006186
501006374
501006831
501006079
501007601
501006104
501007270
501006626
500994644
501007002
501006372
501006644
501007667
501007473
501005220
501003171
501007143
500989192
501007340
501006944
501006922
501007164
501008074
501008694
501008647
501008097
501008552
501008520
501008366
500748613
501007803
501008347
501008127
501007856
501008581
501008370
342770991
501008179
342303126
501008665
501007894
495782819
501008567
501008444
501008623
501008427
501009891
501006751
501009610
488687099
501009886
501006359
501009878
501009417
501009702
501008857
501009470
501001145
499674558
501009858
501009440
501003260
501009181
501008860
501009864
501005261
501008829
501009019
501008786
501008864
501009560
501008899
501009073
501010956
501010624
501010072
501008780
501009571
501003073
501005579
501011053
501010690
501011008
501009378
501011007
501010516
501010926
501008224
501004003
501010721
501011055
501010678
501010716
501009915
501009917
501010955
501010154
501010002
501010907
501010827
501010757
501010694
501011965
501001400
501009938
501011903
501010307
494757266
501007580
501004546
501011683
501011374
501011815
501011953
501008814
501010210
501010420
501011235
501011637
501012404
501012389
501013050
501012849
501012882
500996065
501013005
501011172
501012722
501013006
501012989
501012443
501010707
501012268
472597218
501012993
501013090
501012486
498906515
501012148
501008502
501013981
501014022
501008175
501014217
501009573
501014288
501013826
501014281
501014179
501012473
501013383
501013108
501013447
501009961
501014246
500992808
500998747
501014231
501013948
501013788
501013697
501014159
501013604
501013474
501015062
501014758
501014432
501015212
501014794
501014601
501013254
501011757
498531924
501012990
501014814
501014901
501014529
501014450
501014475
501014574
493290256
501015935
501016103
501016144
501016033
501015346
501015965
501015861
501015197
485842165
501015990
501015785
501015838
501015579
501016111
501015986
501015784
478503343
501015710
501015397
501017096
501017081
501016419
501017004
501016196
501016903
501017365
501017034
501016266
501016059
501017341
501017193
501017267
501017173
501015205
501017277
501016319
501016852
501016869
501016453
501016403
501016210
501016829
501016739
501018273
501018090
501017821
501017498
501018263
501017630
501018650
501018246
501018115
501018164
501018986
501018948
501018508
501019408
501018339
501019028
501019213
500989083
501018053
501019653
501019788
501019484
501019889
501019620
501018119
501019787
501019724
501017706
501015757
501017921
501018913
501019540
301738366
287412443
501019558
501019270
501019859
501018823
501019649
501020902
501017578
501017595
501017448
501020684
501020258
501020832
501019993
501020883
501020695
501020493
501020778
500992391
501020756
501013728
501020565
501020586
501016434
501015145
501020818
501019987
501020644
501020911
501020468
501020689
501020814
501020688
303500815
269437976
501020738
501020894
501022071
501022092
501021989
501021839
501021846
501021321
501021873
501020397
501021147
500996446
501020858
501008661
501022213
501022184
501021060
501020134
501022208
501021236
501021121
498895457
501022178
501021393
358338092
501021672
501021832
501021943
501021825
501021100
501022038
501021447
501023298
501023090
501022935
501023543
501023451
501023311
501020582
501022168
501023411
501023442
501022082
501023029
501015846
501022764
501018824
501023468
501022568
501020355
501023169
501022059
501014657
501022355
501022991
338179504
501022297
501022940
501022366
501023421
501022801
499144009
501022811
497205256
501022890
501024684
501024495
501024145
501023729
501024625
501019121
501024710
501024169
500796610
501023804
501021052
501019984
501024298
498713299
501024551
501024211
501023620
501024302
501023628
501024037
501024327
501023831
497405362
501024554
501024081
501023973
501024157
501023887
501023582
501025248
501007041
501017854
501025406
501025073
501007256
501025048
491344945
501025224
331060767
501016443
501025270
501025169
498927941
501015748
501024886
498778676
501025627
501025241
501025606
501025517
501025482
501025080
501025052
501024956
501025213
501026076
501026940
501026385
501026974
501027166
501022169
501027026
501027237
501027227
484052393
500997330
501026117
501026737
501026803
501027160
501026136
501025928
501025945
501025884
501026592
501026560
501026043
501025837
501025950
491239130
501028549
501022868
501028830
501019950
501026021
501029171
501028949
501028270
501028769
501028726
501027623
501028834
501028953
501029264
501023547
501028882
501027982
501029099
501029251
501028064
501027481
501027385
501028322
501029207
501028007
501027899
501027705
501028966
501028310
501027733
501029016
501027776
501027791
492700493
501028744
501028214
501028402
501029112
501028217
501027444
501031647
501032121
501032059
501031770
501031478
501031704
501030378
501031870
501031659
501029406
501030231
501030883
501030685
501031681
501030482
501031230
500923347
501032070
501031006
501031291
501032233
501031815
501030955
501025973
501032135
501032031
501030829
501028334
501031929
501030437
501030174
501031429
501031331
501030382
501031771
501030921
501030548
501032016
501031880
501030647
501032227
501030638
501032161
501031743
501029436
501032023
501029997
501029492
501032118
501029868
501031140
501031846
501031321
501030733
501031465
501030545
501030868
501029602
501030214
501030704
501031427
501030888
342229224
501032128
501031364
501030151
501030557
501031060
501034125
501033118
501033536
501033778
501033542
501033791
501029395
501033964
501032772
501032649
501031287
501033427
501032677
501030404
501034040
501026039
501033440
501033855
501031918
501030911
501032621
501033500
501033117
501033307
501027365
501032147
501024852
501032958
501032991
501032485
495423718
501032274
501032647
501033402
501033049
501032480
501032423
499457367
326354677
501033792
501033316
501032918
501035783
501034128
501035767
501035710
499048830
501035009
501034430
501035093
501034816
501014677
501035721
329762506
501033920
501035554
501035325
501035245
501034911
501035272
501034747
501033895
501035091
492415310
501035508
501034962
501035730
501034142
501035430
501034445
501034333
501035775
501034181
501035503
501036033
501036019
501036547
501036959
501036372
501013107
501036560
501035878
501036272
501036601
501035929
501037014
501032533
501030461
501030758
501036331
501034653
501036884
501034744
501036973
501036342
501036813
501029373
501033278
496348253
501037151
501037149
501036501
501036793
501036270
501036914
501035875
501036419
501035910
501036000
501036685
501036935
501036778
501036677
501036265
501035792
501037065
501038421
501037851
501037778
501037711
501031237
501037399
501037061
501037525
501035822
501038396
501037281
501031103
494350328
501031444
498298259
501038147
501035257
501038224
501038043
501015451
501037680
501037584
501038466
501038385
501038144
497367429
501037260
501037226
501037439
501038197
501038323
501038089
501037756
501038368
486992152
501037273
501039983
501038765
501039957
501039543
501039188
501035201
500998473
501040235
501039938
501040457
501040222
501040193
501039716
324349143
501040073
500990294
501040011
501040010
501039843
501039169
501034797
501038755
501039616
306215465
501039698
311639519
501039122
501040175
501040173
501040475
501038714
501038622
501038754
501039593
501039359
501038780
501038528
501040388
501039127
501038610
501042314
501041270
501041921
501041223
501042028
501041636
501008894
501042213
501042270
501042047
501037892
501039498
501040781
501037799
325855967
501042106
501042228
501038613
501041929
501040747
501042186
501040719
501041524
501041867
501040742
501041209
501041167
494052991
501040817
501042232
501041015
501040884
501040517
501042158
501041112
501041593
501043708
501043759
501043052
501043294
501043113
501042887
501043127
501042670
501041965
501042598
501042729
501043865
501043830
501042797
501042488
501043745
501042497
501040525
501043436
501042371
490276066
501043853
501043844
501043464
501043703
501042572
501043438
501042835
501043102
501043122
501043145
501043450
501042735
501043020
501045180
501045085
501013787
501035685
501045021
501044655
501030413
501044485
501044636
501044376
501044105
501044471
501041533
501044462
501044022
501044515
501042765
501044249
501044056
501044042
501044576
501044355
501044310
501043430
501044821
501044012
499623672
501044884
501046822
501047188
501046961
501046831
501045714
501047331
501047140
501046215
501025634
501045945
501047406
501046749
501046510
501046272
501045346
501046840
501045473
501046359
501045495
500904634
501045546
501045948
501047113
501047135
501038995
501047308
501047366
501046602
501046251
501046034
501045801
501046574
496687698
499110502
501047061
501045989
501045561
501047203
501046411
501046997
501047400
501047304
501047297
501047260
501046823
501048344
501047346
501047524
501048297
501045630
501028788
501034167
501048806
501047352
501048976
501046150
501048491
501048985
501049034
501048568
501048428
501044457
498756325
304104329
501048783
501048330
481819847
501048388
501049029
324165483
501048633
501046420
501049191
501050078
501049843
501049460
501036441
501050409
501049270
501050259
501049701
501049777
501050344
501048748
501047257
500571939
501047590
501043698
501048140
501044946
501044649
501050364
501049682
501049979
501049954
501049148
501049633
501049778
501050406
501049094
501050994
501044111
501050975
501051131
501030466
501051352
501050825
501051432
501049817
501025147
501042967
501051230
501023371
501051409
501050272
501047340
501049156
500989274
501050188
501038937
501050678
501050704
501050967
494915156
501051116
501051227
501050964
501051549
501051909
501050229
501053058
501038074
501052230
501052220
501051519
501052404
501052496
501052055
501051766
501052836
501051703
495606193
498192676
501051770
501051890
501052698
501052224
501052120
501053127
501052819
501052524
501052916
501051591
501047956
501051496
501052752
501049699
501049875
501053432
501054118
501052664
501053269
501051342
501052688
498392400
501051695
501054270
501054061
501053563
501052184
501053470
501054221
501053407
501054262
501053872
501054219
501054379
501054089
501054211
501053888
501053859
333780380
323723272
501054000
501053294
499455309
501053609
498823427
501042098
501054763
501054626
501054474
501055222
501033513
501055407
501051123
501055138
501054872
501049475
501056758
501056802
501055034
501049647
501053562
500999378
501055676
501052022
501056448
501055887
501056180
501055831
501050766
500948424
501055750
501053775
501056733
501056190
501056992
501056456
501055748
295644981
501056106
501056750
501056775
501009335
501057831
501057521
501054624
474895974
501057540
501057217
500786737
501057795
501054806
499427908
501038653
501057180
332444037
501057230
501057411
501057355
501057275
501057517
501058242
501026145
494343114
501048246
501058329
499450791
501055234
501057589
501057979
501058278
501057883
494647839
499147189
501058059
501058239
351696469
501058811
501058362
501056824
501055057
501057280
501041117
501058720
501058607
501058411
501058534
501058803
501058754
501058632
501058431
501058501
501059503
501059400
501059199
501059101
501059072
497003704
501059370
501059242
501059410
501059210
484452081
501059502
501059227
325570243
501018177
501060316
501046352
501044308
501060336
499412037
501060114
265912106
501060337
501060301
501060096
501059547
501059524
501059504
501059788
498787654
482281293
500947134
501040317
501056063
501004231
501057345
488670751
501060425
501060580
501060475
501060058
501058496
501060735
480368990
485030769
501026328
500934735
501060753
498787858
493764455
501061004
501061463
501048296
501061198
492442008
501061272
501061372
501061361
500993931
501043382
501061525
500658426
501061498
501061553
327244624
500867096
492740314
501022133
501052239
501023206
501061804
494712433
498360088
500990670
501061948
499755191
501062073
500972471
501062144
501062215
501062227
494541545
501027367
501062377
501062620
500995989
501025938
501062547
501062442
501024908
499661150
501062600
501062528
501062801
501062720
501062771
501062761
501062932
501062861
501062879
501063153
501031640
501063026
501002081
501043522
501042684
294073190
501062977
499343198
500994073
501022637
501050869
501063453
501063441
501063412
501063633
501063681
501063776
500967934
501063767
499067516
501063781
501064061
501064472
501041472
499565096
309563415
501064573
501064159
501064465
501064345
501064260
501065509
501065039
501062507
501065502
501065704
501065701
501003542
501064857
501064318
501045612
501065710
492715042
501065481
501065182
501064800
501065479
501064978
501065378
501065530
501064722
501065049
501064781
501065397
501065120
501064849
501065575
501065876
501065850
501065767
501064442
501065944
501066144
501066474
501066137
501066147
501066023
501016875
501066001
500996708
501064549
501064264
501066419
501066175
501066073
501066456
501066366
501066237
501066086
501066442
501066454
501066390
501066168
501066031
501066384
501066044
501039561
501066716
501066648
501066617
501066792
501067393
501021531
501066557
501066349
501044374
501066636
501067278
501067355
501066950
501067055
501067166
501066719
501067012
501066796
501066541
501066615
501067188
501065529
501067417
501067193
501066529
501067949
501067802
501067554
501068320
501066078
500876084
501065061
501068250
501067624
501047264
501066847
501068024
501067562
501067102
501068091
501068150
501067606
501068287
501066495
501068082
494817454
501067769
501068005
501067638
501067833
501067873
501069878
501069166
501069556
501068585
501069859
501069853
501068658
501068451
501069849
501069840
501068578
499209633
501016939
501069073
501068518
501060465
501068356
501069809
501069787
501068390
501069344
501069749
501069538
501068438
501069194
501068723
501068836
501068755
501068912
501069416
501068538
501068545
501071131
501071284
501071279
501070748
501071158
501070416
501070434
501070842
501070594
501071259
501070345
501071143
501070271
501070972
501070433
501070835
501070624
501070104
501070878
501070574
501069991
501072548
501072544
501044394
501072532
501071295
501071195
501069126
501072516
501072244
501066638
501071660
501070704
501027955
501070798
501067262
501065692
501070847
501072154
501071961
501071463
501072446
501072065
501071315
501072010
501072181
501071472
501071780
501071527
501071751
501071835
501071735
501067741
501072697
501073466
501073147
501072972
501073763
501069127
501068200
501073381
501073543
501073026
501072619
501069137
483023212
501073545
501072854
501072766
501070613
501073232
501073428
501073790
501073072
501073176
501073363
501073704
501073271
501073131
491862165
501072724
501072712
501073238
501074435
501075068
501075184
501075182
501074934
501074341
501074566
501074067
501075154
501073260
501075158
501074487
501074847
501012301
501074378
501074762
501074523
501074364
501074531
501074573
501074127
501074559
501073959
501074697
501074751
501074644
501074412
501074312
501073954
501074465
488406225
482854707
501073936
501076459
501072237
501075216
501076047
501070413
501070259
501034507
501076306
501076381
501075261
501075577
501075560
501075836
501076438
501075279
501075501
500989774
500579006
501076614
501076157
501075762
501076345
501075686
501076328
501075988
488750474
497541389
501076503
501075976
501075479
501076677
501076435
501076471
501076665
501076239
501076313
501076533
501076411
501076266
501076075
501075475
501075995
501075735
501076340
501076541
501076622
501076451
501076156
501076294
482118371
501078029
501077613
501077729
501076938
501076854
500966495
501075532
501077881
501077536
484938960
501077670
501075546
501076720
501076496
501077689
501075787
501077947
493431537
501077884
501070361
501077416
501076754
501077702
501077527
501077658
501076843
501076947
501077024
501077049
501077216
501077360
501077504
501076727
501076883
501077707
501076895
501078010
501077997
501076745
501077178
501077116
501075195
501078149
501078103
501078654
501075812
501074546
501078675
501077639
501078709
501078254
501078649
340788213
501045066
501072714
501078415
501078361
501078658
501078514
501078784
501078878
501078671
501078887
501078740
501078333
501078067
501078341
501078372
501078932
501078507
501078624
501078616
501078751
501080891
501080488
501080247
501079213
501079041
501079052
501080866
501080199
501080148
501079094
501080636
501080797
501079866
501079765
501075985
501080385
501080466
501079979
501079123
501079904
501080063
501080351
501078992
501079121
501079083
501080863
501080286
501078984
501079280
501079365
495026141
501079331
501079624
501079774
501079618
501079771
501079830
501079391
501080117
501079469
501079545
501082341
501082317
501081744
501079042
501082638
501077378
501082266
501079178
501061026
501081487
501081025
501080024
497089753
501082620
501076065
501079926
501079789
501080915
501082588
501076161
501081952
501081847
501081813
267962884
501081870
501081851
501082328
501081281
501082633
501081643
501082382
501082033
501081728
501082514
501082222
501081985
501082121
501081678
501081881
501081446
501081964
501081686
501081824
501083452
501083857
501083561
501082898
501082759
501083896
501082965
501082904
501083450
501083099
501080912
500753857
501072286
501083723
501083011
501083773
501083739
501083796
501082671
501082915
309294003
501083132
501082862
501082681
501083900
501083927
501082942
501083910
501083293
499244779
499244609
501082796
501083547
501083505
501083898
501083398
501046206
501085233
501084917
501084013
501084263
501085337
501085275
501085007
501084008
501085396
501085360
501072068
501085548
501069714
501085519
501016388
501081970
501084030
501081938
501085245
501080775
501085410
501085475
501085624
501085512
501085514
501084472
501085597
501085480
501085096
501084405
501084313
501085454
501085404
501082717
501084406
501084729
501084222
501085132
501085430
501085425
499176751
501085252
501084043
501085082
501079103
501086317
501085782
501077796
501086854
501082444
501086375
501086863
501072275
501085770
500890722
501086493
501039644
501085166
501086161
501086846
501083692
501083518
501086623
501085927
501085711
501085880
501086904
501086329
501086563
501086577
501085730
501086091
501085663
501085850
501085873
501086870
501086245
501086403
501084871
501079182
501088034
501088025
501088015
501046389
501087358
501086554
501088000
501087023
501086966
501087983
501087982
501081113
501053492
501083432
501087652
501087388
501088011
501087697
501087927
497139766
497261303
501087625
501087234
501087434
501087918
501087865
501086950
501087387
501088501
501088582
501089173
501085915
501088460
501088675
501086845
501088722
501088668
501088781
501025355
501088052
501088365
501088275
501088103
501088204
501088140
501088761
501088442
501088315
501089166
501088687
501088382
501088210
501088549
501088506
501089190
501088796
501089026
472840907
501088783
498978804
501090742
501090708
501090601
501090646
501089730
501088085
501090718
501090862
501090716
501073139
501090762
501090375
501090559
501090515
501030456
501091080
501090894
501090353
501090796
501089661
501090463
501090508
501090703
501089426
501090403
501090022
501090901
501090691
501089483
501090170
501090249
501090384
501090448
501089334
501091196
501091180
501090618
501089904
501089852
501089217
501090112
501089489
501090342
501090775
501089882
501090388
501089877
501089088
501092822
501091885
501092640
501092830
501081206
491296868
501050776
501092638
501091962
501092190
501092054
501091870
501091847
501079139
501092266
501087605
501092717
501091439
501091604
501091302
501089423
501092756
501086949
501091927
501091381
501091791
501092503
501092343
501092472
501091805
501091944
501091635
501092727
501091728
501092505
501092504
501089702
501092158
501089695
501091846
501091544
501092645
330306977
501092797
501091565
501094114
501093102
501094109
501094264
501094631
501093959
501094556
501091435
501093992
500760271
501093219
501092042
501094607
501093326
501094207
501089344
501091415
501092989
501093765
501093387
501093967
501093882
501093746
501093764
501094585
501093608
501092934
501093732
497047885
501092849
501093087
501094497
501094316
501093310
501093013
501093131
501093358
501094839
501095544
501094980
501095253
501095591
501096190
501092975
501094854
501070886
501095803
501094422
501094002
501094856
501095601
501096001
501093274
501095734
501095971
309888699
501096060
501095901
501095667
501095028
498183136
501095967
501096203
501096063
501095521
501095176
501094682
501096146
501096069
501095666
501094789
501094729
501095999
491156211
501099053
501097861
501088891
501098293
501098793
501098021
501098551
501098792
501096441
501098923
476958492
501098466
501090555
501090201
501097728
501096604
501097577
501096545
501098152
501096552
501098798
501094951
501094985
501098984
501097853
501099058
501098557
310737581
490731446
501096685
501098484
501096496
501098816
501098271
501098205
501096891
501098737
501096805
501097927
501097908
501097011
501096689
501099092
501096664
501096503
501097310
501098773
501097539
501097764
501097962
501096771
501100793
501100476
501099599
501099961
501091368
501100389
501100405
501099520
501100836
501097685
501100123
501099815
501093884
501099992
501098777
501094752
501100729
501099553
501100251
501100020
501100630
501093201
501099920
501100441
501099917
501100201
501099393
501100545
501099617
501100022
501100786
501100117
501100662
501101123
501101769
501102249
501101908
501101015
501102245
501099877
501100351
501102052
501101933
500845694
501102071
501101833
501101263
501102111
501097781
501102225
501101007
501100917
501101583
501096323
501102217
501101551
501102112
501101468
492774473
501102019
501102010
501101931
501101312
501101773
501101409
501101841
501100937
501101937
501102092
501101483
501102453
501102464
501103200
501103111
501102193
501103007
501099623
501103326
501103364
501103198
501100960
501103004
501102321
501102767
501102094
501064972
501101321
501103358
501102745
501103264
501103136
501103417
501103050
501102266
501103288
496564758
501089774
501102290
498192268
498195728
497138173
501103442
501103421
501103065
501102880
501102710
501103286
501105167
501103823
501105199
501103202
501104361
501102596
501104237
501104785
501081442
501102282
501028936
501105171
501102961
501096062
501103684
501104332
501105145
501093109
501104947
501104467
501103722
501105203
501103826
501105177
501105162
501104094
501103787
501103509
501103533
501104995
501105142
499400206
501105096
501026384
501103714
501103988
501104711
325973175
501104824
501103404
501104010
501104527
501104256
501104159
501103730
501105001
501103644
501104814
497056640
501103452
501103810
501103547
501106569
501106230
501106761
501106383
501106013
501103123
501105713
501106585
501105562
501106735
501105670
501105310
501105088
501106704
501104255
501104656
501106016
501105771
501106124
498966630
501106426
501106006
501105705
501106428
501105620
501106155
501106123
501106141
501105783
501106752
501106172
501105902
501106966
501081651
501069268
501107669
501107743
501107691
501107313
501107567
501106854
501107104
501107696
501106275
501107326
501104886
501107759
501107709
501107668
501107051
501107102
501106886
501107740
501106839
501104691
501106970
501108827
501108631
501108810
501106440
501108306
501109349
501108255
501105908
501104314
501108418
501109241
501108103
501109125
501109340
501098537
501104715
501109188
501108087
501109325
501107804
501108690
501108510
501108261
501108155
501109332
501108216
501108920
501109288
501108313
501108680
475590073
501108687
497436421
342870202
501109326
501109215
501108436
501108039
501109312
501109165
501108236
501110444
501108062
501110474
501110354
501110624
501110072
501102257
501110434
501109587
501110696
501110568
501110451
501110593
501109724
501110729
501108577
501108154
500896997
501110702
501110698
501110673
501110669
501109982
501110408
501110113
296962108
501109930
501109954
501109839
501109474
501110083
501109498
501109627
501109784
501110756
501110448
501110584
501109950
490338113
501109788
501088930
501111768
501111992
501111624
501111910
501110646
501109741
501109846
501107959
501111682
501108970
501111841
501110117
501111960
501111406
501105971
501110904
501111952
264064484
501111101
501111894
501111629
501111556
501111779
501111338
501111802
501111851
501111632
501111491
501111593
501111330
501111955
501111676
501111386
501100874
501113069
501113000
501110536
501111936
501113572
501042668
501112696
501048852
501113003
501113233
501110836
501112858
501112719
501112217
501112976
501112026
501111471
501112802
501111891
501113428
339432005
501112607
501112123
501113362
501113100
501112404
501112074
501113114
499187160
501112109
501112419
501113217
501113329
501112478
501112700
501112668
501112879
501112457
501112442
499038768
501112559
501113439
501113113
501112242
501112155
501114314
501105918
501114035
501115402
501113824
501113149
501115290
501114597
501114288
501115165
501115342
501114618
501113820
492312442
501066219
501112271
501113709
501115143
501114943
501114702
501105060
501115181
501114792
501114974
501114212
501113981
501114379
501115185
501113655
501115212
501114563
501114767
501115281
501114190
501114411
501114261
501114033
501114106
501114569
501114268
501113921
501113650
501115160
501114443
501114363
501114178
501115867
501116683
501116794
501113418
501115735
501117054
501116094
501116739
501115112
501116404
501116756
501116717
501114635
499163846
501101959
501115918
501117015
501113734
501115775
501117002
501102617
501104141
501116543
501116339
501114324
501115271
501116496
494077285
501115671
501115497
501115476
501116803
501116062
501116941
501114150
501115683
501116364
501116650
501119120
501118671
501118315
501118277
501118188
501118187
501118762
501118570
501118513
501118444
501118438
501117175
501119016
501118948
501116337
500987289
501118208
501118895
501118674
501118559
501118371
501118286
501118439
501118184
501119109
501118626
501118460
501119106
501119102
501118506
501117261
501118676
501118612
501119028
501119097
501119095
501118621
501118615
501118522
501119021
501118920
501118593
501118706
501118338
501118167
501118794
501118745
501118681
501119003
501118124
501119039
501118956
501118915
501118472
501118812
501118300
501118823
501117058
501118713
501118994
501118391
501118799
501089997
501117678
501117120
501118937
501118052
501117706
501117451
501117166
501118989
501117414
501117764
501117061
501118856
501119069
501118400
501118620
501118492
501122100
501122075
501122045
501122311
501121831
501121541
501121453
501121233
501119776
501122028
501121810
501119648
501122417
501122361
501121685
501120390
501120367
501122117
501120042
501119721
501094866
501122114
501120779
501114882
501120227
501119793
501122334
501122266
501121702
501121526
501121244
501119223
501120059
501122088
501118926
501121669
501120728
501116823
501122290
501122186
501121597
501119869
501120972
501122164
501121910
501120544
501121633
501121511
501120736
501121343
501120426
501120830
501122374
501120398
501122081
501121490
501120341
501119945
309816111
501120996
501121497
501121178
501122127
501121311
501120677
501120063
501119882
501122220
501122157
501119516
501122129
501122113
501119625
501119762
501119877
501119938
501119410
495920401
501120144
501120156
501119766
501122391
501122043
501119643
501120533
501121626
501119988
501121219
501121304
487654665
501120673
501120998
501120502
497791946
501121478
501120942
501121678
501121370
501121496
501119226
501122069
501121865
501120890
501120516
501119959
501119687
501120101
501121355
501120419
501120456
501121399
501119964
501120333
501124142
501117930
501124270
501123785
501123752
501124213
501124406
501123572
501123345
501124255
501122742
501122370
501119742
501119493
501124402
501123863
501123230
501123216
501122765
501122660
501124316
501122769
501124268
501124180
501124160
501123679
501121191
501122994
501121681
501122573
501122919
501122168
501121518
501121757
501124042
501123935
501122084
501120255
501122908
501123397
501123015
501122963
501123227
501122978
501124139
501121256
501123079
501124047
501124264
501124178
501121492
501124079
501123667
501122628
501123247
501122449
501122607
501124024
501122637
501124151
501123676
501122806
501124347
501123201
501123431
501123632
501123254
501123711
501122477
501126232
501125722
501125541
501125451
501126472
501124027
501120675
501126466
501126013
501124010
501125682
501125061
501119396
501125665
501123778
501125433
501113722
501119856
501125861
501124205
501125927
501124533
501125174
501123425
501126328
501125708
501125296
501126206
501125660
501125807
501125251
501124734
499162760
501121117
501124574
501125604
501126393
501126220
501125519
501126350
501126198
501126260
501124655
501126170
501125650
501126316
501125848
501125332
501124806
501124506
501124613
501128607
501128530
501126968
501128453
501127216
501126903
501121522
501128603
501127979
501125484
501126790
501122049
501125771
501127623
501128592
501127965
501128369
501128181
501128521
501128154
501128249
501126107
501127346
501127327
501124372
501128475
501112943
501127384
501126564
501128538
501127689
501126521
501128410
501127211
501127376
501120411
501127952
493307408
501127624
501126875
501128138
501127755
501127989
501127968
501126627
501128301
501128075
501127046
501127780
501125364
501127389
501127239
501128269
501127781
501127464
501126580
501127576
501126830
501129866
501129417
501130543
501129938
501129613
501129275
501128539
501124874
501121232
501128994
501130206
501089569
501129976
501129584
501128990
501128768
501130454
501129914
501116847
501130358
501129566
501129242
501126556
501121590
501130439
501129893
501129742
501129576
501128362
501129782
501119419
501130506
501130023
501129917
501128885
501129612
501129066
501128694
315541538
501130340
501126224
501129526
501129126
501129826
501126517
501130472
501129283
501129143
501130093
501129654
501128863
501129597
501129267
501129075
501129026
501130211
501130516
501130429
501129956
501130295
501130282
501129382
501128934
501129996
501129824
501132490
501129977
501132198
501131681
501118144
501132116
501132480
501130459
501126217
501131817
501132220
501131061
498696992
501131958
501128262
501013906
501127798
501132165
501132457
501129683
501128443
501124918
501126587
501131074
501127591
501119293
501131569
501130692
501130552
501132406
501132397
501132361
501131602
313589435
501128750
501131298
501131963
501131730
501131969
501131538
501131279
499553188
501132132
501132035
501120445
501131123
501130669
501131847
501130744
501134626
501133503
501131237
501113887
495380845
501132031
501133966
501134054
501132878
501132334
501134658
501077325
501134022
501133182
499400679
501134698
501132520
501134689
501134530
501134089
501134330
501134708
501133369
501132842
501133374
501134338
501134339
501134156
501133665
501133394
495554553
501132802
501134560
501113692
501135389
501130867
501135566
501135915
501135744
501136704
501135176
501134431
501134579
501133216
501131841
501135918
501134780
501125080
501136688
500729480
501118381
501130563
501019035
501107179
501135520
501136328
310201743
501135714
501136555
501135317
279180295
501135908
501136132
501135689
501136638
501136258
501136054
501136062
501136312
501135719
501135756
501135447
501135533
501135629
501136676
501135907
501137362
501133501
501127631
501138773
501136833
479245000
501133025
501135948
501131988
501138779
501138218
501137521
501040741
501108175
501138768
501137174
501137676
501136200
501137806
481929440
501138672
501138028
275234605
501136782
501137876
501137575
501137854
501137292
501138202
501137691
501138586
501137832
501138289
501138409
501137261
501137856
332353631
501138038
501137934
501139787
494721343
501133095
487142356
501140653
501140581
501119042
501136951
501140608
501135867
501140146
501128388
501140809
501140877
501140122
501138685
501140150
501137189
501130373
501140862
501140413
501140767
501140545
501139231
501140677
501140017
501140705
501140432
501140004
482284725
501140946
501140758
501140208
501139292
501140895
501140800
501140335
501140213
501138858
501142558
501142692
501142500
501141457
501137068
501141224
501131354
501134027
501139448
501137536
501140462
501135440
499079634
501141189
501139573
501142643
501142469
501142644
501141918
501142424
501138864
501141484
501141159
501142284
501142543
501141653
501141465
501142483
501141934
501141947
501141307
501141166
501142355
501143856
501144075
501143871
501144066
501143368
501143342
501143670
501137041
501142815
501143417
501144016
501125462
501143566
501143767
501144118
501142898
501123461
501143298
501142817
501144014
501143779
501144187
501143832
501143997
501143448
501143423
501143810
501143488
498010264
501143213
501142930
501145619
501138430
501145058
501141430
501129518
500949847
501145642
501141265
501134877
501145584
501145182
501138896
501144484
501144780
501145682
501143320
501144814
501143988
501145671
501146283
501071154
501145469
501146605
501146116
501134802
501146726
501146675
501123406
501146677
501144018
501146582
501146020
501142969
501143210
501144417
494788570
501145992
501146690
501146578
501146416
501145782
501146418
501146723
501146493
501138066
501145881
501147387
501146923
501146388
501146625
501146960
501146993
501146965
500989769
501142768
501147187
501144721
501147414
501147354
501147308
268470300
494665424
498629676
501147110
474956353
501147690
501148024
501147101
501147737
501137203
501045531
501148311
501148298
501147637
501147880
501147771
279486448
501148239
501147479
501114811
501115503
500967614
496469601
501127275
501148453
499187699
501144265
501148728
493581571
501148852
501148681
501148636
501148588
501146403
501149395
501142078
501149325
501030673
501147315
501149264
501149276
501149259
501149381
501149156
501149155
501149387
347294998
483597958
501149013
501149787
501149406
501149838
501148642
501145081
501149710
501149810
501149437
501149684
501150303
501149711
501150109
501147760
501150140
501145709
501150108
501150126
501150249
501150634
501100145
501150497
499509374
500489588
501140963
501150409
501137951
501150571
489034833
501149424
473278872
501148075
496361463
501150723
501150681
501138349
501150163
501151046
501151089
501151084
501151302
501151039
501134476
501151287
501151261
501151066
501123617
501109986
495067209
501151234
501151526
334810364
499649266
501151344
486113471
501151394
498673667
501151682
501151599
501138842
501151589
316752239
501151643
501151683
501151874
501151912
501080366
501151768
500883383
501151783
485199762
501151833
501129487
501151767
501151821
501152049
501152008
501152020
501151970
501147265
501151988
501151942
494491376
501147668
501127838
501135153
500996327
492864147
501152100
495978341
501152193
501152239
488754745
489558995
501127375
501152453
499012457
501152486
501152511
501152638
501152628
501149563
501142767
501127574
500758933
501103482
501119090
477328435
501152954
501152982
501153430
501153375
501153381
501153402
500809126
501118914
501153100
501153289
501153367
501153156
501153071
501153428
501153089
501153283
501153197
501153752
501153678
501153476
479639957
501153570
501153635
501153717
499136939
501115474
501154039
501153644
501153531
500960431
501153774
501140776
501153917
501153844
501154382
501141401
501154298
501154368
501140582
501134320
501154345
501151335
501154200
501131328
501154392
501154087
501154495
501154477
501126904
501154634
501151457
501154589
501106041
501154653
501154445
501154443
501154638
501154587
501154400
501155325
501153849
327739833
501155033
501155475
501155455
501155215
501155026
501155187
499061804
501136793
501155027
477461994
501155159
501155470
478264382
498000475
501154897
501154706
501156176
501155854
501156105
501125934
501156471
501155895
501156218
501154427
501156453
501155056
501156299
501156020
501154906
501120627
501125166
501155706
501156206
498726275
501156391
501155893
501156462
327753844
501155648
501155883
501155779
501155723
501156931
501156962
501157106
501157059
501156976
501154467
501156003
501156573
501156857
501156599
501157143
501156275
501155966
501157138
501156575
501128062
501156971
343568507
501156778
501157623
501157470
501157808
501157700
501155956
501156676
501125001
501158040
501101494
501157864
500864695
501157735
306865311
501157765
501157524
501157315
501157307
501157890
501158113
495900565
501157377
501157559
501157259
501158883
501158690
501158746
501157673
501155989
501159019
501147969
501158252
486545200
501133129
501157950
501158406
501158993
501156311
501157804
501158973
501158961
501158613
501158327
501158594
501158198
501158948
501158313
501158692
501158797
501158354
501158286
501159671
501159729
501159103
501159949
501159575
501155052
501159937
501159709
501124197
501159926
501159556
501109433
501156692
501159324
501159910
501159086
501159939
501159907
501159821
501158788
501159313
501159535
501159769
501159817
323295040
501159734
501159093
501159232
501159082
501159225
501159159
501160663
501159418
501160867
501158955
501160081
501159858
501155937
501156346
500988032
501160000
501160179
501160834
501160524
501160413
501154814
501160105
501160873
501160374
501161578
501160988
501161648
501161750
501161911
501161527
501161869
501160923
501161142
501161553
501160884
501161882
501122369
501161090
501161627
268894585
501161547
501161587
501161835
501161731
501161040
501160825
501161268
501160893
501161899
501161528
501161852
501161168
501161431
501161345
501161747
501161550
501161025
501162058
501158867
501162503
501161243
501161958
501162944
501162079
501162934
501162539
501162560
501162464
501161781
501162920
501160361
501162090
501162906
501162798
496896085
501162836
501162486
501162506
501162604
501161994
501162571
501159294
501162611
501161989
501162964
501162273
501162113
501163785
501163837
501163585
501162731
501163438
501163786
501162787
501037013
501163134
501162094
501163321
501162749
501163367
501163137
501163094
501163634
501163759
501163402
501162994
501163043
501162942
501162970
501163202
501163041
501163923
501163691
501163119
501163696
501163842
501163814
501161362
484720717
501163660
501163419
501163292
501165294
475905241
501164473
501165235
501165254
501163813
501162472
501162572
501163057
501164937
501164498
501164098
501163760
501165252
501163965
501162162
501162139
501164617
501164748
501164666
501165069
501164536
501164990
501164455
501165243
501165098
501164837
501165119
501164416
326454446
501165107
492548681
501163315
501165285
501165191
501164525
501164630
481243582
501164372
501164118
489516152
501165827
501165978
501157594
501162977
501165549
501165099
501166362
501166286
500988479
501165962
501162240
501163408
501166797
501166427
501163462
501165940
501165570
501165303
501166782
501165668
501165658
337223912
497818098
501165697
501165910
501166639
501165594
501166808
501165308
501165367
501166567
501166042
501165424
501166579
327416640
501165762
501165375
501166637
499568773
501166213
501167824
501167397
501165871
501164073
501167214
501166927
501165745
501168239
501166530
501168179
501167283
501167114
501167864
501167505
501168094
501166996
501168062
501167730
309633587
496490573
499527041
501166876
501168181
501167873
501168007
501167297
501167489
501168042
501166929
501167265
481054332
481691035
501169139
501168435
501165412
501168643
501169455
342734648
501168478
501167755
501170717
501170518
501169903
501170710
501170168
501168631
501168106
501167710
501168323
501169126
501170528
501168566
501169946
501169234
501168734
501162816
501169593
501168996
501169949
501170156
501170500
501168742
501170306
501168899
501168445
501170146
501169381
501169097
501169465
501168710
501169720
501168782
501169091
501170727
501169743
501169663
501168589
501169794
501169435
501168542
501169481
501170643
501170075
501169802
501170246
501169848
501172048
501171346
501172304
501171156
501172005
501171533
501171601
501169168
501171297
501172232
501171762
501164555
501169751
501172273
501172268
501172248
501171612
309674953
501171886
309762594
501171640
501171627
501171828
501171290
320498735
501172264
501171664
501171566
501171809
501171784
501172102
322975195
501171536
501171033
501171084
501173107
501172181
501172395
501173559
501172885
501173170
501173563
501173550
501170988
501173103
501173543
501172378
501173153
501173467
501173529
501168735
501170832
501173146
501173501
501172738
501172965
501172481
501172730
501173457
305570224
347680059
341013696
501173369
501173328
342542790
498462842
501174215
501132850
501175127
501174245
501174887
501141598
501174646
501174661
501174181
501175159
501174147
501175146
501169628
501175052
501175190
277328244
495893179
501174209
501174508
501174371
501175163
501174233
501174929
501175041
501174196
501174544
501173618
501174316
501173778
501174241
501174166
501175090
491032609
498843127
501174816
501174131
501176240
501174825
501175754
501168070
501176474
501175588
501176231
501175557
501176551
501175302
501176492
501175744
500996069
501176020
501176247
501176007
501175521
501174888
501173735
501175803
501163336
501176261
501176578
501175527
501175981
501175859
501175665
501176364
501175982
501175625
501175484
501175341
501176550
501176085
501176582
501176181
501177314
501175592
501175209
501177315
501177684
501175225
497184229
501177293
501175771
501177154
501177518
501177348
501162347
501177482
501177121
501177804
501177489
501175949
501176560
501165872
501177706
501177834
501177800
501176926
501177346
501177553
501177674
501177468
501177358
495029407
501176992
485956431
501176765
501177615
501177934
501177127
501178788
500701818
501178767
501178198
501178326
501166647
501178279
501174134
501176343
501175537
501174360
501178596
501178420
501177871
501178580
501177951
501178019
501178190
501178345
501178266
501180093
501180386
501180420
501180459
501180164
501177762
501180563
501179597
501176572
501179683
501179755
501180540
501180538
501180278
501179472
501176891
501176203
501180339
501180010
310121220
501179233
501180139
501179220
501180352
501179330
501179674
501179872
501178934
475939316
501180898
501180509
501181047
501180247
501181540
501181487
501181397
501182237
501180230
501181909
501181689
501179146
501182002
501180631
501003025
501179558
501167904
501182215
501181946
501181010
501182171
501182025
501181957
501181717
501181083
501181013
501181874
501181270
501181678
501180864
501181153
501181583
501181566
501181297
501180630
501181132
501180678
501182097
483169011
501183390
501181801
501183305
501183234
501182087
501181687
501181947
501183446
501183394
341007911
501182458
501175327
501182705
501183426
501183167
501182749
501056683
501176339
501183268
501168459
501183035
501183400
501179691
501183304
501182296
501183422
501182757
501182693
501182979
501183169
501183102
501182520
501182784
501184911
501184802
501184708
501184144
501183771
501184867
501184859
501184024
501184646
501184360
501183896
501180997
501183729
501178396
501183589
501181538
501184920
501184443
501183082
501183656
501183899
501183878
501184199
501184936
497682048
501184486
501184583
501183882
501184480
501183551
501184695
501184563
501183535
501184050
497575261
501184072
501183607
501184904
501184666
501183792
501184566
501184589
501184780
501184534
501186038
501132869
501184677
490522722
501182790
501168800
501185564
501185434
501165502
501186198
501185611
501178296
501183341
501185438
501179087
501185576
501186181
501184347
501185915
501185737
501185010
501185620
501186090
501186042
501185878
501185208
501185814
501185226
501185967
501185561
501185003
501185644
501186285
501187264
501186780
501184372
501184895
501186917
501187001
501186705
501186536
501186789
501186935
501187155
501187200
501183722
501183775
501185980
501184765
501184121
501187052
501186770
501187270
501186764
321033496
501187054
501187274
501186730
498880834
501187020
501186360
501187491
501187754
501187495
501188258
501188339
501188935
501187864
501187501
501181657
501184385
501186900
501188781
501185356
501179492
501188870
501188163
501184898
501188438
501187366
501187483
501188447
501187707
501188830
501188433
501188004
501188712
501187985
333779922
501188616
501187682
501188557
501188338
501187769
501117123
501184253
501188470
501189842
501189610
501183559
501189125
501189801
501190327
501189444
501190322
501189231
501189369
501189143
501190266
501189188
501189669
501189098
501190292
501190246
501189338
501189477
501184246
501187748
499468341
501189351
501189914
501190137
501189239
501189515
501189284
499317969
501189622
499317030
501191378
501190499
501188958
501191510
501189556
501190556
497871740
501190696
501190436
501172686
501190187
501189961
501191543
501084893
501191364
501191213
501191515
501191103
501190757
501190995
501191351
501191262
501190447
501191327
501191549
501191345
501190976
501190496
501191077
501190625
501190950
501190780
501190747
501191422
501191293
501191358
501193368
501193365
501193132
501191966
501181515
501193275
501192930
501184618
501192584
501193351
501180750
501192747
501187397
501185470
501192392
501192343
501190797
501193313
501192209
501193235
501193308
501192551
501192553
501191621
501191914
499459645
499057467
501192218
501192179
501192547
501191950
501193277
501192145
501192855
273086778
307443152
273595581
296354868
288251317
501192541
501192217
493279712
493442589
473842154
496205274
493766875
496567994
501192774
338264716
501191605
501193328
501192012
501191884
501192799
501194831
501194597
501194482
501194667
500858686
500114764
501193865
501191207
501193645
501179855
501194723
501192708
501184064
501189738
501193233
501192465
501194551
335175729
501194671
501193594
501192129
501162083
501191035
501193953
501194691
501194183
305142886
501193505
501160348
501193772
501194769
501194214
501194231
492140435
492791360
491547917
491365390
488944680
496210293
501194388
501194140
491353714
495976209
492408496
501193935
501193944
501193717
501193571
501194111
501195813
501194147
501196170
501196138
348984798
501195844
501195541
501125505
501189581
498570398
501195993
501195908
501190053
501195288
501193740
501196134
501127845
501190236
501195555
501195936
501194867
501195423
501195044
501195554
501195212
501195123
501195696
501196095
501196044
489258308
339791482
501197084
501194856
501197579
501179214
501197831
501194110
501197013
501196815
501197768
501191226
501197817
501197636
501195841
501197388
501196591
501196913
501195615
501190418
500939072
501197554
501197766
501196689
501196518
495378014
501196795
501196876
501197275
501197520
501197367
501196797
501197351
497178513
496174644
492402263
501197253
501197742
501197727
501196756
486481984
501199106
501198088
501199086
501199337
501198440
501199415
501181202
501130009
501198067
501199125
501197862
501099769
501199259
501198496
501198368
501196261
501165716
501198039
501197996
501199364
501198829
501199128
501198817
501197301
501198931
497165995
501198667
501198436
501198146
501198380
501197940
501198980
501199029
501198140
501198530
501198332
501198678
489435688
501198066
501198822
501199329
501199386
501199248
501196165
501153152
501200433
501200859
501199612
501200320
501196751
501200747
501198578
501200212
501200128
501198774
501200761
501199999
501200059
501200498
501199220
501200623
501197111
501199817
501198326
501194913
501200214
501200438
501200796
501200032
501199704
501200901
501199490
501199532
501200365
501200732
501200649
501200587
501199444
501199851
501200749
492550673
501199503
501200742
501200265
501200788
501199897
501200403
501199964
501201119
501202232
501202724
501202721
501202718
501202242
501202178
501201381
501201908
501202559
501202696
501202006
501201585
501202615
501196037
501202358
501202305
501200168
501198763
501202475
501202152
501202018
501201708
483558140
483794587
474061605
501201640
501201222
501202110
501202238
501201920
501201313
501201648
501201614
501201227
501202243
501202082
501201280
485718406
501201827
501201461
501204351
501204608
501198346
501202801
501202513
501203754
335739989
501204344
501204567
475251136
501204623
501204057
501203499
501204619
501204614
501204609
501202056
501203187
501199937
501200252
501204226
501203016
501203017
501203426
501203196
501204512
501202943
501204343
312513752
501204547
501203963
501203308
501203479
501203036
501204320
501203661
501203009
501204511
501206161
501199477
501206096
501206342
501205604
501205283
501206332
501198025
501204284
501205893
501205786
501205775
501205006
501180761
501204718
501204307
501205226
501206280
501205018
501205268
501204908
501205003
501205578
501205329
501205227
498712862
501205469
501205294
501205272
501205736
501206122
501204941
501205292
501204869
501204937
281603720
501204891
501206287
501205645
501205869
501205970
501205805
501205742
501205334
501207690
501206814
501204509
336544403
501207085
501084912
501207358
501205119
501207674
501206923
501207667
501207518
501203029
501188756
501203758
501205806
501191948
501203131
501206562
501206488
501206757
501206858
501206780
501207387
501207322
501207132
501206643
498917893
501207230
501207443
501206577
501206513
501206807
501210688
501210928
501210449
501208511
501210275
501210807
501210847
501210782
501210816
501207749
501210527
501210162
501209149
501206364
501203168
501210799
501210840
501210795
501199727
501210833
501210897
501210444
501210363
501210803
501207718
501209460
501209345
501210041
501208242
501210849
501208051
501207790
501208824
501210694
501210119
501210653
501208751
501208161
501210758
501210496
501209763
501209874
501210404
501210792
501210402
501210853
501210791
501208584
501209744
501210497
501209085
501208899
501210175
501210312
501208592
501209462
501209054
501210674
501209233
501208798
501208498
501210714
501207796
501209164
501207881
501207750
501102843
501213704
501212741
501213495
501213219
501212808
501212033
501211611
501211346
501213547
501213348
501213026
501209116
501211208
501213901
501213477
501213830
501213274
501212466
501213883
501213114
501212591
501213591
501213492
501213377
501207852
501213643
501212746
501212483
501211890
501212454
501213853
501213438
501211827
501211353
501211101
498069838
501212778
501212354
501211633
501211322
501210950
501213320
501211315
501213515
501213502
501212966
501213412
501212292
501213905
501212915
501213337
501213009
501213750
501213718
501213484
501213417
501212912
501213111
501212346
501212758
501212931
501213697
501211279
501212379
501212817
501211109
501211715
501213617
501211943
501212907
501213148
501211881
499270232
501212850
501212794
501211605
501211339
501213128
501213172
501213258
501213301
501211027
501213083
501212491
501212089
501215956
501216021
501215884
501215656
501214122
500943925
501215160
501215935
501214427
501215584
501214223
501215872
501215558
501215622
501215644
501213980
501215402
501215813
501215443
487677406
501213600
501215859
501212855
501215208
501213673
501141582
501215928
501215730
501215106
499169140
501215947
501215101
340453960
501214023
501215244
501213920
501215594
501214357
501215314
501215600
501214848
501215828
501215787
501215998
501215497
501214560
501215898
501215141
501215401
501213938
501214469
501214703
501215866
501215634
501214175
501214769
501214594
501214976
501213967
501213984
498582438
501215552
501215187
501214690
501215468
501215182
501215328
488614960
501213951
494200548
501215938
501214598
501215535
501214599
501214026
501218852
501217993
501217368
501218577
501217811
501218762
501218558
501217787
501217387
501217100
501203979
501219175
501217959
501218941
501219274
501208589
501218892
501219068
501218243
501219268
501218646
501216465
501212097
501218115
501219020
501217761
501218580
501218135
501217804
501217174
501218743
501218404
501217478
501219040
501217626
501218825
501218455
501215170
501218881
501218926
501217714
501219051
501218857
501216533
501217574
501219197
501218179
501218725
501217660
501217448
501218957
501218805
501216725
501208505
501216166
501216922
501217407
501218334
501219187
501218815
501218449
501219010
501216283
501217254
501218592
501218338
501218943
501218982
501218343
501218285
501217180
501217272
501218504
501217386
501216266
501217539
501218022
501218508
501216117
501217836
501217493
501217057
501217711
501216599
501217500
501216829
498205777
501218845
501218611
501218232
501217301
501216753
501217476
501216575
501219116
501219063
501218524
501219097
501219094
501219024
501217695
501217215
501216898
501216821
501217019
501216227
501216809
501220440
501221310
501221434
501219188
501218773
501217777
501220037
501219468
501216845
501219013
501221603
501215130
501221491
501221348
501219544
501220470
501220049
501221469
501220891
501220479
501221542
501219867
501219072
501220882
501220371
501219336
501217871
501221216
501221634
501221633
501220993
501219861
501221072
501219196
501220952
501219041
501221410
501219562
501219582
501220324
501221431
501221400
501221125
501219974
501220370
501221048
501220732
501221067
501220894
501221604
501220804
501221519
501220377
501221204
501220395
501221282
501220662
501221253
501221224
501217663
501221137
501220166
501219967
501215003
501216709
501220458
497056544
501211882
501220746
501219526
480685838
501219482
501221369
501220492
501221052
501220763
501219519
501220318
501220669
501221596
501220238
501221319
501220907
501220727
501220584
501219320
501219491
501220549
501223701
501223650
501220206
501223678
501223348
501222932
501222870
501223697
501222462
501222255
501223415
501223218
501222030
501223563
501222091
501222205
501221870
501222535
501221773
501219433
501223074
501219959
501217745
501223466
501222058
501222824
501221355
501223481
501223306
501223082
501222797
501223423
501222288
501198464
501221267
501222441
501223585
501222092
501222128
501223242
501222518
481621448
501222360
501200487
501223550
501223698
501223551
501223087
501223341
501222918
501223325
501223581
501221996
501222136
501222112
501219879
501223149
501222047
501222552
501221682
501222291
480662446
501222506
501222447
501223469
501222077
501223194
501222899
501223409
501223187
501222936
501221825
474702602
501226235
501225453
501224644
501225467
501225163
501226271
501225707
501225061
501224784
501224474
501225964
501224692
501226294
501226155
501226270
501226196
501224882
501226181
501226170
501224643
501226192
501224930
501140810
501211756
501225633
501226275
501223998
501221025
501224476
501224491
501217042
501225670
501225817
501225404
501222529
501224360
501226248
501226064
501223910
501225361
501224004
501225475
501225390
501225849
501223971
501225468
322160017
501225436
501225242
501224316
501224559
501225946
501224766
501226029
501224923
501225384
501225840
501224951
501225923
501225575
501225705
501224429
501224843
501225959
501223846
501223872
501225572
501225392
501224570
501224544
501223927
501228969
501228850
501228621
501228462
501227514
501227091
501221956
501138899
501228895
501228872
501228642
501228421
501228149
501227657
501226735
501228874
501228562
501227722
501226819
501226712
501228964
501228685
501228596
501228507
501228664
501227748
501228763
501228755
501227949
501226934
501228961
501228956
501228760
501228741
501228580
501228458
501228396
501228339
501225095
501228527
501228405
501228344
501226564
501228871
501228743
501227520
501228510
501226837
501227126
501228566
501228457
501227697
309609705
501228728
501228967
501227685
501228828
501228115
501227598
501226310
501228475
501227144
501224487
501226455
501228130
501227054
501228693
490024162
501231139
501230632
501229129
501201725
501231044
501230190
501230760
501217999
501230135
501229390
501231229
501231226
501231155
501231152
501228210
501229131
501227787
501229847
501231218
501231145
501230724
501227251
501226399
501225454
501231150
501230704
501230294
501230536
501228803
501230953
501224984
501227464
501231187
501198896
501231182
501229900
501231171
501226356
501230917
501230484
501229696
501230696
501230048
501229614
501229238
501230353
501230792
501229471
501231081
501230175
501230960
501230234
501229919
501230076
501229358
501229667
501230962
501230870
501229744
501229024
501229688
501230899
490180985
501230606
501230217
501229822
501229628
501233051
501232722
501233068
501232756
501219680
501233127
501233569
501233778
501233267
501232609
501230570
501233438
501219570
501233060
501228155
501233851
501233764
501233544
501233436
501233421
501233591
501232803
501229917
501232045
501229635
501231449
501233688
482945319
501224105
501233341
501224017
501233746
501233665
501226956
501233642
501227446
501233087
501178714
501232848
501233343
501233783
501233223
501232807
501231474
501233221
501233197
501232664
501233658
501233058
501233351
501233358
501231419
501231373
501231570
501231630
501232910
501232734
332864140
501231624
501232954
501231274
501232627
501232740
501231327
501231667
501231515
501235770
501235873
501233063
501226551
501227175
501234931
501216495
501235644
501234261
501235836
501219478
501234003
500905409
501225456
501227290
501235562
501231891
501235871
501235464
501227853
501235970
501219596
501234226
501234503
501235466
501234451
501235915
501234160
501235171
501235507
501235346
501234237
501234079
501234970
501235686
501234328
501235962
501235586
501234913
501231829
501235793
501231718
501234883
501234444
501234900
341479562
501233938
501235563
501234941
501234814
501234606
501234058
501235042
501234265
501234657
501235635
501235054
476769188
501237512
501221913
501127456
501233019
501224523
501224247
501237504
501225060
501224441
501230738
501236913
501236876
501231370
501237204
501235843
501237478
501234745
501236346
501237323
501236410
501237439
501211139
501237423
501229782
501236634
501237217
484155575
478306442
501237393
501236257
501236885
501236702
501236486
501237090
501214725
501236473
501236190
501236792
501237191
501237314
501236987
501236144
501236824
501237305
501237385
501237310
501236480
498355670
501228168
501239386
501217893
501199831
501238251
501237745
501220753
501239531
501238231
501220534
501234559
501227535
501238374
501236202
501208453
501237235
489651935
498023622
501226490
501227558
501239340
501237923
501238549
501238068
501239528
501238534
501239486
501239427
501238607
299413931
501238464
501237926
501238838
501239484
501239169
501239081
501238571
501239363
501238172
501238308
501238238
501237568
501238086
501238292
501238969
501238548
501241177
501240978
501241066
501170249
501228775
501240947
501239870
501235284
501240991
501240645
501240352
501233149
501238849
501239307
501241145
501239555
501241129
501240968
501240448
501240762
483040478
501240580
501240302
501241138
501240934
501240845
499163212
501241114
501241111
501241100
501240400
501240115
501240568
501240912
501241124
501240395
495904600
501241259
501240112
501233872
501241445
501241911
501208359
501223933
501037325
501241796
501226140
501242025
501240866
501220895
501241957
501190621
501241301
501241646
501241875
501243298
501236464
501240997
501219649
501212358
501242452
501239393
501202028
501240472
501242880
501242941
501240955
501243139
501226530
501242465
501207298
501243297
501242566
501243101
501243200
501242679
501242324
305521449
501243212
501242538
501242816
501242391
501242988
501242669
501242864
501243550
501244021
501243412
501238678
501224852
501243839
501243867
501243237
501237033
501226981
501244106
501225303
501229412
501244085
501240517
501244031
501244051
501243826
327017360
267901411
310734551
501243899
501243723
501243551
501243697
501243391
501243897
501243784
501243884
342634762
501244621
501244848
501244510
498479726
501244841
501228845
501220386
501244924
501244879
329744279
501244706
501244350
501245468
501245504
501245415
501245567
501245799
501229554
501245388
501245686
501245254
501245684
501245400
501245225
494417923
501245183
501246187
501237803
501208724
501246362
501246034
501240414
501182421
501246304
501246123
501246086
278211340
501246093
501246235
501246142
501245931
501216414
501246708
501247129
501246945
501246920
501246719
501226746
501246502
501177100
501216330
501122649
501219654
501247067
501246625
501234597
501246498
475986620
484831075
501246428
501246922
501246618
501247290
501247199
501247359
501247273
481589398
501247198
501202670
501095110
501247338
501247315
501247203
501247259
501247301
501247217
501247132
501247294
501247394
501247594
501210008
501247537
501246844
501226095
501247544
501234316
501234351
501247519
342342369
501247619
501233509
501245357
501230139
498076142
501247657
501247707
501247875
501247916
501247795
501242580
501247878
501230125
501214526
501242946
499098734
498187499
501247884
501247887
501247754
501248056
501205081
501237269
501216773
501248014
501213550
501247956
501245953
492040933
498216137
501096645
501248105
339432803
501248297
501248430
501248421
501246529
345360986
501248539
501241271
501248488
501248447
501075578
477429342
501248787
501241265
501248999
501079110
501249002
501238372
501248875
501249200
501215576
501249051
501248922
501249058
501245682
501186557
501249390
501240215
498852920
341089593
501249404
501249372
501249305
501220066
501232881
500780170
501249699
501249517
501219598
494883150
501245979
501249857
501221850
501249979
501249793
501250052
501249742
501250106
501249557
501213201
501250159
501234662
501250162
501250283
501249527
501250286
501250273
501250209
501229364
501225625
501211351
501250380
501250683
501237052
501251161
501251023
501250981
501251290
501251648
501242395
501251597
501215189
501238340
501215612
501251140
501251562
501251595
501250860
501251535
501250933
501251159
501251178
501251097
501251285
485543303
501251641
501251236
501250759
501251463
501251066
501250896
501252548
501252408
501252716
501251540
501252626
501252689
501251887
501252599
501252669
501252659
501252464
501252675
501252397
501252176
327334982
501252457
501252666
501247451
501247192
501252090
501252617
501252647
501251834
501252225
501252570
501252366
501252588
501253160
501253146
501253152
501253411
501253214
501251849
501252910
501252796
501253211
501253189
501253454
501252437
501253362
501252449
501253352
501249292
501253479
501253475
501250831
501253449
501252089
501253224
501221753
501252996
501252874
501253144
501252929
501253518
501253173
490339360
501252965
495950871
501252893
501253496
501253423
501252948
501254402
501252305
501250792
501254577
501253737
501180925
501254493
501254255
501254568
501254563
501253894
501254520
501253810
501253663
501254325
501254290
501251686
501252267
501253793
501254063
501253858
501254286
501253724
501252881
501253695
501253660
494819554
501253855
501253743
501254235
501254221
333257664
501254068
501253766
501253952
499340985
501255395
501255452
501255124
501254266
501255522
501219739
501255384
501255417
501251063
501251016
501255457
501254639
501254239
501255192
501255014
501254929
501255354
501254797
501254771
501254592
501254984
501255822
501256242
501197327
501256348
501255579
501254380
501241917
501256179
501227791
501256257
501254599
501255625
501254222
501245143
501256493
501255979
494920528
475141470
501255635
501256449
501256205
501255670
501256356
501256445
501256311
501255643
501257809
501257318
501256892
501257806
501257805
501256914
501256534
501257795
501256195
501256694
501257782
501243619
501257461
501257754
501255590
501255239
501257742
501257741
501256788
501257723
501255910
501257429
501257346
501095326
501256970
501256797
501257408
501256864
501257643
501256880
501256899
501256500
491898780
495919482
501258288
501257356
501258240
501257348
501258353
501256088
501257937
501254857
501254419
501259034
501259083
501258265
501216762
501259063
501216795
501258936
501256254
501226869
501257962
501258060
501258376
501258225
501258725
501258070
501258321
501257857
501258590
501259081
501258688
501258204
501258151
501257950
501257925
501258515
501258272
501257864
501259055
501258184
483056903
501259298
501251684
501260223
483705553
501260187
501260099
501260574
501213166
501259241
501252052
501253565
501260549
501260544
501260524
501256906
501258877
501260456
501259435
501260377
501260136
310007813
305637070
501259821
501259485
501260565
501259368
501259276
351847977
501259302
501261683
501261276
501261549
501260331
501261132
501255626
501260208
501260674
501261963
501261610
501261217
501260660
501258614
501258041
501257600
501262015
501258448
501260621
501261188
501261515
501260711
501261084
501261807
501261141
501262020
501261934
501261196
484992936
488605188
484282214
501263651
501263166
336374145
501262881
501261719
501263624
501262728
501256224
501259817
501262610
501260775
501263196
501263101
501262480
501261294
501263645
501263561
501180982
501262993
501263098
501262727
343186536
501262385
501262414
501263307
501262216
501262611
501262715
501262241
501263053
501262707
501263015
501262885
501263652
501263044
501263433
501263230
501262888
501262233
501264752
501264335
501263734
501199986
501264651
501263968
501264965
501264964
501253870
501263985
501264703
485825511
501264952
501189861
501264453
501261315
501262249
501262505
501264587
501264917
501263890
501264896
501264794
501264371
501264840
501264368
501264049
483726129
501263775
501264008
501264207
501264320
501264781
501264619
499673381
501264920
501264585
501264397
501264892
501263778
501264331
501264625
501264413
501265977
501265774
501265874
501214186
501265669
501265089
482926821
501265568
498908746
501266001
501265081
501266370
501265850
501265336
501267045
501267584
501263277
501267129
501266857
501264200
501266925
501265757
501267389
501265218
501228135
501265634
501267554
501267028
501265815
501265137
501265876
501267540
501261707
501266632
501267250
501265322
501227427
501267499
501266685
501266087
501262756
501264575
501267523
501265387
501266599
501267517
501265344
490461829
501265176
501265124
501263155
501266486
501267191
501267459
501266426
501266287
501266349
501267353
501266624
501267469
501266818
501266308
501266919
501266596
501267486
501266344
501264893
501264819
501268345
501268808
501268897
501268885
501268866
501268546
501240314
501268821
501267755
501267762
501268356
501268626
501268727
501266067
501263790
501172821
501267744
501266134
501268520
501268041
501267935
501267727
501268091
501268355
501268108
501268415
501268894
501268531
501267840
501267617
501267770
501268600
501267948
501268167
501268077
501270147
501268934
501268666
501267022
501265443
501269473
501232131
501269784
501266840
501267175
501257969
501269132
501268769
501270012
501270171
501269092
501269136
501252356
501269107
501262392
501270075
501269996
501269857
501269826
501269279
501270201
501269469
501269175
501270102
501269547
501269385
501269068
501269126
501270016
501269192
501271798
501269472
501271752
501271426
501270527
501271080
501271099
501270872
501232705
501271319
501269440
501270827
501265119
501271950
501271173
501266522
501270083
501271708
501270291
501270405
501271932
501271337
501271203
501271265
334336092
488427587
308701500
501271578
501271243
501271545
501271171
501270601
501271427
501271461
501271221
501270526
501271179
501270523
501271826
501271785
501271413
501271643
501271590
498961226
501271222
501270996
501271636
501270898
501273110
501270062
501272563
501270699
501272989
501272241
501273051
501273038
501268801
501270385
501272362
501272334
501272244
501272659
501273217
501272401
501273212
501272201
501271525
501271317
501272663
501272077
501273194
501272746
501273117
501269285
501272539
501272632
501272449
483343590
501272529
501272371
501272580
501272232
501272875
501270896
501272485
501273142
501273028
501271976
501272272
501273216
501272318
501272409
501274384
501274405
501274101
501274169
501274054
501273262
501274044
501273602
501272510
501272701
501274309
501272328
501274523
501271810
501274519
501272146
501271552
501274242
501274165
501274477
501273622
501273903
501273775
501273979
501274375
501274083
280085708
501272814
501274065
501273573
501274357
501274401
501274430
501274330
319624104
501273616
501274189
480680910
501274137
501273669
501273576
501273485
501214366
501275329
501275210
501270868
501275824
501275051
501275250
501275889
501258824
501274006
501222778
501273878
501275799
501275762
501273435
501274586
501275833
501275735
501275734
501275835
501270813
501265013
501275403
501275546
501275885
501275049
501275277
320055231
501275396
501275005
501275116
501275167
501274570
501275521
501274805
501275430
501274704
501274731
481587676
482850270
501274635
501276805
501277766
501277197
501277109
501276876
501276673
501272263
501277836
501277032
501274766
501277400
501277309
501275050
501277824
501277537
501276936
501277811
501276430
501277749
501277173
501276356
501277031
501270548
501276692
501276619
501269620
501277785
501277108
302723130
501276358
501276502
501277350
501276575
501276416
501276553
501276563
501277259
501277783
501277386
501276399
501275947
494072697
501275990
501276661
501276559
501277245
501276386
501277656
501277227
501276093
501277705
501276477
501277300
501276984
501277601
501277029
501277971
501278570
501277250
501278959
501278700
501276374
501278796
501278377
501275178
501277939
501278579
501278777
501279303
501277864
501277477
501278770
501279255
501279297
501277082
501278762
501279295
501278537
501279267
501279031
501278354
501279283
501279025
501239752
501279265
501277482
501278909
501278410
501277986
501279202
501278398
501279220
501277954
501278531
501278641
501278401
501278388
489745203
501277920
501277859
501278010
314221251
501277875
501278587
497897034
501278478
501278007
501278296
501280013
501279900
501281049
501280771
501280652
501280602
501280810
501279924
501280203
501280360
501280414
501276483
501280349
501278339
501274740
501267513
501281111
501280965
501280280
501279328
501280420
501276053
501281096
501279055
501281082
501280996
501281069
501279649
501279755
501281072
313146618
501280596
501280795
501279338
501280731
501279466
501281079
501279547
501280923
501279465
501280153
501280847
501280723
501279970
501279823
501279696
501280290
501279436
501279758
501279534
501281027
501279651
501279552
501279447
501282588
501282146
501281380
501280201
501281875
501282633
501281476
501276490
501282461
501281292
501282623
501282459
501282275
501279480
492885592
501281623
501280570
496700163
492889470
501282602
501281764
501281652
501282597
501280178
501282246
501278714
501282189
501279697
501282371
501280691
501281401
501281642
501282538
501281213
501282451
501282226
501281556
501281291
501282635
501281610
501281708
501282234
501281181
501282479
501281889
501281591
501281397
501281405
501281640
501281436
501281198
501282115
501282016
501281414
501281354
501281560
501276445
497160504
501283331
501283191
501279838
501283813
501283895
501283212
501283528
501197868
501282667
501283672
501273360
501283495
501277759
498103810
497159336
501282693
501282070
501280871
501283237
501283253
501278638
501282975
501279710
501282986
501283929
501282658
501283990
501283511
501282819
501283698
501282982
266485008
321300458
501282964
501282901
501283142
501284008
501283616
501283094
501283904
501283302
501283866
501283486
501283079
501282790
501282826
501283371
501283466
501283097
501283121
501282868
501282674
501282976
501285592
501285491
501284806
501284661
501284995
501282777
330888424
501285028
501284339
501284718
501267653
501285664
501285290
501281246
501232918
501284793
501275758
501285216
501285600
501285271
501284975
501285559
501284024
501285508
501285481
492634989
501285588
501285538
501284845
501284626
501285641
501282645
496671203
501284875
501285618
501284805
501285416
501284335
501285668
501285035
501285545
501284920
501284145
501284889
501284739
501285123
501284361
501285336
501284557
501284337
501284792
501284689
501284307
501284446
501284141
501284131
501285586
501285131
501284939
323004075
501285084
501285593
480106807
501284829
501284268
501276810
501286168
501287002
501286966
501286377
501281264
501286636
501287116
501286956
501286646
501284612
501285682
501286427
501287319
501287197
501286666
501286411
501287041
501286111
501285796
501285611
501287315
501286786
501286542
501286976
501285778
501287052
501285523
501286068
501287313
501287120
501287055
501286684
501286611
501287242
501286486
501285819
501285725
501287195
501286259
480857689
501287291
501285818
501287061
501286198
501286536
501286049
501285961
501287161
501287013
501285771
501286741
501287271
501286644
501286295
501287344
501288493
501288095
501288520
501288545
501287704
501287949
501287584
501288650
501285822
501272164
501287665
501285380
501288414
501288326
501284910
501288238
501288003
501288715
501288435
501287078
501283015
501287599
501288510
501288214
501288136
501282949
501287606
501288557
501287926
501288023
501287461
501288320
501288729
501288437
501288389
501287540
501287779
501288488
501288501
501288200
501287666
501288457
501288110
501287596
501287552
480421720
501287420
501287992
501289878
501289602
498556026
501289923
501277045
501289010
501288905
501289847
501286037
501290126
501289449
501289294
501289101
501288928
501290064
501289632
501288340
501267740
501290144
501290004
501290062
501290063
501281943
501289311
501289390
501289625
501289041
501288097
501285596
493424325
501289317
501289374
501289172
501289149
501288772
501290116
501288968
501289653
501289795
501289220
501289523
501289194
501289161
501289674
501289256
501289709
501289706
501291820
501280195
501291395
501290352
501291824
501278604
501291285
501291381
501291856
501265305
501291854
501289714
501291717
501291844
501291227
501291582
501288370
501232873
501290969
501288479
501290293
501289142
501286093
501215481
501291570
501291540
501290936
501291575
501291688
501291390
501291197
501290707
501290364
501291221
501291418
501290903
501291087
501290232
501291832
501291831
501291814
501291616
501291055
501290533
501291424
501290935
501290989
501290973
332583403
501290356
501290928
501291317
501290355
501291074
501290581
501290359
501291967
501292919
501291095
501290572
501291960
501292098
501292446
501288056
501292638
501285763
501293114
501292787
501293071
501291961
501293106
501291173
501283170
501292531
501287593
501292767
501291983
501292954
501291773
501292811
501292124
501292552
501293083
501293101
501292730
501292412
501293062
501292721
501292959
501292405
501292824
501290429
501292793
501292337
501291972
501292194
501292026
501294085
501292856
501293833
501293565
501278366
501294246
501283505
501292778
501294466
501294048
501294185
501293237
501291982
501288863
501291562
501293471
501293303
501292575
501293905
327803894
501294031
501293698
501293143
501293542
501294020
501294074
501293643
501293884
501293850
501293432
501293305
501293252
501294307
501293888
501293224
501294372
501294128
501293473
501291762
501295522
501272488
501295434
501294732
501295861
501294839
501295484
501294976
501293194
501295995
501296000
501294766
501295961
501295820
501294221
501294700
501294482
501295898
501295639
501296051
501295285
501293803
501296027
501284726
501293246
501294721
501295942
501294538
501295562
501295003
501294611
501295537
501295958
501294827
501295061
501294892
501295892
501294512
501295273
501294654
501296030
501295738
501294866
501296656
501297126
501297515
501290670
501296455
501296316
501297152
501296729
501295636
499293606
501297558
501285616
501279541
501296126
501297553
501289447
501294720
501296299
501295775
501296001
501297149
501297079
501295109
501297534
501297231
501287351
501297514
501296192
501297507
501295990
501296835
501296844
501296481
501297361
501297421
501296814
501297018
501296808
501296376
501296284
501296626
501296525
501297287
501296908
501296215
501292106
501294605
501298453
501297731
501297741
501276475
501298528
501289285
501298661
501298441
501298651
501298570
501298401
501295766
501297718
501298056
501270087
501296910
501297850
501297909
501239982
501297882
501297561
501298522
501298284
501297681
501298360
501298263
498912128
501298112
501298083
501297737
501297685
501297671
501299805
501300053
499213556
501300010
501296101
501299734
501300127
501300121
501299984
501294977
501293988
501298690
501300061
501299958
501287085
495222749
501290098
501299292
501299058
501297583
501300092
501299924
501299435
501299956
501299304
501300096
501300032
501299933
501299768
501299477
501299254
501298808
501299977
501300070
501300012
501299322
501299751
501299098
501298922
501301137
501299386
501300375
501299685
501290896
501300415
501267635
501297281
501293366
501301278
501300657
501301575
501301330
501297761
501300434
501231061
501298798
501004051
501301481
501301248
501301246
501297593
501301172
501300713
170311003
501301612
501301032
501300864
501301231
501301045
501301057
501300646
501300411
501300373
501301268
501301517
501300859
501300754
501301542
501273779
501302558
501301897
501301783
501300523
501301629
501302185
501302914
501301500
501302948
501302699
501301766
501302872
501302931
501301545
501302268
501302211
501301845
501302815
501302745
501302730
501302073
501302902
501302262
501302299
501301985
501301809
501302791
501301692
501302349
501301905
501303684
501305191
501305168
501304489
501303570
501304834
501305116
501304871
501304730
501301193
501303730
501303686
501301328
501305562
501305560
501305330
501303695
501278118
501304716
501303851
496859352
501303562
501305386
501305237
501305136
501290292
501305493
501304200
501303680
501304350
501305577
501305208
501304865
501304365
501304183
501304686
493228991
501304278
501304718
501303821
501303224
501296441
501305211
501304954
501303566
501305056
501305050
501303804
501303287
501304853
501305525
501305365
501304868
501303333
501303763
501303537
501304780
501305110
501304360
501303645
501307105
501300259
501307818
501306786
501307028
501307191
501306702
501307455
501298306
501306930
501307744
501305797
501305262
501304705
501307333
501307376
501304332
501305348
501301717
501306168
501282977
501306050
501307568
487518581
501307738
501299622
501307012
501306191
501307785
501307381
501301000
501305811
493738261
501306884
501305753
501305742
501307680
501307220
501306816
501306180
501306872
501307560
501306108
501307662
501305975
501303507
501306744
501306651
501306889
501307287
501306326
501306454
501305962
501307085
501308965
501308862
501309510
501309508
501305932
501308611
501297479
501308317
501308499
496241458
501284888
501309480
501183898
501309107
501308839
501304391
501309394
501309216
501309333
501308058
501305991
501309370
501308875
501309071
501308003
501308881
501308910
501308188
501309241
501308098
501308717
501308001
501308860
501308014
501308488
501307914
501308220
501308505
501308867
501308751
501308282
501307926
501309205
501308756
501308097
501311063
501310315
501311375
501311210
501310507
501309811
501298995
501308367
501310034
501311251
501310183
501310742
501311027
501309829
501310452
501311126
501300394
501311540
501308834
501311550
501309895
501311562
501310973
501311083
501310628
501286403
501310194
501311539
501307973
501311524
501310466
501311399
501310498
501311443
482862047
501310579
501310441
501310328
501309638
501310967
501311411
501310651
501310673
501311184
501310888
501310440
501310725
501307912
501311380
501310775
338311758
501310095
501310082
354470020
501310540
501310091
501309989
501310303
501311434
501310182
499158551
501312130
501313066
501310998
501313228
501312069
501308296
501312958
501311994
501312748
501312071
501311145
501312224
501312722
501312570
501309642
501312205
501310343
501304450
501301486
501308151
501299506
501312111
501308968
501297131
501312407
501312661
491346973
275314241
312568026
501312560
501312959
501312207
501312382
501312704
501312887
501312338
501312967
501312572
501312223
501312245
501312151
340024270
501312007
501312211
501311859
501311783
496475362
501314965
501314359
501313129
501314521
501314069
501313583
501314302
501313990
501314505
501314051
501313543
501313282
501313928
501314478
501314944
501305630
501315077
501314770
501312712
501315072
501314507
501314490
501315064
501314982
501294988
501314878
501315118
501313247
288012575
275653768
307533976
313509116
501314933
501314218
501314970
501314037
501314345
501314265
501314057
501313906
501313664
501313368
501313878
501314804
501314611
486494769
501319918
489144294
501319415
501317927
501314146
501317736
501316527
501319081
501317734
501318066
501319604
501317171
501316849
501313019
501312172
501318285
501318901
501306348
501319714
501313781
501319962
501319948
501319546
501319065
501318767
501317361
501315849
501319280
501224914
501315983
501311716
501319752
501318656
501318257
501316562
501316250
501316182
501319475
501317312
501319619
501319489
501317568
501316971
501316646
501317105
501316028
501319242
501319995
501319984
501319928
501318937
501319852
501317823
501318012
501318140
501317146
501318726
501316482
501316766
501315265
501315768
501315750
501319875
501318304
501318670
501318154
501317396
501318456
501319156
489363761
501316912
501320683
501321230
501312218
501321287
501320133
501321262
501320675
501318801
501320892
501320382
501320129
501319907
501320743
501317227
501284775
501321607
501312375
501320425
498908098
501313544
501321579
501321065
501320521
501321443
501320561
501321156
501320744
501321021
501321117
501321132
295931250
501321573
501320278
501320524
501321595
501321536
501321454
501320694
501320611
501320956
501321286
501321181
501322260
501323255
501321945
501322881
501323460
501323087
501322975
501323577
501323689
501323340
501311991
501323242
501323217
501322873
497276068
501323832
501322450
501322736
501318897
501322931
497144560
501323702
501322291
501323611
501323313
493910530
501323033
481327642
501322678
501322248
501323472
501323433
501323155
501322829
501323194
501323282
501321778
501323135
501323714
498877924
501323511
501323547
501322715
501323045
501322520
501324063
501323738
501320755
501324890
501314753
501324486
501322382
501323769
501323871
492566057
501324766
501324314
501321636
501320905
501323906
501317630
501324316
501322690
501322816
501324341
491671341
501324871
501324872
501324242
501315887
501324134
501323969
501324432
501326120
501325877
501326790
501269310
501325598
501306390
501326179
501325921
501325784
501325573
501324302
501326996
495869877
501326984
498623713
498499411
501312551
501324488
501325348
501326599
501326189
501326339
501325514
501325565
501325444
501325401
501326637
501325051
320342102
501326327
501328535
501328436
501326793
501328048
501327438
501313759
501328435
501327883
501327168
501242584
501323469
501327563
501327474
501327639
501328522
501323494
501008064
501327100
501327668
494107751
501327973
501327337
501327764
501315211
501329585
501306480
501329431
501329574
501329333
501322437
501329035
501328220
501329553
501329272
501327979
501329191
501327457
501327733
501328901
501329124
501328757
501329221
501329156
501329339
501327331
501329104
501329018
501329447
501308365
501330072
501329985
501329620
501330404
501330463
501285774
501330238
501329871
501328781
501330075
269047869
501330323
501330061
501330496
501330347
501330000
501330492
498877234
501329784
501330340
501331320
501317238
501330573
501331155
501331059
501330747
496389910
501330998
501330752
501300823
501331285
501327287
501330854
501331312
501331026
501330518
501331664
501316276
501332048
501331904
501311116
501286097
501331750
498180308
501178679
501330882
501331878
501331855
501331486
501331651
501331782
501331934
501331763
501331792
501331716
501332306
501331787
501332290
501332195
501332597
501332352
501332629
501332547
498926339
501332305
501332278
501332237
501332388
501332143
501332435
501332421
501332250
501333175
326074939
501332967
491673787
501295590
499229527
501312418
501333164
501332755
501332986
501332975
501332797
501332868
501333667
501333287
501333539
501268544
501333321
501166432
501333252
501334082
501333337
501334065
501333788
501333949
501333642
501333842
501333401
499074290
501333616
501321213
501332859
501298120
501333749
501316108
501333801
501189325
501333693
501332127
501334009
501333856
494691540
501334400
501332140
498756845
498769567
501334277
501334315
501168923
343822407
501316707
501334483
501329346
501333454
501305368
501334545
499775218
501334460
501334637
325073672
339522037
501334701
501334695
501334808
501334682
501333820
501316578
501324593
501331938
498617910
501334705
501334882
501334892
501319011
501335005
501334969
501332172
501334914
501334920
501335135
496135766
501335058
501335123
494628674
501261674
501294808
501335370
501262114
494485841
495839680
501335505
501335467
495339365
501335450
501335715
501335588
501293944
501296099
501000810
501335734
501335722
501335803
501335724
501131814
501335950
501335919
494867562
501335946
500372387
501174228
501336074
498916436
501328036
501262931
501336320
501237304
501332515
501336310
501336570
501336441
501336559
501336532
501330279
501336495
501336477
501336666
499336701
501336793
501219779
501337046
485553288
501337123
476525668
501336938
501322159
501320936
501336884
501337097
501337094
501337023
501337252
501337389
501337377
501293795
501300266
501337700
501337190
481873650
501337727
501338560
501337897
501338209
501338530
501330308
501338470
501322015
491950628
501337769
501337957
501338467
501338042
324296964
501338504
501338330
501338069
501338707
501339238
501339282
501339275
501338619
495405873
501339209
501339106
501338772
501338661
501338579
501338621
501338871
501339827
501339567
501320057
501318948
501125176
501030347
501311521
501339755
501339849
279452986
501339974
501339746
501339497
497153659
501340444
501338632
501340736
501328064
501301297
501010577
501340103
501340555
501340235
501340328
501340325
501340062
501340407
501340050
501340461
501340231
501340636
501340553
501340230
501340965
501341191
501341958
501019747
501341425
501257834
501341868
501341703
501342065
501342059
501342145
501015981
501341581
501342106
501340768
501340926
293396190
499328288
501341817
501342000
501341618
485727106
501341776
501341627
501342758
501342541
492656384
501117653
501322578
501340912
501343060
501343117
501341852
501341283
501341147
501342885
501342924
501340236
501316457
501342572
501283172
501310228
501340375
501342547
501342265
498462073
501343057
501342749
501342305
501342426
501342938
501344028
501343193
501343567
501320910
501344105
501344104
501344021
501343631
501344094
501343341
501340860
501343153
501296317
501343483
501341841
501299678
501175689
501343276
484632061
501343456
501343980
501343497
501343921
498314817
501343308
501343578
492508576
501180706
501344817
501340192
501316623
501343868
501344426
501344820
501344810
501344847
501211683
501169799
501344567
501343359
501341737
501340788
501344621
501344515
501344352
501344180
501344231
501344323
498751331
501344329
489279231
501344194
501344381
501344589
501344348
501344315
501344443
501321106
501346296
501347020
501347016
501345650
501346555
501346339
501345003
501320858
501345997
501347057
501345262
501345775
501347069
501345500
501346386
498260129
501346246
501345011
501346174
501346041
501346278
501346533
501346650
501346086
501344972
501345846
501345836
501345345
495977995
501345088
501345490
501347054
501347383
501347192
491894762
501347200
491697930
501348117
501348091
500956696
501346073
501347561
501345863
501346034
501345401
501347597
501347552
501347643
501346772
501347892
501347795
501347916
491676984
501347975
501347757
491677182
501347430
501316654
501348033
501316067
501348021
499694281
501347849
501347544
501347820
501347842
501347777
501347291
501347964
501347723
501347640
501347801
501347297
501349530
501349324
501349459
501348740
501349511
501303348
501349460
501348853
501348421
501349212
496752793
501349269
501349026
501349475
501349458
501349151
501348619
496045113
501348387
499444385
501348229
501349517
501349477
501348940
501349296
482536616
501348577
501348785
501348962
501349015
501348781
501350292
501350698
501349806
501349729
501229382
501350124
501348675
501350464
501349639
501345789
501349840
501350508
501348365
501341280
501350654
501350652
501350118
501350103
501346605
501350699
501349743
501350521
498961344
501349607
501350100
501349929
501349899
501349690
501349110
326505106
486888565
501349787
501349893
501349721
501350330
501350125
501351550
501351751
501350964
501350887
501350937
501351778
501312421
501351776
501351774
501348436
501348479
501351381
501351274
501351106
501350951
501351214
501349762
501351609
501343305
501351580
501351629
501348345
497300409
501351726
501329202
501350703
501351802
501350979
501350895
501351759
501350899
501351351
501350968
501352317
501349615
501272389
501352924
501349990
501352508
501302480
501351651
501353104
501351278
501352702
501352060
495636001
501352126
501353149
501352035
501352545
501351924
501352653
501352045
501352844
501353039
501353006
501353212
501353081
501353785
501353970
501353011
501353010
501354338
501351978
501316388
501349951
501351237
501348373
501353249
501353753
501353651
501353840
501353248
501353934
501353312
501354187
501354038
501353460
501353718
501353490
501353217
501355717
501354612
501354954
501355759
501356482
501298348
501354810
501356762
501356822
501356580
501353604
501356757
501350506
501350308
501349027
501355086
501356418
501314534
501357005
501355296
501350772
501356066
501215064
501356649
501349982
501254409
501356240
501354966
501354672
501355950
354872014
501356777
501357160
501356112
501356771
501356741
501355940
501356904
501356092
493151579
338146539
501356121
501356988
481686155
501356127
501357994
501356326
501358535
501356316
501358088
501356605
501354473
501353742
501358733
501205719
501354465
501355984
501358485
501358267
501358552
501355608
501357480
501358177
501358132
501355979
501358681
501358916
501357966
501358474
501357576
501358759
501357631
501358204
501358805
501357332
501357681
501357809
501357532
501358060
501358639
501358459
501357999
501357502
501359431
501359645
501359685
501359168
501358665
501359814
501353725
501358084
501359937
501358141
501355715
501359930
286794676
501359618
501359993
501359760
501359470
497842457
501359239
501359235
501359173
501360095
501360894
501361185
501361367
501361452
501360219
501359478
501351615
485426621
501210705
501358063
501360874
501360536
501361230
501360684
501360619
501361363
501360447
501361373
501361044
501361460
501360657
501361876
501362300
501362569
501360214
501362664
501355764
501362517
501357708
501362136
501361947
501361370
501362668
501317639
501362617
501362650
501357308
501361613
484724127
501362350
501361634
501361907
501361655
501361980
501362057
501361629
487462353
495694392
501362215
501361910
323778845
495694718
501362294
501362165
501362064
501361738
501362315
501360588
501363401
501362756
501363257
501363121
501363325
501361777
501363234
501361416
501363564
501363606
501363197
497391524
501363389
338953762
501363333
501363236
501362959
501362971
501363622
501363407
501363396
501362907
501365041
501364416
501364162
501365110
501349274
501365085
501365072
501158869
501365056
501365064
501364952
501361123
501364503
501360140
501363981
501364811
501364277
501365006
501363791
501364449
501365020
501364603
501364677
501363907
501362269
501364199
501361329
501281444
501365957
501366186
501362379
501366183
500731714
501366087
501363167
501358120
501358030
501365930
501362937
501366125
501366161
501365946
501365768
501366174
501365577
501365738
501365686
501366114
501366162
501365157
501300877
501366547
501365817
501367111
501319374
501366429
501367129
501367123
501367122
501365183
501366536
501367102
501364772
501364007
501366318
501363278
501363962
501366477
501367092
501367091
501366427
501366484
501366871
501366615
501366929
501367035
501366777
501366543
501367106
501366904
501366300
501366712
501366483
501361871
501368603
501367971
501366247
501368654
501354204
501367007
501366362
501368293
501368493
501367230
501367670
501366406
501364323
501368582
501368101
501368334
501368548
501368175
501368220
501368187
501368482
501368261
501367358
501367497
493458603
501367523
501368227
501368007
501367738
501367387
329927801
501369173
501369635
501369643
501368680
501369368
501340821
501369103
501366792
501369289
501304658
501369134
501368940
491624245
494366660
501368704
501369601
501369156
501369527
501369037
501369093
501368795
501132862
501369540
501369238
501368846
501369750
501371005
501369990
501345897
501370858
501370558
501370095
501370521
501367764
501366354
501361134
501370505
501371000
501271414
501369003
501366066
501370937
501370303
501370582
501370279
501370037
501369970
501367610
501370712
501370734
501370403
501370887
501370163
501370476
501369983
501372207
501372368
501371732
501348350
501367790
501370856
501371378
501370590
501372263
501371903
501368836
501362293
501280123
501372180
501367820
501371443
276793936
501372339
480378035
498765716
501371291
501372666
501372077
501371726
501371321
501372135
501372044
501372083
342669184
501373040
501373957
501373193
501373627
501373117
501372924
501372548
501375245
501373551
501372451
501374845
501157042
501375059
501374968
501375230
501345921
501373641
501374718
501373208
501374107
501373911
501373233
501373912
501374656
501372977
501375138
336963865
501373649
501374864
501373685
501373021
501374737
501373372
501374284
501375026
501374734
501374133
501374159
501375335
501375919
501376207
501376354
501376797
501376167
496394401
501295772
501376540
501373170
501376433
501376544
501373547
501375721
501025165
501359695
501376040
501376647
501376088
501375964
501376741
501376317
302701844
501376008
501376258
501375457
496593057
501376345
501376285
498437613
499274377
497990594
501376728
501376253
501375366
501377226
501377897
501377976
501377785
501377535
501378039
501375344
501358712
501378110
501376312
501378186
501378018
501349031
501377159
501378166
501378048
501377652
501362479
501377962
501377485
501378151
501377037
501377055
501376932
501377023
501377847
501378028
501377133
501377914
501376832
501377206
501377515
483625601
501371734
501378573
501379349
501378463
501376882
501379611
501378499
501379608
501377460
501379174
501378290
501379312
501377834
501377666
501291892
501379516
501378802
501378487
501378519
501378431
501379132
501378997
501378948
305031482
501378799
501378231
501344835
501380811
501381457
501379971
501381358
501124624
501381452
501378488
501380602
501381530
501377630
501344569
501381509
501378547
501380695
501381412
501379761
501381360
501380862
501380497
501380090
501380785
501380045
501381042
501379986
501380410
501380399
501380075
501380524
501382873
501384015
501382352
501382126
501383492
501382581
501125223
501383825
501382042
501381816
501384014
501383696
501383399
501230211
501283353
501383405
501384038
501337254
501379834
501384096
501384043
501383566
501383238
501383557
501383139
501383510
342764593
501381591
501382746
501382668
498751819
501383172
501382838
501381590
501382152
501382192
501384091
501383160
501382616
501383148
501382037
501383173
501382750
501381804
497306688
501387838
501387532
501387162
501385565
501387032
501388015
501386732
501382751
501388025
501386900
501385094
501384966
501384516
501386791
501385916
499974499
501388105
501387030
501387300
501386784
501388132
501385678
501311324
501387425
501388006
501385764
487710607
501388160
501388078
501387295
501384928
495993322
501385024
501384430
304121546
501386135
313214900
501385151
501386695
501384485
501386197
501387510
496380390
501385074
501387364
501385330
501386891
501384216
501384361
501385304
501387921
501385850
501385963
501384792
501385023
501384471
501387410
501385414
501389310
501387483
501387378
501390109
501390059
501388936
501377640
501388667
501388855
501390095
501387710
501389209
501389977
501388831
501389177
501385746
501381987
496466998
501389453
501385489
501388718
501389847
501388377
494638137
501388507
501388512
501390116
501388508
501389195
501388427
501389136
501388742
322891497
501388242
501389931
501388801
501390432
501391082
501391200
501391247
501383102
501388562
501390734
501390171
501391313
501389156
501373053
499386568
501391399
473223023
501391483
501345256
501391217
501390644
501386272
501390370
501391127
501390911
501390531
501390946
501390155
498517737
311141768
501390269
501391482
501390414
501391277
337202350
501390652
501371849
501391310
501390396
501394442
501394230
501392397
501369929
501393168
501393103
501392487
501386026
501381018
501394094
501295822
501384253
501391733
501394393
501393489
501392193
501394163
501394131
501072105
501394309
501393307
501394004
501394233
501393626
501393657
501393047
501392039
501382514
501393245
501394013
501393454
501394327
501393146
501392227
501392050
501393557
501393208
501391623
501393551
501391934
501394345
501392454
342879882
499570529
501392496
501394810
501395502
501395172
501388958
501395664
501395289
501394801
501393360
500639485
501395435
501395932
325985522
501394712
342563939
473270296
501396059
501395799
501394854
501395512
501395070
501395183
501395187
501396553
501397061
501396839
501396822
501396377
501397135
501385040
501394664
501380730
500988502
501397588
501396912
501396278
501396956
501396910
501396164
501397496
501396625
501396795
501397665
501397350
501396257
501397345
501396753
501399426
481991161
501399317
501399396
501398796
501399006
501398689
501397050
501399302
501399289
501399187
501396798
501398514
501399057
501398241
501398701
501398428
501398859
501393567
489389533
501388181
501399330
309386256
501398267
501397847
501398872
501399041
501399000
501398371
501398683
501398164
501398555
304685782
501398168
501398456
501399312
501398572
501397972
501398186
501403309
501403112
501403321
501403312
501401580
501403332
501389792
501401038
501403330
501398214
480344563
501403387
501210766
501402909
501401404
501401819
501403310
492958587
501403211
501402959
501403313
501400238
488559520
501400452
501403316
501403143
497202093
501399832
501402681
488909358
309630017
501401403
501400074
501401787
501403240
501400532
501402187
501399655
501401370
501394420
501399972
501403399
501401541
501403035
501400115
501402908
501400699
501399982
501400962
501399975
501402205
501400818
501401317
501401427
501401200
501401768
501400193
336642083
501400159
498257195
342560324
501401148
501400937
501399587
501404973
501404918
501404715
501404923
501404914
501404871
501404575
501403831
501396922
501404271
501386247
487260199
336635390
501403499
501404844
501362989
501181144
501394894
493372131
492409374
494484217
501368731
501398768
501404876
501403451
501403527
501404214
501403672
501404936
501403496
501404402
501404593
498620355
501403797
501404462
501404567
501404566
501406666
501405205
501406373
501405799
501406674
501406520
501406715
501406669
501406486
501406379
497434656
501071617
501403275
501406224
501406703
484637481
501406437
501406678
501406464
501405317
501406299
501405848
501384427
501406107
501406686
501406320
501406571
501405305
501405971
501406401
501405619
501405124
501405664
501405397
501405544
501405089
501406442
501405760
475044067
501407190
494216618
501407042
501406772
501407148
501395764
495006185
501407130
501407008
494353084
501407152
501407101
501406876
501408033
501408026
494628511
501408020
501407475
501392853
501407498
501407591
501407935
501407658
501407876
499664135
501407863
501407855
501407833
501408051
501407730
329705698
501393882
501409471
501408964
501392327
501408880
501395832
501408492
501406125
501408669
501408088
501400051
501408338
501405009
501408720
501408315
501409000
501404219
280313831
501408189
501408379
501408573
501409103
496057805
501409566
501409764
501408352
501393046
501410367
501409993
501410426
501394513
501408879
501389916
501379889
281927230
501403440
495663238
501410123
501411301
501025494
501411304
501411295
501410627
501325937
501411257
501410896
501410014
300291792
298121262
279214436
489484469
501410718
501411014
501410884
334651960
496593040
501411766
501410644
501383643
501411666
501411656
501411478
501411597
501411458
501411679
501411718
501411460
501411444
501193938
501404301
501411929
501411824
501412215
501359024
501403943
501412275
501412212
501412216
501412296
500201906
499280437
501309172
501412430
279267778
501412380
501412475
501383121
501412735
501412691
500575422
501412670
501412664
500907551
501108022
501412713
273751438
501412936
500917843
501412789
499184016
499123425
501413142
501413100
501413092
501413104
501413051
501359487
501374956
501119354
501413393
501413424
499503164
497387390
497634570
501413617
498907522
501414006
501414290
501396566
501414346
501414386
501414547
501414506
501414490
501398521
478446900
493934760
501386801
498773446
501401347
501408149
473389362
501372700
501414878
501415016
491870285
501415131
501415352
501415240
501415344
501263179
501359537
501381197
501405015
304856644
501415351
501415122
501368196
501415695
501404261
501415502
501415209
501399944
501415727
495128401
501415834
501416278
501388780
499019522
501380395
501400214
501415895
501415866
501416070
501415891
323417213
501415613
501416377
501416387
501415910
501416942
275961363
501417006
501416947
501416474
501416993
501416626
501416468
501416983
501416542
501416665
501416452
501417525
501382874
501315657
501416949
501417532
501256750
501416448
501417594
501417680
501417132
265919244
501417653
501417652
501417694
501417648
501417620
501417171
501418367
501418318
501418220
501417991
501417346
490913565
501418416
501417833
501418149
501418142
501418413
501418342
501389662
501417748
501417989
501397498
501418583
501418882
501418889
501418795
501419045
501399313
501418989
501418556
501418733
501418612
501418855
501418917
501418676
501419162
501419015
472539785
501418637
501418830
472549256
501419693
501419375
501419561
501419317
501419771
501419763
501419193
501396576
501419714
501419247
501403798
487486155
501419669
501419665
501419335
501419244
501419654
501419272
501419340
501419321
501419261
501419325
501419437
501419328
501419273
501420357
501420695
501419378
501419415
501420574
501415161
501397519
501420575
501380287
501420666
501420657
328932507
501420251
501420011
501419875
501415842
501420573
501418273
501419877
501419869
501420586
501419956
501420488
501419976
501420337
475573244
501420341
501420177
493391758
501420210
501421080
501421553
329371735
501420727
501409863
501417374
501421501
501416888
501421054
501421531
325387036
324816751
501420770
501418667
501420836
481984009
501419440
330378745
501421471
501365644
324628670
501421549
501421035
501421580
501421533
501421421
501421566
501421092
501421108
501421351
501421617
501421228
501420934
501420954
501420827
501421714
501422310
501421479
501422389
501397406
501421739
501261247
501422012
501422428
501421823
501422423
501422064
501422370
501421754
501421798
501421931
438136393
501422090
493039579
491578089
501365973
501423114
501423275
501423351
501423066
501423232
501422594
501423328
501422470
501421959
501421842
501239072
501422827
501422837
501423142
501423342
312485022
310710549
334248856
501422881
501422517
483360604
501422611
496910745
501422574
501422816
501423115
501423083
501421835
501424695
501423732
501424600
501423759
501424816
501424812
501422653
501424443
501422686
501422791
501423736
501424322
501423985
501423760
501424728
501424720
501424807
309631963
310310678
334919418
501424789
501424334
501423935
501424719
501424047
501424735
501424602
501424405
501401935
501379890
501425806
501423473
501425647
501424919
501425798
501356475
501423892
501425629
501425128
309407480
309478339
501425536
501425212
501425207
501425770
501425255
501425593
501424689
501425716
501425418
501425251
501425602
501397279
497689643
501426980
501426658
501423877
501424137
501422857
501332070
501420826
501426891
501425173
501377667
501426511
501426327
491626914
501426301
501426632
501426925
501426242
501426040
501426881
501426583
501426970
501426817
501428024
501426418
501427045
501425860
500502790
501428311
501425889
501426014
501418513
501424496
501428354
501423343
341846474
501427940
495663330
501427082
501428353
501427968
501427384
501427316
501427237
501427037
501427010
501428452
501427964
330864524
501427185
501427020
501428206
501427667
501427043
501428521
501429718
501429421
501417169
501428630
501426520
501429702
497918078
501425350
501429264
501429025
501388079
501429259
501429504
501420975
501391763
318762577
313886006
501428910
501428653
501429246
501429528
501428771
501429582
501428859
501427726
501429581
501429412
501388259
501430031
501429738
501430350
501428531
501429767
501429846
501430411
501429726
501430243
501419912
501430196
501376002
501427122
501430259
501429942
501429900
501430307
501430388
501429921
501430252
501429823
501430017
501430040
501430028
501431659
501426500
501430750
501431689
501431419
501430757
501077390
501429085
501431634
501430971
500709912
501431610
501431603
501431678
498501878
501431182
501431036
473895743
498812902
501430497
501430153
501430625
488105378
501431569
501431156
501431111
501431811
501432819
501432840
501432838
501432711
501432435
501432127
501432822
501431899
501431829
501431429
501430634
501430147
501427613
486483314
501432741
501431284
501432307
501432007
501432478
501432611
501432461
501432815
501432108
501432777
501431784
501432195
501432392
501431816
501431753
501433708
501425972
501433717
501433816
501432938
501433758
501433615
501433450
501433414
501433753
501426799
501432177
501433655
501433713
301515648
501433653
501432923
501433660
501433744
501433402
501433260
501432877
501433774
501433231
501433823
501433720
501433448
501433411
501433106
501420988
501433929
501428082
501434343
501435129
501435179
501434928
496782208
501435204
501435107
501435193
501434305
501433110
501434359
501435041
501434028
501432318
501432592
501434881
501428958
501435162
501435036
501434747
501433373
501434299
501434614
501433995
499354876
501434356
501434214
501434437
501434237
501423570
501434820
345191384
501434177
501431658
501435812
501436480
501435636
501436501
501435343
501435833
501428137
501427041
501435926
501434873
501435045
501436558
501436829
501436139
501434986
501377422
501436703
501435466
501380147
501435688
501433835
501434392
501435547
497467666
501436857
501435460
501436780
501435327
501436135
501435829
501436424
501435907
501435296
501436136
501435430
501436616
501436111
501436505
501435452
501437362
501436955
501437883
501437806
501437792
501437416
501436694
501437629
501431340
501437295
501436931
501437571
501437784
501437788
501437253
501437192
501437603
501437574
501436979
501439058
501437600
501438401
501439054
501435742
501438988
501439260
501438228
501438659
501439286
501437009
501439082
501438521
501438698
501438066
501438566
501439332
501439075
501439098
501439046
321491185
321414118
323685035
501439276
501439339
501439106
501438450
501438303
501440114
501240573
501440417
341665915
501439382
501440140
501439072
501428888
501424048
501438078
501440363
501440414
501440424
501440327
501439604
501440463
501440445
501440328
501440268
501439605
501440253
501440099
501439989
501440111
501440905
501438372
501434805
501441094
501441103
501440962
501441379
501441050
501437987
501441373
501434613
501420385
501441354
501441349
501440698
501440657
501439416
501439587
501441309
501431799
501385688
501440868
501441052
501440582
501440799
501440914
501437738
501437439
501437267
501442460
501441613
501435273
501441595
501442803
501441460
501434546
501442952
501441065
501442574
501442477
501442284
501440536
501438627
501442863
501442404
347662903
501442220
501442366
501442590
501441851
501442321
501442958
501442451
501441575
501442832
501441675
501442775
501442205
501442175
491834747
497738007
501443209
501440309
501443958
501443273
501443486
501443249
501442106
501440851
501443317
501443553
501444036
501432155
501443018
501443084
501443320
501443612
501443729
501443602
501435780
501443142
334771878
501443487
501443380
501442190
501423758
501444724
501438006
501434539
501444423
501444691
501444819
501231278
501445052
501445028
501444734
501445051
501444582
501444210
501444897
501444254
501444782
501444662
501445013
501444500
501444521
501444455
501444193
501444420
501446557
501446165
501444304
501444154
501446196
501445613
501446529
501445664
501443559
501446105
501445867
501445458
284174289
501446432
501445487
501445600
501445460
501445295
501446258
501445492
501446114
501446556
501446280
501446148
501447967
501446687
501447944
501446245
501446597
501447382
501445639
501447920
501447700
501447849
501447333
501447043
501447548
501447314
501447203
501433109
501442077
501447089
501447455
501447906
501447178
501446907
501447464
501446887
501447036
501447484
501446655
501447061
501447549
501447545
501447319
501447348
501446860
501448856
501448065
501432149
501449211
501448329
501448072
501449148
501448561
501449189
501449100
501449177
501446984
501449174
501448991
501418950
501448163
501446817
501448726
501448767
309105734
501449173
501448495
501447908
501448538
501450309
501449991
501449869
501450331
501439484
501449083
501449284
501450466
501448047
501450442
501449919
501450359
501448609
501449517
501449269
501450429
294636005
301923102
501449715
501450408
501449514
501449379
501449293
501449834
501449309
501449687
501451550
501451732
501451517
501450822
501451173
501450724
501448217
501451481
501450887
501431868
501449362
501451861
501451857
501451769
501389285
501450929
501451643
501450549
501450903
501451633
501450854
501450908
501451521
501450722
501451534
501451482
501449541
501453357
501451327
501452209
501453340
501447003
501452019
501453332
501452012
501449699
501434039
501447688
501452464
501453081
309926144
310257031
501453108
501452800
501452545
501452619
501453055
501453115
501452961
501452227
501452986
501452766
501453847
501453739
501453973
501453651
501454146
501453884
501454247
501454068
501453600
501454241
501441993
501452463
501453691
501451406
501453804
501452798
501451147
501453593
501453212
309515573
309464509
501453768
501453370
501453885
501453630
501453678
501456978
501456860
501457202
501456358
501455687
501457355
501457123
501456103
501455226
501455103
501457346
501457318
501456943
501455556
501457066
501457000
501457258
501457011
501456957
501456903
501457250
501454646
501457077
501456630
501453478
501451172
501454312
501454786
501456789
501455322
309175640
501456313
501455009
501454681
501457214
501457339
501456852
501456166
501455575
501454982
501455548
501454676
501456413
501454528
501456349
501455869
501455499
501456074
501455165
308841685
324063669
501454579
501454722
501454832
501456990
501456427
501456472
501457109
476957123
492230432
501457823
501458112
501457534
501457479
501458374
501458056
501457840
501454372
501458820
501458094
501456330
501458130
501457637
501458499
501458433
501458546
501458459
501455876
501458761
501457693
501458404
501458183
501458807
501458075
501457282
501454564
501457889
501458790
501458504
501457924
501458013
501458613
310774334
501457647
501458038
501458747
501458547
501458139
501457460
501458592
501458587
501458101
501458680
501457991
501458619
501458333
501457435
501458097
501457555
501457944
501457722
501459142
501460185
501457452
501460343
501457567
501459593
501460739
501460381
490180140
501435574
501460835
501453403
501460529
501460385
501456628
501435883
501458419
501458265
501455705
501459924
501459560
501460659
501460272
488035924
501459652
501457545
501460818
501460167
501460069
501460192
501460100
501459850
501460378
501459408
501460771
501460112
501459825
501460797
501460768
501459561
501444209
501461018
501463375
501461910
501463569
501463201
501389082
501462583
501463080
501462554
489027037
498655868
501462114
501462430
501463230
501461955
501454825
496645716
501459497
501453628
501463158
501462454
501462885
501458842
501462658
501462144
499090423
494649324
501461574
501463523
501460998
501463209
501462301
501462683
501462152
501462972
501463097
501462049
501462034
501463484
501461864
501461002
501463516
501462067
501461160
501459175
501462950
501465012
501464226
501460705
501465306
501458651
501465137
501464907
501461939
501465392
501461558
501465315
501464792
501465374
501464194
501462489
501459002
501464417
501464099
501464358
501463907
501465042
501464582
501465080
501463704
501465123
501464696
501464160
501463677
501464098
501464241
501467579
501464355
501466539
501466057
501467022
501465972
501465652
501467482
501465883
501467411
501464634
501466702
501464139
501465968
501465874
501466086
501467352
492050999
501466756
501466005
492399454
501465695
501467294
501465517
501465906
501467520
501465878
501466560
501466323
501466626
501467200
499104459
501466418
501465663
501466317
501465822
499200744
501466098
501469559
501469307
501469079
501467027
501225730
501462587
501271654
501469812
501467608
501467810
501470065
501462909
501469080
501466827
501467931
501469295
501470030
501463627
501439792
501469046
501469875
302270526
501468126
501469468
492027603
501468359
501469475
501469631
501468248
501469548
501468412
501469170
501467893
501469195
501469446
498617783
501468903
501468069
501469747
501468924
501471264
501469124
501470563
501471847
501471840
501470853
501471372
501471112
501464389
501470963
501470142
501471763
501470204
501471448
311606498
501470782
501470653
501471539
491875514
501470190
501471567
501471135
481569169
501471228
501471338
501474580
501472723
501474272
501472195
501458640
501396698
501471224
501474137
501474004
501474232
501470926
501473180
501472602
501464074
501473435
501470153
501474100
501473921
501474278
501471970
341799828
501472763
501472983
501474479
501472320
501472615
501473661
501471986
501473464
501472880
501475482
501476715
501476091
501476388
501476491
501475908
501473786
501475032
501472971
501477057
501473505
501476571
501457064
501477028
501464282
501474131
501476789
497474550
501475603
501475483
501475205
501475423
501475698
501472467
347678986
338106385
501475736
492053923
480363241
501475457
501475275
501474999
501476736
501475972
501476471
501475910
501477872
501479615
501476437
501479927
501478765
501463597
501479048
501472436
331743936
501479846
501472203
501079039
501445557
501479537
501478103
501479516
501479380
501479775
501479389
501479751
501477715
300723984
501479944
501476718
501479834
501478559
501477164
501479141
501478750
501478629
487938201
488690973
501478544
501479075
501478476
501481133
501478238
501480367
501480092
501480978
501478064
501481448
501479961
501481587
501474836
501477314
501270387
501481120
501481128
501478825
501479974
501479973
501480863
501480788
501480504
501480607
501483804
501482242
501483495
501483549
501480086
501483511
501478087
501482129
501481780
501483292
501483181
501483368
501481941
501453498
501483417
501482522
501482173
501483256
501483520
501483145
501481744
501482262
501482102
501480080
501481873
501481882
501483280
501483435
497397473
501482862
501484918
501485162
501484805
501484882
501485123
501485098
501483830
501485282
501485279
501484183
501484691
501436208
501466734
501484963
501484483
501483931
501484733
501484832
501483192
501484966
501474255
501485238
501484992
501484708
310477880
501484266
501483872
501484304
501484415
501484199
501484970
501486506
501485908
501485967
501487283
501487045
501487215
501487360
501487343
501486756
501485477
501486641
501486994
325537215
501486534
501487347
501486072
501487345
501486542
501487048
501484191
501486458
501485475
501487071
501486590
501486017
499168625
501487324
501486956
501487127
501487104
501484787
309608348
501486244
501487026
501486377
501485371
501486431
501487277
501486109
501486691
501486465
501486781
501486032
501485444
501485983
501488926
501488224
501488494
501488865
501487651
501482193
501487822
501487679
501488853
501488741
501487712
501489017
501488369
501487749
501489013
501488793
501488646
501487830
501489026
501488833
501487899
501488799
494334776
501488509
501488987
501488751
501487734
501446139
501487741
501488996
501488721
501488557
501487835
501488916
481339980
501487756
501488388
501487483
501488285
492143234
501487940
501490200
501490194
501490147
501490071
501489958
501489878
501489824
501490083
501490085
501490232
501490048
501489951
501489462
501489432
501489315
501490027
501490230
501490082
501490222
494478484
501489310
501489970
501488901
501490212
501489826
501490206
501489305
501490203
501489520
501489762
501489713
501489966
501489802
501489541
501489057
501489171
501489719
501489178
501489975
501489224
501491516
501492599
501492366
501492428
501491236
501492565
501490915
501491127
501484457
501490241
501492288
501492504
501491852
501489801
501492556
501492173
501492327
501491616
501492467
501492451
501491352
501491916
501492029
501492553
501490301
501492459
501490468
328476169
334560775
501492386
501492420
501491621
501491882
501491004
501491362
501491358
501491974
501493318
501493359
501493301
501493356
501492944
501493343
501493228
501492801
501485311
501489558
501490253
501492714
501493078
501491297
501491589
496755483
274739991
501492661
501492941
501493090
501493398
501493429
501493952
501441884
501487451
501488443
501493564
501490991
501493775
501493910
501489789
501493464
501493902
501493872
501467605
501493546
331799229
501493701
501493738
501493475
501493880
501494706
501494532
484155816
501494360
501493578
501494451
501494302
501493466
501493025
501452719
501490410
501494620
501494042
501478475
501494607
501494206
501494653
501494267
329524794
501467306
501494030
501493994
501495127
501495082
501495016
501494744
501494237
501495089
497958319
501494778
501434628
501493581
501464012
501494929
501494910
501494307
501495236
501487966
501495374
501294141
501495293
501495363
501491248
501488699
501487618
501495188
488416805
501495640
501495714
501494890
501489522
501495736
501495686
501495703
501494569
501495839
500652551
501495933
501468799
501495892
501495926
501496122
501496102
501368927
501494919
501496048
501496086
501494269
501496461
501496322
501461715
501496532
501267448
501491876
501496534
501496536
501496776
501484622
501480159
501496719
501496855
501496871
501471575
501492795
501483126
501496950
501416676
494475905
501496920
501497049
501491856
501497202
487118665
344088403
323352535
501497340
501487533
501497360
501497600
501497777
501481430
488893313
501489345
501497892
498531643
501497934
496798847
501481729
501497858
501497931
501497800
501498228
325536352
501491538
501469799
501498193
501485802
501498031
501498160
501498119
501498344
501498469
501498441
501498290
501498393
501489705
501490486
474614492
501499130
501499214
501499236
501499240
501498909
501491180
501498584
501499118
501499102
501499155
501498730
501498705
501498792
501498940
496560163
501499185
501499389
501499667
501499801
501465119
501499420
501499784
501494036
499502694
501499454
501499755
301280459
501499767
501499275
501499411
501499936
501499938
501500198
501499984
501499980
501499267
501487626
501071068
501488370
335631670
501500101
501500116
501500080
501500785
501500836
501500748
501500680
501500834
501348466
501500707
501500335
501500720
501499913
501500796
501498921
501500589
501500339
501500506
501500841
501500725
501500349
501500424
501500561
501499589
501501149
501501348
501501338
501486301
501501264
501461921
501501358
501499838
501501335
501501310
501500997
501501887
501501713
501501985
501501766
501464700
501501161
501501827
501501747
501501691
501501762
501501877
501501525
501501892
501501868
281208057
501501915
501501611
501502001
321383312
501501968
485714040
349318185
342735326
486554751
342714907
485733256
488187180
501501765
501501510
501501910
501501823
501474764
501502284
501502373
501502341
501486298
501502291
501502315
501502542
501502020
501502530
498091405
501498870
501502135
501502206
501502214
501502553
290786672
476082214
501502125
477929055
501502023
501502390
501502926
501503589
498915247
501503010
501503624
501503431
501503674
501502839
501502930
501503084
501503561
501503436
501502979
501502727
501502891
501503707
501503338
501502991
501503229
501502922
501502701
501502849
501503224
501503049
501502789
501503171
501503005
501503099
493911237
488615789
486089996
501503963
501503212
501491354
501504622
501504844
501504681
501504950
501504990
501504416
501504735
501504096
501504868
501504466
501504379
501486284
501504949
501504199
501484517
499270416
501503748
501504627
501503861
501504219
501504830
501503829
501504420
501505791
501505706
501504721
501506160
501506207
501506359
501506009
501506275
501505358
501505616
501506244
501506231
501452781
501490494
501506200
501506180
501504693
501506261
501505765
338611266
501505932
501506254
501506124
501505574
501505597
501505685
501505734
501506109
501505084
501505964
501505265
501505343
501506152
501506179
501505169
501505182
501506028
501505965
501505676
501505324
501505130
501507327
501507236
501507866
501506599
501506384
501507780
501507909
501507572
501506659
501507643
501448737
501505296
501506860
501507672
501507910
501507207
501507615
501506933
501507014
501507130
501507191
501507851
494861486
344663494
501507705
501506584
501506379
501506917
501507526
498474704
501507104
501506537
501507127
501506811
501506564
501506488
501507508
501507226
501507511
501508971
501505135
501508731
501507966
501509063
501507248
501509058
501507167
501509031
501508207
501501570
501507035
501508855
501503310
501508869
499560132
501508620
501508845
501508247
501508468
501507970
501508613
501508283
501508059
501508107
501508091
501508088
501508636
494586683
501509025
501508969
501508801
501508759
501509638
501510129
501509824
501510074
501506118
501510029
501509386
501510051
501509356
501503772
501508063
501490970
501509880
501510180
501502535
501444741
501506423
501509414
501509311
501509870
501509837
342085735
501509441
501509774
501509511
501509711
501509374
501510184
501509288
501509327
501509574
501509211
501505418
501510956
501511190
501510315
501510454
501494069
501511264
501510280
501510335
501510264
501510277
501510776
501510441
501507472
501505930
501450413
501508720
501511078
501510736
501510655
501510529
501510682
501510875
496372482
501510432
501511250
501511002
501511283
501511245
501511901
501511758
501511869
501511363
501509289
501511930
501508807
501508300
501509373
501506383
501511893
501507533
501507281
501509443
501511816
501511396
501511967
501511780
501511410
501511414
501511636
501511308
501511434
501511683
501500417
501512777
501504422
501512132
501512645
501513536
501486430
501512153
501511486
501511765
501512405
501513494
501483892
501513481
501510450
501513451
501512197
501506586
501512871
501507995
501512448
501513354
501513520
501512067
501511993
501512356
501512008
501513490
501512346
501512230
501513484
501512757
501512072
322003588
501512814
501513213
501513093
501513170
501512887
498881937
501514190
501513936
501514838
501512692
501441688
499193168
501514174
501514418
493590439
501513674
501514833
501514311
496559749
501514083
501514704
501514102
501514260
501514378
501514028
501516033
501514899
501513573
501515547
501515477
501515771
501514956
501502869
501510980
501515490
501515999
501515958
501515803
501515775
501515128
501515342
501515472
501515020
501515996
501516021
501515991
501515607
501515726
501515730
501517675
501516593
501515564
501516491
501515762
501513782
501517101
501516505
501517173
501516347
501440524
501516663
501517039
501517196
501514416
501517717
501512544
501517243
501517772
501516088
501517387
501517481
501517223
501517156
501517632
501517456
501517729
501517268
501516138
501517938
501512200
501519693
501484643
501518973
501518914
501517859
501519673
501287424
501463388
501516393
501519063
501518602
501518854
501517323
501516971
501500450
501518128
501518191
501518422
501519102
501518922
501519456
501519052
501518857
501519307
501518202
501517985
501518537
501519175
501519219
501520431
501520919
501521210
501520725
501521190
501520380
501520971
501521183
501489085
501517671
501520841
501519757
501520225
501521174
501519802
501520014
501519846
501521097
501520343
496199330
501520331
501520576
501519793
501522491
501522364
501521424
501521459
501522296
501522605
501521006
501520247
501517309
501507317
501516198
501521898
501521285
501521653
501508006
501522482
501521647
501522059
501519913
501521521
501522427
501521601
501521896
501522160
501521815
501521291
501523229
501522962
501522692
501522884
501523467
501523170
501523564
501523543
501523013
501523304
501523203
501523550
501523548
501523441
501523440
501523473
501515162
501523042
501522679
501523254
501522711
501523462
501523129
501523318
501523681
501524577
501524392
501524556
487345053
501524867
501525144
501524953
501524628
501520167
476642048
501485803
501523917
501524486
501525117
501524083
501524714
501524646
501524015
501524635
501524439
501522341
501524342
501521239
501526309
501525647
501516377
501523012
501526431
501525954
501525758
501526115
501525329
501526141
501524570
501525483
501525793
501525293
501526255
501525473
501525339
501525531
501525229
501526320
501526262
501526254
501525476
501524295
501525300
501526299
501525946
501525400
501525176
501526230
501525285
501525388
501525888
501525817
501525235
501526566
501527606
501519865
501526597
501527584
501523281
501527290
501518155
501527641
501526885
501519498
501525654
501527624
501517435
501526777
501469637
501526577
501527230
501527352
501526854
501527426
501526570
501526562
501527471
501527009
501526912
501526873
501526693
501526928
501488259
501528002
501418548
501528914
501528311
501528830
501528022
501528161
501529050
501529049
491704520
497585547
501526143
501526964
501529036
501527949
501528233
501528707
501527847
284351616
290641991
501527698
501527961
501528673
501528648
501528398
501528803
501528884
501528089
501528574
501527699
501527988
501527836
501528524
501528320
501528435
501529836
501529344
501529105
501529932
501529745
501529358
501529951
501529640
501529824
501529432
501527714
501530161
501528220
501530124
501525390
501505431
501529890
319093112
501529491
501530017
501529144
501529670
478589386
501529529
501529912
501519365
501529295
501529959
501529955
501530012
501529980
501529302
501530743
501531376
501529802
501531030
501531092
501527820
501531308
501526125
501520648
501531240
501530642
501530278
501531297
501530391
501530643
496588377
501530496
501530661
501531720
501529333
501455790
501531860
501532196
501531119
501520977
501532387
501531127
501353061
501532393
501531594
501531959
501532465
501531938
501532433
501531552
501531538
501531679
501533231
501533621
501532650
501532789
501531572
501533759
501533630
501533918
501533898
501531461
501532950
501532980
501532814
501533822
501532850
501533257
501533660
501533192
501533977
501533606
501533446
501533950
334629055
501533454
501533113
498273978
501536340
501535500
501533771
501536541
501530531
501536233
501534406
501536736
501519791
501536152
501535218
501534774
501535683
501536693
501536514
501534214
501535742
501536511
501536338
501536345
501535873
501535654
501535608
501536293
501534610
501535955
501536349
501535464
501535972
501536744
501536275
501535519
501536666
501536117
501534619
501534304
501535641
501535630
501534128
501536367
501535135
326397530
498105873
482825005
501536730
501536684
501535738
501536398
501534746
501549738
501546919
501538697
501550557
501550577
501550973
501545090
501541847
501522131
501549497
501545324
501548137
501540859
501551077
501549164
501539784
501550054
501542456
501539080
501550475
501549828
501540979
501547052
501548425
501542825
501549054
501547381
501550863
501540525
501548857
501549504
501548995
501551012
501546875
501547549
501544197
501548099
501549426
501551084
501546328
501545906
501548732
501550266
501537883
501539292
501548017
501548675
501545684
501539878
501541360
501542340
501539232
501540521
501539303
501551041
501548646
501547954
501549234
501550297
501537202
501544802
501538376
501545020
501542272
501543596
501548114
501547322
501549811
501541559
501537043
501549165
501539238
501548292
501545735
501543393
501541943
501539386
501545058
501545568
501550439
501542745
501550640
501550363
501536836
335047272
501550146
501547127
501547023
501546454
501549682
501549614
501545766
501544172
501548865
501547710
501547534
501541015
501546609
501538787
501545866
501541535
501537672
501542955
501542536
501547341
501549137
501549859
501536407
501550082
501541678
501548118
501549061
477675280
501548016
501546806
501541189
501543795
501554039
501570816
501560052
501570112
501569712
501547193
501574678
501566841
501520775
501576192
501537311
501572006
501576576
501544056
501571588
501565759
501567704
501576583
501484098
494937833
501565143
501553826
501572007
501572874
501564506
501560578
501557591
501573794
501554057
501555001
501559242
501561144
501574150
492720424
501467833
501566559
501562344
501574549
501574413
501564949
501539754
501575035
501574933
501573219
501574602
501570164
501563977
501575063
501566792
501561939
501567488
501565532
501575426
501575469
501561754
501576403
501571474
501576127
501551954
501537094
501571345
501536793
501566985
315694131
328202196
501560784
501558578
501567330
501564387
501556804
501561916
501558519
501574438
501558495
501559359
501568694
501564064
307042602
501576581
501563783
341843859
343240742
501564276
501555844
501551499
501551293
483181001
501551811
501573227
501571359
338526457
501570190
481419967
501554374
501554899
501576596
501556735
501560876
501574880
501574832
501574606
501573249
501569818
501558453
501567895
501581439
501581363
501580455
501551914
501581113
501580784
501580369
501559026
501557888
501554691
501539387
501546202
501566581
501556513
501569260
501525537
501542271
501581320
501540486
501542555
501581233
501560058
501580719
501552355
499283518
501554125
501580176
501577220
501557884
501569059
501580471
501576891
501580635
501580933
501562975
501580996
501554040
501578131
501580731
501579941
501580179
501580089
499234498
501581058
501580999
501580440
501580181
334033061
323815713
501577573
501580751
501581263
501581026
501580971
501580474
501580227
340939628
493528638
501552781
501577211
501588737
501590173
501589648
501590414
501589012
501587664
501590488
501512075
501590504
501589529
501590170
501588953
501545223
501588034
501589709
501589702
501587963
501520033
501586832
501590007
501549021
501590073
482033889
501589045
501584245
501589686
501589152
501541516
501589364
501588156
501590135
501589173
501584900
501588074
501540451
501583502
501590334
501561442
501588784
501585261
501586754
501590366
501557558
501588791
501589204
501587742
501587067
501583104
501585068
501589274
501581961
501585943
501586391
501581759
501589782
501583738
501585142
501560935
501590355
501586648
501589976
501581718
501586262
501587781
501589924
501587852
501587362
501586389
501588503
501587700
501588834
501583283
501588813
501585498
501583315
483491731
501586036
501558750
501587038
501587375
501590421
501586559
501590191
501584655
501587030
501585730
501587581
501589043
501587935
501586533
501586507
501586436
501586385
501583697
501584502
501586658
501583513
501588742
501584775
501586294
501589847
501585513
501589034
501589652
501553035
501586631
501586568
495265965
501554123
501588096
501584421
501585428
501586362
501617610
501614544
501610795
501616514
501619800
501621637
501615050
501614136
501604253
501620367
501621414
501621405
501620829
501512619
501621761
501620838
501607086
501611422
501621700
501596951
501621599
501595861
501621471
501620663
501621794
501597013
501620410
501616373
501615068
501610009
501595535
501217568
501621430
501620417
501620584
501616780
501601042
501619935
501614012
501619944
501621056
501620865
501617179
501620162
501601259
501617245
501613245
501602611
501611351
501614369
501608866
501620920
501621742
501606750
501596028
501610358
501611346
501609707
501598284
501595164
501586940
501608110
501607839
501611685
501601103
501553774
501620554
501606479
501611433
501601690
501606837
501584226
501611722
501617027
501596176
501615115
501616270
501603251
501615598
501601327
501595871
474669826
501615142
501593464
501596758
501601712
501590593
501613081
501594530
501608170
501607258
501612530
501604439
501618313
501615719
501621352
501617066
501613771
501621643
501612116
501621644
501613735
501609936
501612683
501617362
501616967
501615720
501617151
501614673
501621102
501614446
501602977
501599310
501619609
501607119
501616905
501612144
501617993
501597365
501614467
501609797
501618677
501618906
501618157
501605719
501616660
501609184
501599445
501603099
501616476
501600333
501618560
501594747
501619762
501610537
501595604
501619994
501618117
501618959
501595063
501621146
501619224
501614344
501598834
501616636
501620395
501569202
501591206
501619772
501598191
501612824
501595407
501613510
501618200
501610793
501612833
501617351
501617277
501615438
501605072
501613519
501610291
501607084
501607737
501620124
501615334
501553790
501617891
501613532
501618552
501617520
501617338
501617199
501615305
501616374
501582801
501594941
501656642
501638601
501658348
486445987
501650110
501623644
501656333
501654116
501660287
501634288
501661003
501655736
501661042
501545948
501659292
501656134
501659486
501658008
501655791
501644784
501661119
501645783
501659915
501607867
501652110
501654150
501658761
501630433
501654518
501653332
501639312
501661014
501646891
501638247
501609963
501658191
501658090
501659675
501604224
501661051
501626031
501640937
501583769
501653401
501647434
501656325
501648692
501623588
501656142
501648381
501654728
501600488
501660107
501624316
501650175
501660586
501647637
501627116
501640999
501604657
501652161
501627758
501595653
501625853
306716003
501655906
281915081
501642186
501657577
501591354
483412837
501634248
501649153
501656615
501654979
501602649
501643445
501568685
501639153
501651747
501637128
501653716
501633074
501634799
501625804
501642467
501630359
501645012
501655377
501651379
501647274
501636779
501661104
501660813
501655709
501654554
501651396
501644676
501631212
501661041
501654623
501643021
501659576
501651642
501646536
501660833
501659169
501657158
501645473
501648358
501624118
501659048
501647859
501657805
494688323
501643364
501652393
501642381
501647024
501641838
501650584
501657659
501654439
501645994
501646502
501656893
501657844
501654194
501645535
501653547
501657981
501658655
501649255
501645164
501644255
501660237
501658896
501660087
501660038
501646493
501629952
501659800
501644213
501657286
501644893
501583056
501633914
501638936
501600897
501653808
485782541
501660879
501658893
501635308
501646252
501629180
501630610
501646106
501655184
501644014
501635041
501656144
501652801
501652967
501595548
501637750
501657173
501626548
344750906
501622920
501568134
501636742
501640642
501650789
501648606
501650662
501662993
501664082
501663863
485721303
501662103
501662751
501664964
501662312
501663346
501617670
501664976
501662096
501665033
501641859
490523387
501649045
501643451
501623894
501656158
501665044
501661766
501633677
501658790
501644033
501650969
501485979
501664941
501664629
501641552
501658663
501658087
501659684
501662029
501565104
501664604
501648097
501637230
501664344
501661541
501663108
501663820
501661381
501647395
501621956
475594844
501623428
501611517
501647789
501639626
501661825
501661703
501664668
501661193
501653936
501650993
501661824
501662403
501632575
501636855
501646913
501626620
501648341
501585454
501644243
501638687
501626817
501605406
501663117
501663159
501665081
501664869
501640242
332494569
501663689
501555364
501661992
501627445
501661192
501661800
488825876
501661451
501639528
501664810
501664501
501664675
339751728
501665323
501664676
501663316
501655716
501636962
496075368
501646257
501622936
498983751
501648096
501577437
501597457
501656422
501665214
501642520
501626806
501649350
501612992
501664470
501665467
501629213
501630261
501485951
501640378
501659333
501641106
501665368
501665411
501665393
501665361
501665690
501627968
501651328
501647796
501662730
501637387
501626513
501662986
501643168
501626353
501665565
501665545
501665795
501665783
501647137
501661564
501653705
501600010
501661317
501636065
501585908
501568886
501665904
501665978
501637661
501656900
501666057
501639160
501658022
501598919
501664443
501609326
501646117
501604031
501662902
501634706
501648464
501641184
501645337
501600927
501663106
501621651
501611610
501664812
501650580
501666358
501636014
320467911
501661169
501622252
480371214
501666282
501666591
501560303
501652743
501625313
501666419
501656751
501666629
501666221
501661550
501646404
501663189
501666623
501666653
501666986
501635067
501646335
501659613
498539711
501613158
501634138
501666838
501644894
501659838
501626236
501653653
501476803
501666920
501653117
501653384
501552938
501633294
501666729
501655415
501667297
501658015
501667098
501648028
501666892
501667290
501426453
501667083
501667285
501613774
501617870
501651866
501667240
501666999
501667273
501668034
501667223
501667631
501630778
501645915
501604216
501668018
501668013
501667558
501628406
501635893
501667789
501628149
501667102
501613002
501667978
501662666
501594875
501600721
501667867
501667777
501605157
501667671
479069857
501625751
501661832
501661873
501667431
501667835
501668033
501667642
501667860
501667705
501668795
501668757
501667470
501668793
501668534
501642875
501642903
501668625
501592835
501668173
501668766
501646576
501668425
501628644
501656495
501641582
311071986
501668581
501668587
501668192
501665270
501668597
501663284
501540948
501668303
501668280
501627795
501668086
501668993
501653080
501612446
501669573
500484486
501669562
501669132
501669258
501669097
501655704
499566084
344668211
501604496
501668833
501668559
501602056
501668134
501669047
501628070
501669281
501649541
501669042
501669196
501669492
501669112
501652750
501651788
501669496
501669171
501669476
501604704
501634946
501670036
501669029
501670256
501668092
501670205
501669932
501670249
501669854
501603024
501669737
501670102
501670297
501669951
501670279
501670030
501670233
501668066
501668232
501629464
501669726
501670302
501669944
501670259
327199164
501669888
337591888
486263209
495764838
501661598
501669926
501670088
501654130
501651624
501650479
477497753
488278157
488576590
496482241
501653037
501670298
501669923
501669804
501669717
501669670
501669773
501669592
501671127
501670502
501659459
501670345
501669652
501644902
501670570
501671115
501670781
501620320
501638033
501669980
501425375
501671031
501670956
501663625
501671037
501671083
501585370
501671081
501670351
501671080
501670062
501670812
501670647
291882384
482775978
501670412
501670966
501604333
501591053
501639300
323303557
501670900
501670909
501671700
501670930
501669873
501672055
501671347
501670976
501669971
501619936
501671185
501671454
501671439
501672000
501608033
501671775
501671456
501343993
501671141
501666499
501453128
501671583
501671988
501671345
501586549
492651756
495180994
495188040
495769883
495801610
495771110
501593767
495772286
495773535
495776813
501646156
497142558
496592829
496650113
501671411
501671318
501607837
501671668
501671219
501673177
501671462
501670888
501672857
501673021
501672699
501673093
501671736
501672916
501672959
501672911
501672428
501672894
501672137
501630228
501673143
501655372
501672882
501673132
501672847
501672708
501672356
501673122
501630440
501672107
493092207
501577804
501672316
501628850
501672084
501672424
501633106
501672158
501624238
501673024
501672091
501673608
501658536
501673892
501674110
501570292
501674123
501673754
501673421
501667620
501674383
501646764
501671827
501674373
501673520
501661392
501672989
501674338
501674012
501673789
321469977
501673810
501674378
501673945
501673761
501674323
501637567
501673245
501673872
501674255
501673354
501675120
501674558
501675149
501674926
501671205
501674056
501675146
501671963
501674275
501675055
501646133
501674490
501675246
501672236
501675262
501675047
501641820
501641356
501673671
501675103
501675198
501675017
291048909
501674690
501626408
501674784
501674810
501670517
501675307
501675227
501674686
501674689
501675427
501676695
501675859
501674579
501676552
501676480
501676435
501647089
501615215
501676679
501676253
501672788
501648297
501675653
501676648
501676047
501675548
501676663
501630054
501568789
501659869
501676563
501675727
501632736
501676103
501676337
501676214
501676613
501676486
501676434
501675477
338808498
501675387
501676124
501675512
501676287
317422916
501676343
501675913
501678106
501677838
501677342
501677486
501677551
501677022
501677665
501677270
290567294
501677596
344850569
495470279
501613235
501676754
496744558
501678107
344751191
501647590
501676987
501673775
501677580
501677807
501676763
501677924
501677236
501677867
501677836
501635383
501676838
501677386
501676862
501673302
501678194
501678714
501611340
501676389
501679432
501679429
501678898
501678585
501672154
501678623
501677964
501639121
501671541
501672833
501678932
501668617
501679149
501679162
501678220
501672073
501676340
501678186
501677736
501678710
501679380
501678191
501676981
501678242
314263399
501677381
501679119
501641516
501678190
501676801
501657379
501676724
311900086
501647749
501679426
501678004
501679220
501679379
501679176
501678254
497992128
501678373
501679399
501679131
501678389
501678385
501678345
501677394
501679400
501678299
501678628
501678913
501594462
501680724
501680165
501678661
501681077
501681025
501680244
501681067
501680189
501679707
501680500
501681026
501680797
501680263
501681056
501680729
501679710
501679558
501680551
501679501
501679589
501680928
501680731
501677456
501680771
501681023
501679473
501680714
501679832
501677149
501677385
501680850
501680959
501680334
501680119
501680382
501680924
501680885
501680908
501661648
501680870
501681070
501680598
501680784
501681079
501680621
501681005
501680094
501683823
501682647
501683869
501682342
501682033
501683772
501677202
501681643
501643556
501683423
501683096
501673210
501683856
501683855
501683850
501683347
501657735
501682340
501681419
501683652
501679755
501680899
501681710
501682531
501683812
501683756
501682404
501683735
501683680
501681992
501683335
501682309
501682472
501681143
501681162
501683495
501682146
481620723
501681091
501681327
501681171
501683516
501681308
501683158
501683124
483500629
480410200
497138233
501683571
501641387
501623026
501682360
501683656
501682676
501681649
501682251
501682079
501685424
501681877
501684659
501684542
501685562
501684312
501685158
501684504
501684071
501685236
501685548
501685542
501674874
501628382
501684236
501685496
501682255
501685526
501681375
501640109
501685342
501684196
501684973
501685478
501685175
501681089
501683559
501685142
501684188
337119816
501684730
501684865
501685179
501681196
501685149
501685086
501685358
501685017
501684844
501684170
501677053
501684883
501684600
501685462
501674513
501684090
501686372
501684422
501684311
501686541
501685894
501640188
501686711
501681974
501686225
501682589
501686553
501685854
501686787
501686039
501686913
501595809
501685038
501684992
501685917
501519968
501682701
501686168
501686854
501686219
501686755
501685926
501685896
501685708
501685821
501686506
501686668
501686019
501686186
501686514
501686378
501688313
501677744
501687267
501687174
501688424
501687452
501688649
501688632
501688073
501646739
501688004
501679834
501688631
501688436
501688299
501688496
501686993
501663171
501610380
501676903
501687167
501679933
501688080
501687438
501687353
501687238
501687853
501687591
501688059
501688465
302856301
501687711
501687760
501687144
501687297
501687468
501609646
501687888
501687789
501690758
501691028
501689274
501688998
501688084
501690062
501690047
501690535
501613863
501689074
501690682
501691008
501618514
501690737
501625368
501686999
501690959
501690954
501690525
501690953
501687235
501683568
501685823
501677889
501690352
501689342
501689327
501690198
501690945
501689206
501690539
501688823
501688740
501690562
501690374
501689855
501689807
501690574
501690466
501690994
501690289
501689958
501690592
501689156
501689283
501689277
344260137
476975749
501689058
501690202
501690110
501690617
501690228
501689091
501689972
501689212
501688899
501644390
501692207
501691812
501677765
501691224
501692536
501684684
501691379
501685589
501691531
501667117
501691355
501689249
501691349
501692539
501683792
501691675
501692111
501690008
501692451
501692515
501692103
501690272
501689548
501691549
313642529
315195097
322795497
501692050
501692366
501691371
501691134
501692274
501691213
501691609
501691833
501692232
501691326
501692170
501691924
501691503
501691581
501691532
501691865
501691995
501692143
501629068
501694309
501693774
501693304
501693043
501683967
501691260
501691339
501693819
501693417
501692906
501693714
499098518
501691544
501691977
501689643
501693990
501682719
501692802
501654601
501677693
501691835
501690877
501693721
501692770
501693975
501693476
501693322
501693018
501694155
501693334
501694246
501692810
501693064
501670573
501693644
501692777
501692828
300489439
492027974
501693688
501693497
501693980
501694997
501694547
501693373
501694914
501677319
501694243
501694806
501694911
501686257
501695052
501681497
501615854
501693757
501694277
501693639
501693302
501685783
501694695
501692229
501691643
501694693
501694790
501694482
501694878
501694768
501695070
501694616
501694836
501694417
338447883
501694373
473125828
501695035
501694812
501694522
501692325
501694639
501694276
501692762
501683957
501694564
501694147
501693630
501694520
501692771
501693152
501682816
501692152
501693499
501694229
501694134
501686965
501689558
501694606
501686658
501694559
501693031
501694432
501693414
501689263
501691065
501682246
501677789
501689264
501681188
501636456
501666742
501692481
501689922
501693253
501691162
501692527
501685372
501693209
501693736
501691222
501693432
501688940
501685782
501693763
501691783
501686621
501681541
501691345
501691321
501681639
501689081
501695546
501694823
501694919
501695635
501695415
501695636
501694563
501688816
501695551
501695197
501686414
501692450
501695166
501695133
501649811
501695096
501695581
501680964
501695515
501689437
501694734
501689690
501695658
486833218
501695565
501695367
501695165
501686371
501681625
501695379
501695314
501682993
501685151
501695118
501695714
501695827
501695480
501694449
501692583
501695667
501687489
501693559
501679010
501693363
501695795
501695722
501695690
501652356
501685146
501695754
501686831
501695675
501695818
501695805
501634988
501695747
501695696
501696822
501695967
501696677
501696436
501696795
501696136
501696828
501694691
501636230
501696516
501696155
501693896
501697051
501696620
501696489
501677274
501678795
501696894
501696215
501696497
501696419
501696165
501696083
501696229
501696134
501697067
501696526
501696422
501696414
501696410
501696705
501697128
501696575
501695980
501697003
501696665
501686917
501696906
501697101
501696876
501696913
501696669
501697001
501684233
501695867
501696799
501690472
501696783
501696435
501696031
501696267
501695929
501680123
501687669
501697216
501685376
501698843
501697890
501698523
501698846
501698807
501698696
501697964
501698191
501698118
501698978
501698512
501697424
501698971
501697184
501697355
501697328
501697342
501698935
501698064
501698918
501698914
501698964
501697711
501697836
501698455
275000345
501698671
501698415
501697150
501697833
501597594
501698783
501698907
501697685
501697752
501537743
501698909
501698736
328422252
501622942
501698218
501697410
487377540
501698093
501698690
501698338
501698035
501698938
501605469
501698745
501698993
501698023
501685104
501698842
501689863
501680532
501698342
501697181
501698611
501697250
501671714
501697973
501697914
501697843
501697407
501697302
501675871
501699437
501700102
501700315
501699593
501677558
501700407
501700326
501699787
501699075
501700040
501699367
501699475
501700236
501698306
501699853
501699482
501699375
501699683
501699860
501699567
501699026
501699251
501699651
501699072
501699502
501699372
501699323
501700359
501699741
501681635
501699403
501700390
501699218
501699761
501699204
501699042
501699392
501700959
501696747
501700322
501645969
501701369
501701746
501701542
501697471
501700565
501701288
501623027
501701870
501700761
501701579
501701864
501701536
501701508
501701029
501693716
501701658
501700797
501700632
501701346
501701549
501700662
501656304
501700880
498129104
501700545
501700454
501699137
501701656
501701872
501701190
501701801
501701832
501700710
501701463
501701171
501701262
500998139
501701298
501700546
501701287
491501852
501700820
501701715
501702272
501702707
501604760
501701723
501701808
501703506
501703579
501703268
501674675
501702747
501703315
501701709
501698674
501702172
501702581
501703341
501702206
501702291
501703368
501624741
501703531
501641333
501702774
501602456
501593014
501702243
501703835
501703803
501703797
501702841
501702553
501703636
501692349
501703615
501703328
501703569
501703242
501703120
501703392
501702559
501702551
501703008
501703161
501703169
501702866
501702728
501702008
501702340
501701946
501681765
501704413
501704167
501705231
501687177
501705357
501705323
501704508
501605160
501704242
501704911
501704738
501704020
501703840
501704338
501703237
501705720
501707344
501706608
501707329
501706044
501704001
501705086
501702470
501705933
501702321
494123403
501706868
501706581
501707278
501705053
501706826
501705811
501594114
501705063
501703010
501702736
501705271
501699472
501699521
501701111
501638976
501705035
501704988
501707164
501705249
501706117
501596813
501703848
327534941
501703968
501704942
501705982
501693913
501706291
501706978
501706493
501704863
501706607
501706097
501704580
501705410
501705934
501703975
501704212
501705022
301053206
501704404
501704533
501705002
501705978
501707072
501706199
501707343
501707085
501706071
501705733
501706795
501706688
501706728
501706409
501706036
501706082
501706475
501706313
501709098
501708375
501639118
501702314
501708999
501708578
501707469
501705944
501703683
501700516
501707697
501707933
501709063
501705264
501708269
501704235
501708831
501705422
501708842
501708398
501708908
501709043
501701592
501197667
501708638
501702618
501708107
501708643
501707741
501707382
501708981
501708971
501708919
501707537
501708027
501707961
501708072
501709103
501638502
501707727
501707455
501708481
501709027
501708911
501708858
501708378
501708358
501708528
501708176
496504273
501707830
501707606
501646440
501707800
501707903
501707764
501707679
501710514
501706226
501702430
501710298
501709120
501710536
499253389
501710008
501710128
501710521
501709507
501709481
501710513
501709391
501710251
501707388
501709340
501705407
501709959
501709373
501709502
501643303
501709476
501709147
340108696
501710179
501710386
501709837
501710344
501709552
501710543
501709525
501710520
501709295
501709824
501709438
501710130
501709529
501660098
501709190
501709182
501709202
490143792
501710858
501711101
501703876
483502849
501711166
488361183
501712284
501712215
501709794
501691804
501706470
501712156
501711634
501712508
501619652
501712408
501711162
501705066
501701027
497872642
486938381
501710617
501712030
501711408
501711789
501711401
501711365
498213941
501712069
501712486
501711525
501711144
501711843
501710941
501711114
501711882
501712275
501711022
501710644
501712462
501712534
501712523
501711393
501711354
501711699
501712298
501712065
501712120
501710909
501712012
501711657
501710883
501713975
501705556
501712681
501713256
501714381
501714153
501703632
501714372
501713719
501711577
501616265
501714367
501714130
501710584
501713605
501714317
501714312
501713382
501712985
501714216
483286751
501712766
501573679
501713223
501714078
501713320
501712798
501712797
501714387
501714146
501713294
501713034
501632144
501713528
501713826
501713511
485861376
501714274
501712744
501714137
501714279
501713791
501713939
501707154
501713457
501713742
501713539
501713522
501611767
501713176
501712683
501714628
501712768
501715785
501715774
501715271
501713162
501715944
501714412
501715851
501715673
501706952
501715527
501715653
501714722
501712938
501715412
501697320
501713618
501707043
491094907
501715720
501714660
301314368
501715990
501714949
501715897
501715140
501715633
501715122
501714608
501539439
501715813
501714483
501715806
482984740
501715674
501715379
501715340
501715042
501714680
501716049
501715926
501715789
501715397
501715959
501715953
501715243
501715510
501715885
501715827
501715532
501715775
501715675
501715304
501715130
501714457
501714849
501716866
501714425
501718181
501716369
501718340
501717619
501717141
501718593
501718077
501717790
501718571
501718566
501712724
501717309
501716518
501717912
501718236
501717431
501718105
501717183
501716475
501717212
501716534
501718371
293312353
501716714
501716530
501717567
501718312
501717385
501716125
501710755
501718597
501717442
501717231
501716962
501716694
501716384
501718647
501717666
501718412
501718222
501717980
501716946
501716529
501671951
501718198
501717744
501718356
501717828
501716779
501717715
501718112
501716247
501717252
501717594
501716444
501716898
501716978
501716265
501717568
501717051
501717382
501716675
501716863
501720417
501719857
501712951
501719852
501721073
501719386
501709498
501720712
501719393
501719683
501679101
501720154
501697959
501720360
501720437
501718020
501703063
501715206
501718881
501719611
501720883
501719548
501720715
501719889
501720468
501719850
501720406
501720666
501720109
501719536
501720618
501719129
501719056
501721007
501720710
501721118
501721071
501720694
501720232
501719946
501719716
501719329
501719742
501720244
501720266
501720298
501720246
501719351
501719692
501719250
501719082
501719016
501721765
501721764
501721909
501721467
501721280
501722234
501721932
501723023
501722745
501722419
501722064
501721473
501721898
501721456
501722894
475942816
501722447
501722193
501721619
501721407
501722897
501723070
501722301
501722245
501722782
501722988
501721761
501722692
501721514
501722989
501721699
501722775
501721332
501721556
501721801
501682321
501721576
501721528
501724557
501722484
501724544
501725603
501724394
501723531
501723914
501725243
501721450
501723536
501721154
501724606
501723100
501715214
501714094
501725025
501722837
501719872
501725412
501722164
501720187
501718763
501723642
501703098
501725106
501724345
501724916
501723382
501723257
501725552
501723342
501723162
501724668
501724442
501724365
501723130
501723272
501724653
501725128
501723109
501724187
501725166
501725404
501724662
501724503
501724909
501723990
501725320
501724814
501724670
501723509
501724003
501723523
501723985
501723335
501724115
501724002
501723863
501723258
501559835
501721642
501727315
501722035
501722929
501719489
501727818
501725294
501719659
501727222
501724517
501727674
501720832
501726990
501723251
501726872
501721449
501718906
501710993
501727712
501727808
501726263
501726496
335737314
501726329
501727021
327276989
501726429
501726327
501727199
501725699
501726776
501597357
501727259
501726811
501726292
501727572
501726317
501727265
501726958
501727448
501727501
501727656
501726639
501725872
501725715
501726766
501726470
501725960
501727319
501723754
501726780
501727327
501726356
501726969
501726147
501726100
501727081
501726406
501726584
501725990
501728018
501729553
501730279
501729454
501730588
501730383
501728418
501721875
501730029
501727992
501727355
501729955
501729106
501728485
501729897
501727498
501729195
501730235
501730546
501730543
501728867
501727466
501728644
501729567
501730309
501730558
501730460
501728525
501728191
477455126
501728384
501729476
501728563
501728713
501728623
501730349
501730578
499098301
501727952
501682441
501730426
501730425
501728684
501730544
501730422
501730379
501729544
501729305
501730410
501730322
501730302
501730199
501730415
501729687
501728045
501727876
501729355
501730124
501729789
501728031
501727930
501728589
501728596
501729042
501728397
501728454
501728157
501728110
501731717
501732176
501732166
501727677
501727593
501732679
501730636
501732091
501717307
501726984
501731581
501728210
501732287
501732249
501730894
501731830
501728427
501732828
501731016
501731503
330196481
501732549
501730747
501732803
501731072
501732889
501731238
501730912
501731217
501732647
501732458
501731086
501731254
501731082
501732238
501732738
501732308
501731180
501732349
501732770
501732543
501731873
501731570
501731315
501732565
501731515
501732464
501731648
501731347
501734432
501734190
501733822
501729304
501726824
501734299
501727934
501732914
501731852
501733729
501733062
501733696
501733127
501731955
501728473
501731143
501733244
501734033
284660353
501734437
501734393
501733923
501734237
501732972
501734116
501734374
501733844
501733825
501733756
501734288
501734370
501733428
501733876
501733304
501732938
501733840
501732996
501736235
501736530
501687992
501735329
501736790
501736688
501736785
501736699
501734974
501735956
501735554
501735429
501728507
501736728
501736348
501735482
501735269
501736487
501736624
494934372
501736309
501736156
501735849
501735054
501735954
501736484
501734829
501735633
501719987
501736564
501735527
501735510
501735564
501736651
501736504
501736606
501736100
501736274
340037913
501736254
501736511
501690909
501735197
501734936
501734896
501736356
501736559
501734768
501736432
501735490
501735733
501735223
501735213
501734703
501734762
501734620
501734616
501537024
501729352
501737355
501728972
501738775
501738597
501736928
501735424
501738944
501738153
501738920
501738910
501737086
493485705
501738641
501738747
501736441
501738404
501737317
501736974
501737932
265012020
501738537
501738984
501738093
501737688
501738942
501738182
501738880
501737949
501738443
501737968
501737577
501736916
501738088
501737251
501727915
501737087
501737266
501738101
501738007
501738549
501738144
501738323
501479806
501736829
501736914
501737444
501737010
501737085
501736976
501740026
501740070
501736076
501739309
501740513
501739555
501739100
501740295
501734976
501739268
501739602
501721270
501739841
501739571
501723812
501740119
501732103
501740206
501727998
501740357
501737167
501740179
501739578
501740507
501738991
501739845
501740385
501739093
340047275
501739358
501740433
501740192
501739941
501740114
501740138
501739956
501740498
501740529
501740337
501740266
501740118
501740126
501739134
501732686
501740916
501604102
501742349
501741673
501741359
501740848
501737523
501734848
501625170
501741714
501739239
501687087
501741324
498126700
501741260
501737698
501741261
501742346
501742250
501741926
501740783
501741384
501741061
480528923
501741729
501742182
501741739
501742358
501741496
501741231
501740793
501741526
501741751
501741864
501741768
501741283
501741259
501740638
501739380
501742781
501743765
501743125
501741716
501742492
501698632
501743703
501610778
501742419
501739694
501743794
501716166
501729681
501742759
501743709
501743094
501742524
501742430
501728467
501741928
501743388
501743652
501743687
501743280
501743521
501637162
501743433
501743102
501743175
501743584
501743191
501742588
501742389
501743775
501743727
501743657
501743636
501743268
501742850
501742772
501742987
501742616
501742667
501742857
501744509
501744648
501742574
501739745
501744643
501660027
501741474
501565495
501743937
501607863
501589300
501742780
501744201
501696790
501559388
501744459
501743960
501744629
501744607
501744583
501744302
501744176
501744579
501744345
501744062
501744349
501743869
501744001
501744018
501736306
501688202
501711476
501744863
501720398
501745674
501745087
501745508
501745555
501743185
501745600
501745549
498569552
501180490
501742206
501607155
501745770
501745112
501745535
501745323
501745538
501745718
501745397
501744872
501745240
501745048
501745641
501737818
501738086
501744808
501744924
501744875
501744819
501744668
501713640
501745925
501710640
501746046
501739390
501746133
501746327
501744754
501746071
501746258
501746523
501746528
500464663
501746393
501746978
501746486
501747046
501747190
501747196
501730354
501644353
501747119
501747039
501746757
501746657
501747161
501746989
501746090
501746967
339068875
501746051
499693199
501746440
501747912
501747757
501748168
501747696
501594458
501748121
501739685
501747859
501747918
501747550
501747504
501747014
501737411
501746122
501748650
501745392
501739844
501748532
501748622
501616199
501732131
501735758
501748607
501748633
492085747
501748738
501748411
501748344
501748626
501748560
501748527
334076051
501748831
501750133
474910602
501746866
501678326
501700189
501749608
501750705
501744914
481669581
501750024
501629785
501749825
320580398
308230897
501749780
501750483
501748920
501627233
501749749
501749196
343593126
499422309
501748864
501610385
501639443
501687216
501658466
501689219
501686803
501691690
501750043
501350944
501749643
494902566
501746772
499648560
501750804
501750974
501750562
501749353
501614535
501500248
501750873
501751149
501751075
501680936
501595727
501702072
501751080
501751087
501751152
501186297
501718146
501615980
501499360
501589382
501751245
501706490
501751208
501750983
501744758
501751249
501751407
501578012
501604964
493689240
501751381
479262661
501751409
501751459
501562907
501751539
501751637
483950902
501749389
501693613
501751920
501719158
484898198
501722363
306083153
501751841
501751916
328300948
501696920
501724111
501752068
501752062
501752132
501705337
501752312
501734860
501751445
501741640
501752248
501752435
501752618
501731495
501677305
501742475
501560807
501752423
501752467
501752636
501752540
501752575
501752509
501753313
501725149
501753093
501752752
501744551
501753003
501678152
501753177
501753202
501752817
501753144
501737438
501752908
501752702
501753219
501753211
501753146
501752985
501752990
501752803
501752897
501752984
475083772
501753182
501753147
501752835
501753497
501719938
501753935
501690563
501526847
501657709
501753546
501606105
501550402
501752762
501753618
501753748
501753752
501753652
501597511
501748972
501753695
501753907
501753845
501753485
501753442
501752523
501753864
501753349
501753428
501753770
501754380
501737597
479527266
501754484
501754008
501754470
327376057
501754268
501753542
501753948
501754410
501754465
501599192
501568555
501754015
501754424
501754162
501746878
501755134
501585938
501754896
501755117
501754837
501755143
501754942
501755062
501754738
501749041
501753700
501754955
501753764
501721822
501755079
501753956
501754407
501753986
501754559
501754863
501721508
501755140
501755028
501754760
501754754
501754892
501754716
501754981
501755360
501755793
501755253
501755858
501612401
501755624
501754576
501755669
501755384
501755189
501755587
501755711
501755752
501755534
501755857
501755663
501755544
501755725
501755234
501755435
501755582
501756369
501756397
501626871
501756332
501755539
501756043
501756087
501756046
501755968
501756080
501756351
501756226
501756184
501756010
501756161
501756269
501756055
501756107
501757306
501757088
501756481
501757324
501757367
501742093
501754543
501755954
501606372
501757219
501756473
501757248
481709469
501756763
501756979
501757158
501756536
501757118
501756649
501752543
501756590
501757032
501756967
501756607
501756714
501757510
501758197
501757753
501758324
501757480
501758011
501757162
501757957
501757743
501758204
501758362
501757225
501756514
501757865
501757983
501754514
501756683
501757594
501758073
501758007
501758339
501739778
501757533
501758247
501757696
501758173
501757755
498893668
501757490
494504548
330222300
472731926
482011683
501758061
501758371
501758238
501758159
501757748
501757630
501757746
501757709
501759292
501724182
501758683
501759139
501725976
501758719
501757540
501752374
501759269
501758865
501757174
501746582
501759101
501759251
501759177
501758630
501759212
501758466
501758880
483601619
501758592
501758959
473542449
473731346
483697323
483689410
501677046
501758641
501758452
501758580
501758992
501759819
501760317
501741336
501757411
501539846
501729814
501760265
501760506
501760308
501759429
501760314
501752837
501757457
501760479
501759711
501759754
501760134
501759397
501760464
501759913
501757862
501760380
501760036
501760475
501760366
501760223
501759648
501760539
501694323
501759322
501760275
501760532
501760404
501759690
501759385
501759832
501759505
501759649
501761147
501760944
501761733
501761448
501761039
501756067
501760757
501760598
501761705
501761042
501761637
501744997
501761445
474920008
501761507
501760864
501761424
501760955
501760759
501760600
501760810
501761032
501761715
501761618
501761698
501761663
501761486
501760659
501760796
501761724
501760774
501761646
501760228
501761429
501760904
501761258
501761165
501761055
501759944
501761001
501760727
501762726
501762820
501761959
501762231
501762101
501758463
501762833
501604857
501760845
501761939
501761399
501762032
501762458
501587157
501762675
501762421
501761911
501762007
501761968
501762707
501762780
501762107
501762703
501762562
501624434
501762369
487949548
498907597
483687523
313137050
278238957
482294300
501761967
501762006
347631329
501762312
501762769
501762210
501762786
501762232
501762676
501762724
501762642
501762024
501762040
501763519
501762321
501763653
501763167
501646975
501763931
501762242
501760200
501762363
501763980
501764048
501762132
501759701
501763419
490177010
501762710
501764121
501762967
501763432
501763966
501763592
501764074
501763807
501763821
501763672
486320720
501764091
501763942
501762868
501764187
501763989
501763747
501763540
501763712
501763924
501763759
501762996
501762889
501765304
501765494
501764631
501764617
501762928
501704999
501762415
501765298
501765474
501764535
501763859
501765472
501765184
501760895
501765460
498650517
501761265
501764426
501765300
501764948
501764625
501764200
499259588
501765140
501764568
501764975
501765389
501764320
501765215
501765052
501764561
501764638
501765957
501765211
501766234
501765911
501763373
501766192
501766483
501763675
501765798
501765687
501766632
501630725
501763570
501370280
501766585
501765535
501766454
499342311
501622505
501766434
501765833
501765900
501766363
501765918
501765604
501765516
501766043
501766554
501766344
501766318
501766544
501766470
501766274
501765845
501765830
501765722
501765991
501765567
501767353
501767073
501764350
501762614
501767493
501767661
501765659
493785369
501767381
501627683
501767450
501764443
501766747
501767301
501767692
490756932
501767192
501766955
501766967
501767572
501767385
501767318
501767177
501766851
501766949
501767078
501767560
501767131
501766917
501767377
501767150
501768889
501768663
501768473
501768893
501767935
501768056
501766017
501766896
501768771
501767489
501768292
501763212
501769055
501761162
501763034
501768013
501769017
501766497
501769080
490965838
501768827
501768442
501768095
501767941
501768459
501767877
485134557
501768172
498537203
501768860
501767916
501768054
501768687
501769072
501768963
501768638
501768424
501768209
501768855
501767976
501768623
501768559
501770213
501756105
501768753
501769939
501766518
501769307
501750173
501769868
501770215
501769407
501757751
501613772
501770205
501764629
501769329
501769859
501769410
501770047
501769937
501769233
501769711
501769822
337255261
501769575
501769179
501769332
501770101
501769967
501769892
501769140
501769490
501769997
501769956
501770232
501769715
501770007
501769568
501769108
501770760
501770516
501769323
501770477
501771108
501770844
501771103
501770944
501770097
501770524
501769612
501770967
501770279
501770283
501770694
501770708
501770416
501770334
501770536
501771070
501770981
501770711
501770507
501770874
501770529
501770725
501770312
501770869
501770492
501770447
501529081
501772688
501769533
501772094
501772929
501771591
501772410
501772231
501772076
501771239
501772224
501772880
501772283
501772900
501766886
501772887
501748878
490268325
501771317
501771933
501771380
501771594
501772498
501772606
501772845
501771206
501771337
501771459
501771384
501771659
501771184
496933495
501771183
501772562
501771669
501772657
499106575
501772911
501772834
501771321
501772709
501771358
501771365
501771504
501771401
501771227
501774215
501773954
501773421
501773102
501771259
501772100
501772579
501774462
501770955
501774454
501767160
501774223
501774297
501773326
501773869
501773045
501773852
501773242
501773345
501773181
501774518
501773738
501773993
501773741
501773808
501773425
481694241
501774396
501773448
501772999
501773332
501773580
501771724
501774511
501773090
501773308
501773500
501773863
501773571
501773569
501773283
501754913
501775221
501768900
501768099
501775886
501775763
501775719
501775656
501775885
501765914
501775381
501547037
501775628
501775616
501775796
501775198
501773385
501775566
501708881
501774942
501775906
501775653
501775639
501775547
501775606
501775591
501774623
501775563
501775544
501774558
501775262
491636803
501775813
501775702
501775436
501775281
483141564
501774772
501774568
501775802
501775818
501775015
501774724
501765888
501776572
501774748
501540071
501776022
501764911
501777105
483368527
501774347
501777341
501765566
501777167
501771711
501777320
501777234
501775933
501775914
501777091
501777086
501776333
501777325
501776757
501576525
501777205
501777270
499792770
501776061
501636640
501778679
501778368
501777579
501778639
501778598
501444767
501778466
501778514
501777637
501633634
501778684
501778616
501777792
501777970
332101210
499315959
501777889
501778206
501778666
501778603
501778003
501778250
501778017
501778024
501779352
501779660
501777502
501779245
501647788
501776142
501773634
501777899
501779473
501779694
501611400
501733851
501778772
501779596
501779553
501778692
501778721
501778702
499364617
501779667
501779637
501779401
501779207
501779454
501779650
501779440
501778722
501779542
501779508
501779022
501779042
501781014
501780125
501770886
501780503
501763171
501773091
501738832
501777631
501780510
501781011
501780699
501780615
501778984
501780592
501769210
501780450
501779085
501781082
501780530
501781089
501779909
501780638
501780020
501780161
501780274
501780003
501764450
501779866
501780267
501780080
501780106
498770976
499108268
501781167
501781064
501779955
501780349
501780032
501779983
501779836
501780585
501780855
501780016
501780574
501780577
501780984
501779967
501780076
501780254
501465679
501781896
501781805
501782502
501781995
501654046
501780393
501781602
501779386
501781699
501720420
501781868
501782377
501778030
501781715
501782366
501782482
501781740
501638037
501782168
501781857
501781468
501782557
501782153
501782471
501782425
501781276
501781353
501782020
501781997
501782068
501781837
501782551
501781480
501782437
501781828
501782462
501781750
501779024
501782712
501783256
501781239
501783513
501783357
501782787
501782684
501783520
501783027
501780341
501783355
488914875
501783298
501782944
498919703
501625758
501783293
501783168
501783580
501782842
501783343
501782584
501553455
501783644
501782765
501783516
501783630
501783278
501782726
501782963
501785161
501785397
501784115
501780033
501784902
501784032
501784721
501784740
501761858
501785332
501783934
501763863
501782209
501785280
501785215
501785133
501784829
501783768
501784351
501783973
501783728
501784293
501784806
501783826
501783948
501785094
501652263
501784439
501784192
501784169
501786504
501786186
501787129
501785728
501787100
501786173
501776938
501787095
501782943
501786261
501787081
501785603
501625739
501787062
501787052
501638156
501786621
501705518
501787033
501787028
501786019
501786727
501782222
501785840
501785915
347557362
501786078
497181459
501786820
501786700
499141804
501786195
501786539
501785928
501785685
501786075
501786180
501786026
474212435
501786736
501788033
501787631
501787989
501787835
501787224
501783393
501787210
501787901
501781505
501787580
501787892
501788164
501787525
501787265
480041841
501788228
501788210
501787420
482166003
501787877
501787563
480596238
474465658
474513874
474694164
474451774
498961730
315947949
501788061
501787312
501788234
501787742
501787864
501787274
501788216
501788203
501787344
501787702
501787231
501787204
501789610
501789801
501625109
501633260
501790152
501788502
501790137
501785996
501788558
501788852
501789408
501788883
501788411
501788544
501789792
501789083
501789357
501788476
501789126
501789677
501789949
501789770
501790034
501789750
501788503
488839000
488839217
472494979
501788352
501789803
501788727
501789362
501789777
501789963
501789335
501788760
501789099
501789401
501788963
496068963
501788845
501788467
501791529
501788627
501791044
501791088
501789358
501790924
501791747
501791204
501790284
501791452
501759646
501791286
501790327
501783805
501791906
501791037
501791603
501789236
501783974
501791623
501791539
501790965
501791330
501791677
474364492
294708943
501790776
501791686
501791937
501790706
501791272
501791411
329977376
501790555
501791505
485461988
501790249
501790265
501791607
501791895
501792018
501791923
501790342
501791082
501791693
501727380
501790881
501791113
501790790
501792378
501791373
501793275
501792606
501792729
501792628
501792780
501792375
501792127
501793261
501790874
501793090
501785754
501793184
501779391
501792214
501675710
501789308
501792125
501792430
501792854
501792855
501793163
342784102
501792794
488986388
501792720
501792618
501793235
501793137
501792422
501792590
501792603
501793227
501793174
501792739
501792203
501792615
501794396
501795150
501793351
501795201
501795114
501793355
501795146
501795111
501795100
501794516
501794226
501794771
501792812
501794891
501793980
501793391
501795093
486507070
501794764
501794330
501793646
501793849
501795199
501793627
498231179
501793943
501793586
501793961
501794403
482379050
501794941
501793386
501793848
501795126
501794816
501794480
501794584
501794432
500763892
501794230
501794267
501794278
501793533
501793699
501793660
501796849
501792813
501795494
501796210
501796668
501793992
501787238
501792332
501796820
501794663
501784146
501795774
501795405
501796698
501794897
501795712
501788360
501796740
501796463
501796311
278849100
501796395
501796399
501796049
501795544
330749752
501795790
501795621
501796799
501796176
501795540
501795874
501796255
501796025
501795684
501795585
501627638
501797178
501798420
501796963
501765745
501797211
501796206
501795903
501796296
501792758
501798235
501797042
501798182
501797697
501796357
501796309
501798340
501798246
501796945
501798264
309300034
336327525
501798350
501797340
501798161
501797865
501797011
501796960
328140715
501798223
501796882
345339985
501797000
501798221
501796990
501798426
501798375
501797549
501798268
501798180
501797557
501797794
501798227
501797266
501797933
501797341
501797827
501797694
501797419
501797521
501797556
501797342
501797052
501689216
501798200
501800368
501572087
501800451
501784100
501800491
501798483
501800552
499196209
501800504
501618215
501799425
501799956
501785807
501733837
501799782
501800286
501800269
501795852
501799223
501796316
501800559
501799576
501799783
330889218
346165757
330898802
480163413
356301639
501798655
498867074
501800343
501800155
501799945
501796779
501799841
501798782
501799954
501798907
501799891
501800297
489394012
501072305
501799175
501799269
501798821
501802205
501801855
501800667
501802306
501790963
501802063
501802047
501803278
501800978
501800159
501778578
501803201
501770280
501802525
501798929
501797401
501803031
501801867
501800988
501801654
501802428
501802536
501800800
501802714
501800683
501800834
501802444
474937484
501801571
501802432
501802046
501803109
501803057
501802519
501802017
501803321
501802023
501803158
501799847
501801846
501802596
501802599
501803095
501802244
501803100
501802120
501802775
501801044
501802386
501800880
501801864
501800772
501801260
501804117
501803624
501801436
501681140
501805122
501803847
501799894
501804079
501805230
501804220
501802084
501805156
501805139
501802755
501800456
501802531
501803603
501805014
501804930
501803504
484898872
501803536
501804824
501804712
501804363
501804719
501804980
501805151
501804954
501804368
501803858
501805131
501804893
501804587
498738070
501805000
501804789
501804868
501805185
501804484
501804032
501804096
501804978
501804245
501807614
501807175
501781880
501806900
501807745
501807477
501796098
501806423
501793907
501806975
501807708
501803685
501807540
501807550
501805564
501807661
501806010
501806703
501801606
501807519
501807080
501805750
501805355
501807374
501807159
501806579
501806636
501807666
501807304
501807079
501807088
501807676
501806466
501807646
501806567
501805528
501807291
501807222
501806460
501806370
501805625
501805627
501807032
501805842
501806281
501805836
501808414
501809363
501808192
491661349
495860150
501808857
501808274
501808382
501808504
501809303
501808797
501809489
501809760
501808450
501809908
501809830
501809729
501809682
501807961
501809429
501808118
501512137
501808745
501808610
501808696
501808225
501807896
501808398
501809616
501808828
501811074
501809679
501810466
501809635
501810175
501810823
501811431
501811552
501809871
501811626
501809513
501809928
501811220
501810359
501771031
501800806
501802548
501808728
501810718
501810253
501811487
501810381
320721271
501811537
501810620
320645528
501810974
501811473
501810422
501810923
501810093
501810752
501811385
501811422
501811458
501811252
501810982
501811023
342605802
501811112
501810831
501810527
501811344
501810556
501811438
501810949
501802161
501812151
501810396
501809775
501812671
501814151
501814088
501634194
501813132
501810921
501814110
501810708
501811105
501805673
501812344
501812034
501813543
501808056
501813944
501814053
501813577
501812946
501813627
501813625
501812868
501812633
501812412
498953096
501813749
501813305
473724447
501812145
501813202
501812437
498402600
498787767
475213602
501813893
501813760
501813751
501813934
501813952
501813875
501813987
501814204
501813982
501813762
501813629
501813331
501813819
501813719
501813881
501814154
501814055
501814032
483907663
501813121
501811874
501814026
501813721
501814015
501812947
501813816
501812067
501813104
501812015
501811752
501812645
501511416
501815577
501813419
501809652
501815211
501810660
501815198
501814748
501813823
501814365
501809755
501816212
501816044
501815562
501810944
501815435
501814573
501814332
501815001
501815358
501814901
501815054
501814756
501814387
332684477
344410247
501816365
501816368
501816422
501814467
501816164
501816277
501814924
501814701
501816356
501816394
501816391
501814816
501816264
501814497
501815479
501814669
501816072
501814713
501814712
501814268
331389476
501814400
501816323
501815953
501815032
501814736
501816425
501816177
501815395
501816389
501815971
501815868
501814427
501814842
501815851
501816175
501815587
501815793
501815050
501815022
501815300
501815356
501815525
501815462
501530960
501815539
501815092
501814512
501814763
501814262
501817553
501816769
501815234
501817572
501817588
501818363
501815154
501805626
501816487
501818390
493345721
501816541
501818271
501817217
501817039
501816914
501817131
501816507
501818449
501818202
501818225
501818138
473335633
501817102
501817327
501816979
501818516
501818430
501818341
501818329
501818318
501818297
501818118
501817882
501817294
501816995
501817444
501818505
501817080
501817949
501816588
501817932
501817222
501817168
501817084
501817716
501817619
501818382
501817733
501817140
501817963
501817931
501818177
501818166
501818070
501817750
501818465
501817300
501818418
501817680
501817508
501817171
501817473
501818312
501816980
501817613
501817770
501817375
501816872
501818350
501816870
501818523
501818427
501818446
501818330
501817727
501818310
501818228
501816611
501817748
501816882
501817616
501818009
501817857
501817516
501817031
501817183
501816722
501816774
501809366
501623912
501820723
501819800
501820267
501820749
501820585
501820760
501810432
501818001
501819954
501813860
501819207
501819016
501819848
501819656
501814033
501820660
501820640
501817662
501817575
501817198
501819304
501816967
501817674
501819846
501820705
501819290
501816608
501820668
501820256
501817172
501819460
501819874
501820537
501820613
501820609
501819240
501820393
501820591
501820066
501820297
501820362
501820221
501820404
501820313
501819376
501820360
501820529
501820470
501819976
501819443
501818817
495412969
501820543
501819524
501819808
501820288
501820689
501819389
501819429
501820351
501819777
501820226
501819548
501819226
501819467
501818850
501820926
501821405
501821002
501820372
501822077
501647228
501817743
501819820
501819748
501822180
501821660
501822863
501822328
501822764
355112636
501822494
501821871
501821022
501822838
501821803
501822197
501821972
501821995
501817041
501819521
501821763
501817991
501820363
501819313
501821896
501821569
501821343
501821998
501822756
501821591
501821143
501822094
501822590
501817100
501822176
501822634
501821046
501821517
501799197
501824106
501824048
501820933
501824020
501819262
501823598
501824350
501823488
501822349
501823257
501824336
501765861
501824151
501824015
501817960
501787854
501824178
501823827
501823650
501824021
501823949
501823400
501823816
501823974
501823319
501823327
501823498
501823953
501823790
501823638
501823417
501823179
501826170
501823689
501822053
501826132
501825268
501668373
501824845
501823750
501820051
501825961
501826594
501826592
501826573
495692986
501824874
501825638
501825250
497207119
501825978
501826081
501825793
501825553
501826466
501825505
501826275
501825293
501825417
501824933
501824903
501824835
501826342
501824980
501824938
501825112
501825691
501825001
501826370
501826014
501826511
501825327
501825796
501826078
501825411
501824582
501811161
501827747
501823056
501823815
501823352
501825376
501827337
501826735
501823465
501825750
501827360
501827245
501795700
501827187
494777689
335285109
501827711
501827681
501826901
501826661
501827743
501828210
501827735
501827982
501826714
501826909
501827936
501826747
501827098
501827829
501827551
485687282
501827095
501827260
501826810
501826922
501829244
501829307
501828544
501826676
501828930
501829290
501827007
501829278
501829265
501826156
501826888
501828756
501726761
501828038
501827953
501828951
501828679
501828639
501829197
501828749
501828326
501828853
501828757
501823886
501828580
501828472
501828423
501828436
501830321
501829802
501721601
501727637
501830306
501829588
501826259
501785768
501828537
501828588
501829399
501826328
501828713
501829490
501830268
501829488
501829546
501829847
501829773
501830082
501829407
501829632
501829380
342015064
501831088
501729465
501826850
501820021
501821877
501831064
501830750
501831049
501831002
339215232
501830445
501830516
501831110
501831075
501830561
501830808
501831606
501831374
501831273
491774065
501831781
501831766
501828608
501784854
501831172
501831802
501831688
501831707
501831733
501831373
501831326
501831757
501831610
501831393
501831195
501832184
501832487
501810384
501832206
501831857
501832442
501579393
501830069
501832378
501832265
501832064
501832489
501831972
501831890
501832117
501832176
501832485
501832387
501832010
501833120
501832884
501832885
501810173
501832326
501553317
501832935
501833104
501832597
501833131
501833047
499199205
501832546
501832820
501832558
501832963
501833647
501822250
501833656
501833649
501833285
501833519
501827883
501797267
501833654
501833623
501833497
501833819
501833892
501645935
501833933
482125508
501833939
501833936
501833954
501833697
501833903
501834344
501833295
501834102
303720540
501834288
501834269
501834396
347623308
499394776
355034687
501834476
501834086
501834491
501795286
501834566
501807856
501834947
500928167
501833851
501756706
501834879
500236432
501817468
501819324
501809349
501816793
501835121
501835151
501835335
501835334
501835279
496048587
501825661
501835468
501835378
314017458
495952608
501835368
501835439
306232214
501223557
495206644
501835735
501821908
485063966
501835863
501694545
501835851
501835864
501793394
501775811
501835932
501684576
501810793
501622572
501836233
501819915
501813886
501836177
501836242
501464293
501836364
501122226
501836398
501836710
501836522
501202125
501816716
501836881
501586095
501836812
501836834
501836904
501836818
501837321
501837301
501792270
501799665
501837251
501693052
501837116
498865887
501837563
496782500
501837471
501838132
501838166
501838448
501838391
501838437
501838418
501806409
501798823
501838318
501838167
332311570
301254484
319306185
501838060
501837929
501823389
501838204
501838257
501838177
501838358
501838175
501838193
501838263
501837934
501838248
501839045
501839239
501838862
501839054
501839308
501839277
501839028
501838461
501799157
501838847
501838124
501839125
501839006
499430343
497015464
501838756
501839088
330635120
501838864
501839059
501839219
501838473
501838804
501633061
501838873
501839007
501840171
501560964
501840118
501839590
501840060
501820208
501840000
501839322
501839716
501840119
501840011
501839921
501838478
501839592
501839647
501839950
501839576
501817455
501839669
501839356
501839415
501839860
501840146
501839945
501839875
501798836
501839980
501840730
501840599
501840783
501840919
501840897
501840644
501840886
501840800
501840849
501833989
501840944
501840852
488699741
501840707
501840389
501840385
501840896
501840292
501841731
501841331
501841718
501841712
501841076
501841202
501841109
501841699
501841493
501841688
501841675
501841669
501841664
501841111
501841441
501841365
501841440
501841693
343011086
499493969
501816472
501841580
323983560
342824848
499162651
499492304
333071471
343016662
482402554
501841228
501841023
328112648
501841639
501841221
501841123
501841069
501841226
501841568
501841668
501841390
501841501
501841090
501841541
501841325
501842207
501842639
501841761
501842660
501842486
501842655
501842541
501833331
501842125
501841232
501588168
501842465
501842589
498210477
501841745
501842597
501842316
501842055
501842308
501842216
344501022
501842101
501841952
501842618
501842398
501841780
501841865
501842571
501842621
501842448
501842268
501842348
501842404
501843716
501843197
501841958
501843537
501843456
501842829
501616833
501842751
501843488
501843337
501843620
501842258
501843060
501842017
501841213
501843348
501842883
501843236
501843171
501843117
501843776
501843424
501843271
501843160
501843423
501842919
501843013
501842811
501843759
501843081
501843396
501843590
501843696
501843582
501842980
501843255
501843193
501843329
501842761
501842963
501844745
501842882
501570390
501844093
501844778
501844194
501844768
501844561
501844201
501844498
501844407
501844138
501844036
501844439
501844311
501844798
501844209
501844571
501844242
501844253
501844088
501844548
501844396
501844108
501844019
501843839
501844176
501844347
501843990
501843939
501845768
501845017
501844913
501506252
501845034
501845894
501844861
501845454
501845549
501845662
501845346
501845202
501844961
501845887
501845579
501845593
501845575
501845471
501844984
501845042
501847145
501846926
501847177
501846842
501846331
501847002
501847121
501846579
501847031
501845151
501845162
501846669
501845431
501636144
501846391
501845957
501846071
501841200
501846303
501843593
501846479
310978104
501847096
501846542
501845915
501846220
501847118
501846499
501846668
501846568
480532121
501846322
501846150
501846922
501846373
501846120
501846549
501846895
501846982
501846456
501846938
501846600
501846044
501846286
501846720
501846698
501846474
501846204
501847892
501845287
501846610
501848243
501845265
501847033
501847543
501847576
501844181
501848294
501847001
501847990
501847985
501847993
501847506
501847992
501847382
501848403
501848300
501847491
501848387
501847403
501847946
501847663
501848206
501848422
501848309
501848209
501841316
501847523
501847223
501847518
501847683
501848287
501848809
501849411
501843172
501847726
501845740
501844635
501848669
501817163
501845397
492488714
501848784
501849347
501848926
501758606
501849241
501848928
501848948
501849028
501848503
501848882
501848614
501848659
501848524
501849093
501849057
501849284
501849323
501845534
501848550
501848805
501848757
501845766
501850016
501848822
501849963
501849698
501850597
501844842
501849631
501850837
501850390
501850703
501850825
501849487
501850223
501849804
501849512
501850869
501849886
501849844
501850557
501850266
501849927
499315952
501850096
290078394
501849990
501850397
501849429
501850857
501849570
501850850
501850764
501850724
501850712
501850389
501850105
342733995
501850341
501850692
501850416
501850262
501850111
501849765
501850669
501849668
501850328
501849760
501849874
501849714
501845620
501790882
501852107
501851098
501852308
501850516
501844078
501851875
501640163
501851648
501850175
501851834
501845923
501848613
501851999
275404580
501852358
501851700
501851298
497259168
501851357
501851311
501850954
501852210
479013448
501851846
489164302
501850879
495072142
501852163
501851137
501851907
501851535
501851685
501851437
501851434
501852047
501852086
501851915
501851621
501851286
501853115
501813374
501852807
501852734
501851278
501852720
501852964
501853002
501853331
474434401
501851821
501853056
501852940
492300669
501853371
501852854
501852985
481933298
501852669
501853075
501852489
501852932
501852966
501853408
501850321
501854891
501854591
501854546
501853455
501853281
501854601
501854145
501853614
501854585
501854801
501854541
501854787
501594732
501851546
501853804
501853139
501854796
501854031
501853701
501854372
501853554
501853606
501853553
501853775
501854282
501854465
501854462
501811547
501853612
501853422
501854888
501853546
501853517
501854533
501853677
501854784
501854612
501854704
501853907
501854385
501853540
501854430
501853626
501854257
501853600
501854036
501854136
501853916
501853586
501853891
501853859
501857201
501856907
501856605
501855262
501848218
501856228
501856984
501640196
501855836
501856044
501857173
501857150
501857107
501854973
501841209
501855761
501847863
501857046
501855383
501809098
501856745
501855255
501856986
501616558
474147655
501857035
501856792
501855630
485490770
499677901
496174769
501856323
501855129
501855287
501855751
501855840
501856150
501856273
331724346
501855308
501855316
501855074
501856973
501850469
501856716
501857109
501856386
501857162
501855180
501855830
501855844
501856538
501856184
501855073
501856423
501855484
501855080
501859059
501858737
501858171
501857901
501858678
501859054
501857924
501853955
501858736
501858431
501831447
501858456
501857992
501857242
501858319
501858577
501855671
501858353
501790186
501858306
501859058
337502161
487737347
342014891
501858427
501858268
501858862
315262565
320326109
484467876
315280061
499228487
476941777
319374410
316574488
499153882
315362969
501858363
313302218
498930012
499063723
475700551
483965626
316917458
485512897
323856681
483628506
482908239
499144123
320228933
499170867
501858791
501854864
501858667
501858499
501857666
501854244
501859048
501858962
501858808
501858065
501858893
501858803
501858681
501858419
501857638
501857492
501858425
501857547
501857714
501860268
501859210
501860623
501857430
501860905
501860870
501859523
501860800
501860147
501859490
501859569
501860744
501860430
501860889
501809876
501860057
501860883
501860094
501859921
480186195
501860855
501860832
501860163
501860637
311471959
338574886
332596646
501860746
501859524
501860645
478987481
496889881
313774914
497654666
501859644
501860756
476533974
351437383
476524757
487734652
499058611
501860854
496880945
497533527
497151175
494258327
325655911
486700072
498175222
482068366
483852859
305159353
481765532
481676733
483638942
481669423
501859972
481750103
481607164
345147939
481749976
481539948
481682179
481625251
501860137
481772142
501860701
501860769
501860171
501860127
501860123
501860006
491102255
501859169
497618893
501860898
501860454
501860457
501859875
501859209
501860295
501860885
501860812
501860644
501859769
501859947
501860485
501860775
501859451
501859944
501860675
501860113
501859563
501859575
501859329
501859188
501862211
501860179
501861839
501862199
501852910
501861629
501859314
501861705
501861590
501859878
501861795
501861462
501859223
501859133
501862141
501858241
501859437
498621405
501859235
501862135
501861555
305161771
501862081
501862004
501862084
314624298
481862127
497361430
319956195
313392320
494165028
494220997
494096629
494141044
481762478
481662335
482282173
481993472
481539835
481476228
481671127
481977644
481554676
481545364
481675897
327526173
322443441
481667561
501862047
501861551
501862178
501861603
495178602
501861837
501861825
501861963
501861533
501861690
501862070
501862138
501862124
501861353
501861998
501861278
501861620
501861468
501861657
501861554
501861543
501861262
501861043
501863010
501863875
501863990
501862861
501863985
501863729
501863980
501863545
501863822
501863962
501863234
501857235
501862608
501862231
501863658
501863507
501863476
501863949
501863288
501863575
501863520
501859912
501862805
501863913
501862389
343830535
497685258
481652717
341730959
331291575
487741576
487735910
472844770
485680584
482914259
488343914
487761647
312940299
496151683
501863026
487739160
311627504
481641428
493929488
487756297
487781746
501863887
501862695
501863422
501863597
501863244
501863410
501863788
501863056
501863689
501863452
501863171
501863095
501864988
501865092
501861182
501781798
501864721
501865288
501865401
501864135
501865021
501865257
501864140
501864824
501864049
501864722
501864697
501864679
501863216
501862778
501864542
501865351
501864819
501864871
501865336
501865335
501864569
501865195
501864606
501865223
501864008
501864510
501864301
501865263
326895999
331811362
475724078
327529843
487766711
478261542
326142573
327619000
322366167
487821674
325220619
487816977
323535182
488735399
501865358
501865225
501805682
501864931
501864671
501865420
501865404
501865398
501864730
501865120
501864515
501864662
501864593
501864540
501864389
501864128
501864750
501866102
500990291
501866586
501861178
501866505
501865820
501866478
501866454
501863347
501863186
501866059
501866025
501866284
501858573
501866348
501864317
501866245
501866461
486224752
472955050
481752621
481702331
497492926
481604206
497594586
501866618
499535936
498161786
499345638
499062301
499076579
314951849
499675106
501866443
483471489
483905590
501866649
501865973
501865522
501866686
501866582
501865795
501865867
501865702
501866712
501865442
501866366
501865511
501868420
501867947
501867928
501868416
501866292
501868281
501868391
501868162
501675837
501864667
501868378
501867774
501867258
501866758
501868088
501867733
501868342
501866834
501868339
488718517
501867368
341130477
501867987
501867625
305167331
476955192
305138811
501864651
487026038
305165347
316641188
481765734
498153711
488731617
316629550
501868272
501867423
316641216
302470227
478086704
305158443
325652606
501867325
322380179
501867082
496585180
501867395
501866783
501867609
501868030
501868145
501868238
501868071
501868019
501867843
501867388
501867178
501866733
501867018
501866840
501869494
501868480
501869373
501869080
501869226
501868661
501865549
501869251
501869699
501869391
501866727
501869670
501857706
501849279
501869581
501869300
501868624
501861030
501867381
501866046
501862275
501867111
501869719
501868733
322403449
501869605
501869492
501869132
501865006
501866977
481704597
306218958
487798417
481621331
329917090
483736354
484018214
488690339
321125159
501865985
488932528
501857613
501869387
343788149
501868706
501869469
501869310
501869212
501868752
501868439
501866089
501869720
501869663
501868767
501869514
501869452
501868617
501868996
501869289
501868460
501869087
501868616
501868973
501858322
501867953
501870709
501862375
501870425
501870886
501857068
501870865
501870385
501859628
501870186
501870910
501870939
481365917
497599107
311468006
501870123
501870807
501868792
501869752
488692001
316630690
501870735
501870053
319854013
501870829
355027323
341121537
321896394
321371762
476920503
342391528
496272839
497671759
501870087
501870248
501870932
501870802
501870575
501870506
501870960
501870862
501462455
501870290
501870334
501869920
501869883
501870399
501869823
501617383
501869772
501864318
501872536
501871134
501871313
501872416
501867596
501872458
501863164
498896220
501860013
493745797
501871714
501866888
501871316
501853267
494676062
501868312
501872351
501872182
501871186
501872279
501871229
501872092
501871777
486222310
486087745
481643860
501871417
499369268
501871921
296778887
501872029
501872010
321121626
501872337
501872358
501872570
501872500
501871575
501872549
501872660
501871363
501872088
501872627
501872313
501871062
501872043
501871882
501871519
501872259
501871495
487587345
501871743
501871679
501871258
501871415
501871406
501871213
501872695
501873603
501874186
501873534
501873854
501874178
501873654
501873261
501873731
501870434
501873980
501873281
501873607
501870268
501870069
501868577
501874060
501874104
501873181
501859652
501873103
501873722
501872814
501874160
501872701
501873009
501873313
501873627
501873022
501873077
501873303
501873691
501873702
501873914
501872860
501873701
501872924
197023455
324718262
501872978
501872970
224722872
473952508
501872685
501873575
501872733
501872918
501873636
501873355
501872920
501872787
501874167
501874165
501874027
501873464
501873187
501872807
501874148
501873536
501873171
501873787
501873351
501873465
501873714
501873219
501872995
501873725
501873503
501873282
501873400
501873305
501873206
501872686
501872804
501872829
501872820
501874403
501875453
501648285
501875165
501874716
501870667
501872103
501870753
501520888
501875547
501874199
501873225
501875207
501875147
501875319
501875557
501875297
501875316
501874888
501874902
493952063
501874475
499086082
501875168
497995645
501875461
501874488
501875057
501875366
501874756
501875530
501874853
501874350
501874511
501874860
501874318
501874582
501874467
501874509
501875856
501877169
501875760
501876545
501875244
501875608
501876631
501876937
501877109
501875951
501876414
501876956
498689030
501875855
501872839
501876715
501877064
501875913
501876720
501876577
501876584
501876542
501876750
501875817
501876275
501875929
501876768
501876933
501875906
501876758
501876721
501876664
501877057
501877022
501876772
501876712
501876496
501876124
501876164
501878509
501878505
501876677
501877366
501878375
501877703
501877891
501877411
501874525
501878468
501867992
501878584
501878529
501878453
501877736
501878449
501878255
501877475
501877990
481686685
501877676
481864367
482591164
481793560
501877973
501878102
501600593
501878237
501877497
501877929
501877806
501877311
501878429
501877845
501878123
501877206
501877256
501877585
501877313
501879461
501879328
501853752
501878779
501880046
501829423
501874635
501879398
501879995
501879277
501879734
501878516
501878410
501879663
501879797
501879770
501879659
501879276
501879015
501879728
501879632
483468587
484953988
501880038
501879756
501879594
501880066
501879866
501879859
501879484
501879948
501879373
501879154
501878789
501879333
501879388
501878832
501881376
501878739
501880458
501881904
325579631
501881836
501881674
501879174
501881796
501881845
501881406
501881882
501880730
501881561
501845037
501881479
501881831
501881519
501881099
501849069
501881327
501880981
501880893
501880466
501880100
501880344
501880754
501881139
501880398
501881658
501880290
501881533
501881014
501880450
501880201
325664128
501880528
501880907
501881842
501881782
501880895
501880588
501881491
501881733
501881055
501881257
501881702
501881847
501881766
501881662
501881741
501880859
501880934
501881157
501881547
501881604
501880390
501881295
501880462
501880517
501881204
501880537
501880688
501882831
501882518
501882151
501881401
501883343
501883009
501881367
501883018
501882621
501883356
501882452
501882633
501883232
501883091
501882036
501882939
501882815
501882534
501883317
501882200
501882501
501882314
501882974
501883347
501882995
501883358
501883185
501883344
501882323
501882041
501882751
501882877
501883072
501882329
501882893
501882428
501882535
501882434
501884006
501883702
501884275
501884611
501884364
501884283
501883877
501884148
501884077
501884600
501883975
501883807
497483513
501884125
501882104
501881693
501884624
501884170
501884460
501884072
501884554
501884569
501883586
501884142
501884150
501884193
501884140
501883644
501884482
501883930
501884551
501883729
501884466
501883476
501884394
501883738
501884228
501884389
501883559
501883831
501883736
501884491
501886916
501887092
501884843
501886549
501886300
501887180
501887179
501886943
501887128
501884793
499179596
501714918
501885404
501886801
501862188
501886166
501885924
501881632
501887108
501885759
501885055
501886785
501885798
501885141
501886437
501884882
501885392
501884728
501886967
501886408
501885571
501885058
501885251
501885151
501884652
501887132
501886232
501885994
501886806
501885670
501886199
501886712
501885220
501861055
501884920
501886719
501885548
501886049
501884879
501884708
344261912
501884682
501884184
501886990
501886962
501886925
501887120
501886370
501886614
501886667
501886472
501885575
501885493
501886591
501886077
501884836
501885074
501886150
501885756
501881397
501884963
501885840
501884654
501890158
501889921
501888860
501889950
501888681
501887489
501889971
501889240
501889491
501888915
501890109
501889192
501885367
501888921
501889672
501874589
501889275
501885540
501890057
501889127
501887887
501888339
501888321
501888667
501888586
501887742
501889912
501887636
501889133
501889943
501887768
501887883
501869325
501887218
501889210
501804281
501888546
501887686
501889778
501887567
501889872
501888885
501889683
501887343
501888796
501889437
501888138
501888823
501891243
501891416
501883332
501892052
501892346
501888425
501888301
501878615
501890833
501890791
501890875
501882015
501892216
501892424
501891875
501891963
501892095
501891357
501891959
501890678
501891851
501559591
501892056
501891662
501890936
501892110
501891637
501889423
501890925
501597332
501891809
501890851
501891642
501892456
501890824
501892594
501891880
501891229
501891820
501890390
501892558
501896555
501893192
501859301
501893296
501896186
501878420
501894343
501896400
501896178
501894041
501895259
501893914
501895350
501893165
501896108
501782194
501896754
501896743
501896525
501895604
501895912
501895249
501895630
340752313
501896136
501894263
501895185
345449162
501895716
501893726
501893504
501895590
501894925
501895606
501896811
501896278
501894781
501896526
501894683
501895726
501894441
501895216
501894500
501896206
501896165
501895197
484262694
501894390
501895560
501896296
501893745
501894453
501894261
501896879
501896810
501896711
501894361
501894418
501892810
501894901
501894386
501603840
501894945
501895992
501896098
501893633
501895961
501895105
501892758
501893185
496581693
501895567
501895909
501895845
499032189
501894796
501892849
501895164
501894985
501894452
501894044
501884629
501898320
501899277
501899220
501899289
501899150
501898555
501897490
501897309
501887228
501899332
501896129
501899151
501892324
501897790
501896904
501897162
501897381
501897145
501897920
501899192
501887384
501593116
501892747
501896056
501898815
501897503
501897781
501898330
501898517
494061591
501898107
485882611
309599217
501899023
501898578
501899237
501899089
501897315
501897569
501897339
501897440
501897148
320612108
501897003
501898900
501899216
501899181
501899162
501897859
501897321
501899099
501898116
501898939
501897890
501897276
501899117
501899137
501898747
501898642
501897935
501898657
501898015
501898249
501897407
501898493
501898237
501898162
501898129
501897891
501897768
501897338
501897282
501896939
501896916
501900460
501900453
501900584
501897769
501900382
501901685
501901980
501897317
501901508
501901862
501898579
501902127
501899479
501889455
501901897
501900100
501893468
501899856
501900664
501902023
501900952
501900267
501902069
501901869
501901702
501900220
501901635
501901451
501900564
501900914
501901351
501901386
501900306
501901566
501900904
501899787
501900516
501899845
501900603
501901627
477947933
501899905
501902173
501901950
501901865
501899930
501901250
501900839
501899492
501900514
501900008
501901212
501899566
501900682
501900609
501900012
501900356
501900737
501900560
501900402
501902749
501897133
501903304
501893696
490381732
501902862
501897793
501603390
501635727
501902457
501902419
501903760
501903241
492480306
501903880
501902292
501903444
501902930
501902671
501902411
501903896
501903459
501903400
501902375
501903695
501902799
501903143
501903595
501902635
501903079
501902180
501902578
501902731
501902738
501907178
501906499
501905535
501907326
501898088
501898730
501905297
501906800
501905811
501905072
501849485
501695196
501864489
501906842
501905084
501907492
501906755
501905861
501903715
501898627
501904289
501906789
501905989
473632734
501906544
501905670
501905553
501904360
501904875
501905560
501905212
501904297
501904368
473811047
501904221
501904017
501907358
501906449
501907088
501907455
501905830
501906444
501907476
501906754
501906004
501907073
501906858
501904363
501906361
501904655
501905548
501904282
501905129
501904883
501904292
501903986
501904159
501907808
501908093
501909187
501909059
501908948
501909399
501909845
501909287
501895218
501909866
501909471
501909861
501909467
501909130
501908922
501907871
499468347
501909707
501909308
501909605
501909094
501909063
341461564
501907917
498675230
501908761
501909762
501909150
501908467
501909339
501908018
501908748
501908277
501909495
501909127
501909208
501909221
501908616
501907734
501909761
501909491
501909854
501909823
501908108
501908417
501908238
501908825
501908863
501907685
501907689
501906475
501901445
501901651
501909077
501911136
501908638
501911811
501896884
501911314
330349992
501910322
501693482
501866890
501890632
501910670
501908272
501911439
501910932
501909962
501910140
501911714
501911555
501910769
501911662
501911787
501911148
501910278
501910225
501910281
501911486
501910075
501911228
501912992
501911004
501904322
501912106
501912497
501912794
501912277
501908528
501912722
501184975
501908382
501910148
501908335
501900296
501910384
501913131
501913078
501912198
328971530
501912663
501912424
501912304
501912073
501913035
501912353
501912248
501912633
501912391
501912535
492268231
501912421
501912026
501913141
501912846
501912968
501912583
501913425
501912269
501914255
501913379
501914189
501914000
501914689
501912960
501864475
501914396
501873391
501913118
501863333
501914026
501914415
501914202
501913703
501913750
332268004
501914188
501914559
501914350
501914260
501914176
501914040
501914891
501915567
501890477
501915516
501915274
501915596
501915140
501815581
501915218
501914971
501912442
501915132
501912725
501914778
501915498
319049020
501914936
501914766
501915271
501915602
501916122
501910540
501906291
501906216
501915385
501837637
501916118
501916329
341368634
501915875
501915913
501915989
501915820
501916053
501915850
499233452
501911263
501917394
501915833
501917440
501916832
501086002
501916131
501917110
501867665
501601733
501917321
501916442
354260644
324494357
501917241
501917448
501917461
501916697
501917418
501917304
501917285
501795595
501917645
501917796
501902623
501873584
501917829
501917568
501917821
501917598
501917463
501918057
501905076
474856196
501786600
501796314
501884633
501898113
501775074
501653753
501893559
501918177
501918216
501918341
501897772
501918354
484375093
501918669
328913126
501918622
501918572
501915619
501916231
501918674
501918894
501905257
501622417
501918906
501918834
499680682
501914302
501881210
501888628
501918938
501615506
501892877
501919019
501918998
501919207
501905335
501919105
501919308
501881963
501911954
328428804
501919224
501892237
501919663
501919626
501919600
501919572
501919733
501919747
501916976
501919806
501920115
501919991
501907419
501920200
501920206
501919933
501904491
501920606
501920546
501611376
501920516
501920435
501920578
501920755
501921403
501920445
499506703
501921425
501920917
501920657
501920749
501920921
501920405
501921508
501922504
501921985
501922606
501922463
501922281
501865166
501922475
501922187
300355889
497882220
501922123
501921995
501894752
501922242
501921924
501922026
501921527
501876607
501923028
501897601
501923474
501923255
501923481
501922695
501921654
501922966
344934571
501923479
501923290
501923145
501923324
501923577
501924514
501924192
501923139
501923746
501923576
501924458
501924542
501924407
501924470
482776925
500157070
501924571
501924307
501924553
501924463
338202612
501923798
501923759
501924623
501924121
501924207
501924302
501924883
501925454
501925151
501923587
501925597
501925681
501925662
501921997
499165790
501925396
501925613
501925427
310001472
279378622
501925059
501925028
501924857
501925272
501925690
501924886
501925017
501924539
501925756
501926322
501926430
337460185
501926544
501827156
501912138
498039134
501926519
501925918
501926433
501924430
501926323
501923933
291118865
501926407
302637278
303331927
498005837
501925971
501925933
501926211
501925887
501925853
501925824
501925816
501927367
501922958
501798800
501926072
501927878
501926596
501927515
501927622
501889125
501926207
501926664
501927637
501926889
501927798
501927487
501926572
501894739
501295663
501927633
501925106
501927474
501927666
501926907
501927365
501927439
501927249
283472654
285764424
501927827
501927732
501927485
501927730
501927498
501926875
501926678
501927716
501927066
501927618
501927470
501927613
501927412
501927433
501926863
501927358
501926803
501922098
501928474
501929111
501823231
501673423
501927615
501928538
501907749
501929058
501928360
501929067
501929061
501895297
501928497
501929038
501928845
501927998
501928934
501929133
501928707
501927031
501928871
501929068
501928140
501928171
501928233
501928298
501928899
501928628
501928115
501929066
501928826
501928606
501928866
501929906
501928921
501929720
501930270
501929892
501929516
501928729
501930287
501930273
501929642
501926708
501928088
501930309
501930005
501929317
501929284
501929785
501915538
501929432
501651019
501929839
501929758
501923894
501930011
501929677
501929381
501930324
501930016
501929763
501929419
501929696
501278594
501929506
501926168
501931242
501929866
501930826
501930395
501868930
501931348
501931235
501931710
501931637
501931558
501930552
501931138
501928073
501930783
501864263
501931363
501931634
501931633
501929377
501924348
501930537
501930360
336462430
501930588
501930847
501931093
498907850
342653330
340761174
323999628
501930896
491927988
501930559
497596784
501931570
501931358
501931585
501931426
501931270
501930397
501931372
501930441
501930857
501930765
501930487
501931945
501928671
501931889
501932843
501932826
501926186
501931490
501703686
501929483
501933174
501931462
501931968
501932303
501932782
501932242
501933358
501933354
501930858
501932648
501932574
499088802
501932060
501933338
501932983
501932037
501933098
501932904
501932723
501932849
501931836
501932314
501932598
501933345
501932496
501932897
501932507
501932975
501932470
501932102
501932833
501932038
501932032
501932211
501932310
501931931
501934508
501933492
501932778
501934530
501934767
501934766
501929464
501933944
501931318
501934744
501934704
501933851
501933770
501933652
501927684
501933936
501600932
501932083
501713096
501932349
501934118
501933648
501788896
501928450
501933963
501933913
299194918
302140677
501934423
501934440
501934012
499284214
501934538
501933844
501934220
501934236
501933556
501934281
501934566
501933677
501934158
501933993
501933825
501936055
501936219
501936179
501935825
501935674
501934907
501931958
501936132
501935419
501935166
501936191
501936189
501935408
501933813
501935018
501927659
501935290
501935938
501936048
343451328
501936140
501935842
501935445
501936209
501935880
501935571
501935901
501935453
501934964
501935843
501935995
501935369
501935511
501935731
501935203
501935738
501935862
501935078
501935037
501936126
501936115
501936090
501935618
501935751
501934852
501935254
501935580
501935311
501935344
501937169
501937004
501937673
501937251
501932305
501937036
501931607
501398121
501936769
501931899
501937152
501937574
501913970
501937360
501936559
501937222
501937725
501937289
501937608
492510393
498169923
501937518
501937758
495399077
501937492
501936830
329733454
481686659
501937214
501936930
501937475
501937540
492988937
501936850
501936429
501936991
501937566
501937864
501936462
501936387
501936878
498838048
501936422
501936236
501936532
501936782
501939465
501938468
501939318
501936856
501937252
501939273
501939206
501939423
501939417
501938794
501933959
501939257
501938385
501937382
501937193
501938064
501936669
501939304
501931995
501938559
501939407
501939402
501933882
501939384
501938393
501938097
501938836
501939460
501938250
484056365
497540804
481599012
501938934
291412153
316682275
481655610
481613820
319961935
320110646
319964185
481676607
481734955
477715511
482138142
326263765
483626875
481975604
488732618
501939104
501939153
501938708
501939037
501939291
501939452
501939432
501938467
501938366
501938859
501939398
501938241
501938691
501938054
501938216
501938881
501643081
501939115
501939171
501939036
501938827
501938719
501938226
501940837
501940936
501794052
501940932
501940776
501939952
501940233
501916438
501940344
501939865
501940903
501931077
501937597
501940472
501939568
501935136
501938453
501938996
501936981
495213609
487347717
501940531
488915031
314260306
501940569
343775998
331225579
501940542
483147261
313037930
339821391
347554885
343777004
345134705
347609308
322893576
268324097
483476449
324283328
486674011
314529741
501940729
501940068
501937917
501940365
501940930
501940076
501940549
501940366
501940895
501940767
501939908
501940511
501939975
501940184
501480301
501939688
501939629
500735152
501942589
501942587
501942509
501886815
501935601
501942520
501942314
501942497
501942408
501941537
501940693
501894176
500967141
501941884
501941819
501941935
501941603
501941336
501942519
501942516
501942024
501941195
501941479
494448563
301950608
501941372
501942205
305134912
305159078
314613373
306550291
305162548
305278006
305158110
305155472
501941357
321153149
321590197
501939012
321362349
316554833
321156549
320355115
501942358
319923032
296786038
321120323
319973779
314611635
320201976
257650330
314609153
488525074
501941787
501941703
501942486
501942359
501942370
501941614
501942397
501941894
501941127
501941655
501942184
501941444
501942055
501941955
501940977
501941642
501944044
501943399
501943667
501943926
501942718
501941002
501939982
501943265
501943891
501942754
501943974
501942167
501943964
501943485
501943405
501940966
501943938
501943617
501928366
501943015
501943494
501943963
501943073
327251126
315695078
296787238
296786040
343797558
481607141
333060421
331623363
327553354
343889304
304547013
304562530
343898224
343964513
327069282
501943529
501943947
501943284
501939145
501943117
501943738
501939834
501944046
501942990
501942852
501943192
501943177
501943506
501942759
501943515
501942610
501942918
501943339
501942698
501943314
498243573
501945391
501943705
501945144
501945448
501944445
501943457
501942334
501942956
501944291
501944082
501945786
501944222
501944386
328566135
312936727
304576270
501945492
481642593
501945544
501945542
306554820
481963303
486435321
501944891
501945112
501945705
501945627
501944581
501945310
501944913
501945113
501944643
501945646
501945334
501944925
501944741
501944364
501944224
501944403
501944092
501940336
501947496
501946773
501947886
501947189
501946341
501947956
501948001
501944821
501947006
501946775
501947655
501946368
501947761
501946519
501942972
501946920
501946692
501945763
501947622
501947034
501947678
501947714
501947980
333117446
501947855
337245434
501945758
501946274
501946195
347612493
501947926
501947403
501946788
501947995
481762324
497591330
501947627
501947466
501947147
501948097
339023082
501947598
501947691
501946148
501947337
501947026
501946299
501948121
501947847
501946018
501947029
501946188
501947837
501946980
501946576
501946646
501946133
501949508
501949364
501949661
501949385
501829636
501949466
501949560
501949439
501948209
501949639
501948539
501948666
501946574
501949418
501949722
501938089
501949152
501946430
501949688
501948458
501949069
295602001
501949548
501949425
501949054
488747688
501948491
295621309
501948330
473545099
319784607
501946300
501948362
501937983
315632798
281447940
477713255
481967831
501949394
501949391
501948632
501948257
501949045
501949402
501948623
501948537
501949125
501949659
501949355
501949317
501948291
501948634
501948430
501948889
501952355
501948702
501712748
501951735
501950922
501953174
501951717
501949917
501953295
501951492
495777594
501945285
501951304
501953278
501948664
501950864
501953128
501950626
501952908
501951811
501949953
501952967
501951515
501952092
501951968
494263016
345156759
501952353
501953299
501952737
501951237
501952980
501952839
501953188
501953165
482605108
315397946
497595598
484826194
501950701
484410435
485103776
497612927
501953297
501951462
501952826
501952164
501952883
501951065
501953193
501953164
501952601
501952023
501951674
501952112
501950960
501950794
501949881
501951520
501952116
501950510
501951271
501953168
501950592
501952926
501950556
501952332
501952758
501952371
501950463
501950171
501950519
501949820
501954523
501954059
501953628
501954029
501953663
501948817
501954257
501950991
501949793
501950995
501948810
501945445
501950004
501954580
501954545
501953465
501954255
501953934
501953494
501954476
501954517
501949024
501954494
501954147
501954041
286703111
501950543
483993967
305158238
315429020
501950207
501954376
481693943
481741369
497595333
336698992
499090213
481763944
501953781
501953898
501954556
501954116
501953476
501953343
499059215
501953714
501953535
501954332
500287310
501953349
501953427
501953583
501953689
501953351
501953589
501956481
501955526
501956596
501956421
501955195
501954958
501948339
501956501
501956345
501953148
501948256
501940259
501955694
501956112
501945988
501956014
501955993
501956522
501956173
501955238
501956147
501955207
501956510
501956559
481594689
486557475
481862440
501955185
501955518
501955275
481963226
501955692
501952537
482189306
483980656
482024365
501956048
501609112
501956453
501954929
501956249
501955494
501956108
501956078
501955996
501956155
501956555
501955800
501954729
501956317
501955904
501955954
501956174
501955793
501955775
501954936
501955809
501954700
501955065
501955440
501954917
501957662
501957615
501956845
501957978
501949151
501954914
501958132
501954702
501954404
501957128
501953789
501956664
501957698
501957878
501955480
501953951
501951026
501957808
501940594
501956698
501958327
501958364
501958201
481720981
501957458
501958303
501957554
501958226
481628269
501958011
481661531
314339823
319839080
481786342
487801190
481689721
481622024
501956790
501958050
501957357
501956771
501958162
501957243
473240274
501958266
501958365
501956758
501958128
501956685
501958251
501957967
501957873
501957784
501956621
501957344
501957009
501957423
501956951
501957247
501959681
501957670
501941094
501959415
501958504
501935070
501958458
501959029
501957323
501959643
501959395
501958923
501959757
501959528
501958904
481820992
501959566
481650216
501959810
501959398
501952714
482257629
501959641
340719389
483665067
483893393
483870637
501958842
501959397
501959743
501959009
501959359
501958388
501959596
501959931
501958591
501959642
501959782
501959420
501958831
501959400
501959993
501931947
501960417
501961291
501962022
501417793
501960485
501960793
501948286
501960431
501961907
501960568
501961335
501903740
501960020
501961980
501961117
501960683
501960719
501961236
501960006
501960394
501960098
501961424
476837927
501961135
501960782
501960336
501960226
501957040
501961692
484039096
501961075
313230299
320019689
264278777
311626448
481619733
265982843
481690895
318651804
261937699
501961757
501961378
501960424
501962028
501961331
501961882
501961016
501960882
501961124
501960170
501961053
501960402
501961737
501960516
501961769
501960208
501961044
501960884
501960372
501961166
501961366
501960930
501960839
501960118
501960818
501961130
501960677
501961036
493069984
501960560
501963948
501963582
501962724
501962133
501962086
501962605
501963565
501963620
496497226
501962443
501963464
501962602
501958709
501963543
501962923
501963349
501962716
501963373
501925570
501962832
501960861
501961087
501962327
501929903
501963837
501963850
501962482
501963407
501963228
501963200
501962097
314609250
501963353
314611129
328712736
316593752
345091990
501963152
501963551
316915793
501962594
501962747
501963528
501963595
501963151
501962440
501962165
501963922
501963459
501963698
501963404
501963415
501962946
501962896
501962763
501965508
501960080
501965572
501964545
501964385
501964995
495667173
501964924
501963382
501964541
501965139
501962174
501962521
501867949
501964176
501964735
501965386
501964061
501965416
501965569
329452342
501965471
472841524
501960548
497644870
501965247
316610302
475694198
501963287
306573347
316652828
316058915
316648775
316565286
316636799
305172730
316631664
323629742
483879680
322457305
316662377
501964907
501965505
501965275
501964341
501965012
501965070
501965169
501964526
501964542
501964984
501964213
501964468
501965498
501965657
501965041
501965398
501964637
501965311
501964547
501964180
501964344
501964928
501964044
501967664
501968489
501966687
501968752
501968646
501968564
501968539
501967194
501965739
501967708
501966920
501968777
501962806
501966993
501968622
501967997
501944894
501964667
501960294
501965711
501707569
501968738
501967252
501968692
299070215
501968683
501967510
501966260
501965829
487740100
501968216
501966215
347624359
344268873
475800973
481647475
331799208
489625911
324381572
276400023
486556353
353155500
486013874
472888083
501968467
474920884
356717630
486567887
501967586
501967978
501968672
501968488
501966139
501966660
501966108
501966437
501966390
501965752
501967290
501968625
501968722
501967647
501965884
501968521
501966085
501967084
501968199
501966569
501966818
501967575
501967744
501967669
501966998
501966588
501965882
501968871
501969402
501967491
501961923
501963953
501969093
501969533
501969281
501969024
501969011
501967675
501969252
501967467
501969492
501953783
501969467
501969459
501969289
501969397
501952250
501943258
501969039
286549921
501951563
483610790
501968242
488946180
501962988
314512937
268301229
488969893
501969334
501969391
501969190
501968937
501968863
501969343
501969215
501969123
501969041
501970256
501969553
501969988
501971213
501971210
501969353
501969651
501971199
501957639
501970167
501969197
501970891
501969855
501969217
501969627
501969716
501963120
501970922
501969930
501969676
501971106
501970935
501970702
501970467
496685712
501969805
501970246
501970173
501970205
501969647
501971117
501968178
501970709
501970041
499144110
342206636
501970284
276460736
501971052
501969954
501971140
501970441
501970616
501970187
501970865
501969772
501970458
501969802
501969621
499601792
501972188
501970078
501972763
501962192
501799351
501962053
501972085
501973019
501972766
501972628
501970038
501972898
501972014
501971532
501972514
501971756
501966655
501972959
501973116
501971317
501971439
501940095
501971827
501971445
501971730
501971842
501968089
501938173
501972212
491359097
501972678
501971623
501971434
484281799
501972693
501972018
498344208
501972491
501972556
501972129
501971929
501972412
501972260
501972755
501972743
501972790
501972878
501972103
501971408
501971683
501972076
501972644
501972590
501974345
501967945
501974641
501971762
501973811
501973521
501972762
501973274
501974823
501974945
501972754
501967934
501974743
501974750
501947730
501954273
501946491
501973792
501952824
501963276
501974184
501963570
501973605
501973344
501972293
501974491
501973240
501973614
501974829
501973512
501974551
501944563
501973396
342667013
501973704
501973294
341254157
486849747
485641291
501973775
486864630
486940857
501973730
501973877
501973768
501974869
501973661
501970023
501974851
501974248
501973784
501974272
501974751
501973436
501974676
501973829
501973138
501974336
501973734
501973752
501974294
501973658
501973251
501973507
501973899
501973947
501973194
501976166
501976646
501976814
501976160
501976936
501975409
501976714
501975160
500411126
501976896
501973943
501973312
501975729
501972475
501975889
501975726
501976631
501976774
501975855
501976213
501971298
501976063
501975944
501976844
501976016
501975988
501976531
501975868
501975009
501975728
501975044
501976053
501975719
501975805
501975826
501976250
501975390
501975199
501969918
501975264
501975935
501976456
501975477
501975870
501975858
501976956
501974935
501976603
501975190
501975500
501976182
501976718
501975027
501976020
501975463
501975755
501975843
501975715
501978485
501974845
501976970
501975541
501977945
501976411
501978222
501977168
476621731
501980075
501977666
501979295
501978853
501960307
501978341
501978683
501978397
343237101
501979306
501978228
316555025
501979283
501979689
501978349
501978790
501979322
501977265
501978477
501979220
501980104
501979600
473338495
495519703
501978099
501979094
501977832
501976989
501977222
501977880
501978109
501977196
501978906
334027034
501978050
501978242
501977595
501976318
501979131
501980109
501979343
501980032
501980015
501978688
501979079
501978417
501977980
501977319
501979744
501978712
501979153
501980027
501979723
501978202
501979761
501978522
501979163
501978958
501978682
501978172
501978586
501978719
501977429
500235146
501962618
501981753
501981106
501980580
501967501
501981313
501981340
501980922
501981258
501981286
501971971
501978065
501981366
501981007
501981403
501981226
501980725
501981558
495875837
338438408
501981823
501981483
501982047
498293753
501981362
295660119
490754570
501980527
268378149
501981938
307875226
473258818
292059248
295541142
501980681
294657455
333871557
305554171
341242017
501980632
492821802
492815777
497190342
473349017
483107322
496893910
501980924
501981511
501981017
501980589
501981542
501980410
501982073
501982124
501982081
501980667
501981043
501981793
501980573
501981217
501980594
501980360
501983234
501983144
501983063
501984578
501984059
501980288
501982623
501984473
501984005
501632775
501984236
501983897
501980699
501981954
501973293
501972599
501980333
501980490
501984642
501982892
501984638
501983399
501983312
501984530
501983397
501983208
501982769
501983473
501982778
501984347
501984595
501983015
501984585
501982567
501982711
501983628
501983252
501982520
490676227
498947687
501983544
501983115
501983328
501982705
291568681
483704783
501984405
501983725
501984056
501982236
501983023
501983601
501983087
501984731
501984611
501983839
501600697
501983244
501984152
501983576
501983323
501983216
501983040
501986038
501985880
501985785
501986908
501986875
501986892
501983610
501986622
501986853
501985877
501983618
501985770
501986764
501986611
501985757
501986826
501980721
501985900
501978930
501986359
501985239
490709395
491664824
501986580
501986538
501986430
501986697
501985395
501985363
501986438
501985040
501985290
501985909
501984816
501984782
501986314
501985803
501986802
501986670
501985522
501986431
501986844
501985443
501984805
501985915
501986639
501985470
501986465
501986632
501986392
501986186
501986553
501984989
501985451
497523561
501985819
501988093
501985302
501988531
501988760
501987485
501987377
501988686
501862819
501988104
501984837
501987527
501986930
501987114
501988213
501988469
501984259
501935115
501988502
501988585
501987667
486526295
501980518
501987472
501988412
498737329
501987146
501987903
501987687
501987316
501988420
501988055
501988666
501987277
501988689
501988540
501988167
501988296
501987640
501986946
482007542
501987915
501990457
501990528
501991369
501991106
501990640
501974323
501770490
501991353
501990664
501989791
501991252
501990968
501988301
501985652
501989741
501991335
501988060
501982249
501940638
501990055
501990851
501990520
501984968
296862666
501989380
265024026
280360990
501989756
501991183
501990916
501990780
501990882
501990348
498966827
498989744
501989037
501990670
501989107
501990651
501990427
501989447
501991119
501991379
501991371
501991267
501991165
501990338
501988980
499569420
501989368
501990602
501989229
501990075
501990332
501990242
501988825
501989884
501988967
501989123
501991544
501988382
501993281
501988112
501974252
501992242
501990816
501992233
501990377
501984833
501990725
501985027
501990459
501993041
501992077
501992702
501992580
475007228
311318087
501991951
501992135
501993438
501991752
501968149
501992733
501992597
501993263
501992989
501992706
501802607
501991454
501992953
501931036
501993169
501991834
501992964
501993371
501992499
501993366
501993280
501993197
501992065
501992651
501992744
501992437
501991970
501988880
501992590
501991923
501992489
501992172
501992713
501992845
501991928
501991801
501992981
501995169
501994343
501994172
501994565
501994317
501993078
501995018
499082584
501994435
501732477
501994452
501992700
501995304
501993702
501994595
501993562
499064871
501995341
501993788
501995331
501993799
501994340
501995366
501994143
501994167
501994493
501994268
501994676
501993882
501994390
501993996
501993870
501993652
501994115
501994562
501994808
501995484
501994678
501995193
501994483
501994876
501994030
501994443
501994359
493841184
501994152
501994627
501993502
501993873
501994181
501993651
501993804
501990518
501983505
501997071
501986973
501995974
501996089
501997749
487052401
501997268
501997721
501995879
501997099
501991953
501997239
501997174
501997551
501996517
501997628
329877953
501997685
501997612
501997552
501997416
501997305
340507946
302304834
501997161
501996146
501995822
501997725
501995682
501996234
501986940
501997724
501995789
501996440
501997773
501997544
501995953
501995939
501997450
501997425
501996673
501997374
501997698
501997014
501997589
501996849
501996394
501996237
501996386
501996009
501996601
501996907
501995840
501996629
501995609
501996286
501996127
501996063
501995665
501995510
501999538
501998585
501997965
501971306
501992616
501966557
501999126
501993695
501998276
501999278
490249365
501996364
501886874
501978105
501999254
501997843
501998408
501998141
501998124
501998895
501998719
501998402
501999045
501998009
501998981
501998110
501997865
501998552
501992249
501998690
501999432
501999345
501999289
501999312
501999082
501998738
491980395
502003380
502003146
502003355
502002803
502002784
502002693
502003352
502001627
502002162
502002280
502002824
502003290
501996420
502002045
502000464
501999864
502003253
502000861
501998792
502002546
502002413
502000517
502001576
502002986
502002114
502001934
502000764
502000751
502002344
502002408
502001738
502000493
501999855
502003046
502002738
502002812
502002530
502002269
502003018
502002370
502000392
502000857
502000400
502003248
501999974
502000991
502001131
502001680
502001104
502002490
502003159
502000643
502002805
502000507
501999981
502003108
502003204
501999662
502002882
502000911
502000312
502002197
502001397
502000555
502002400
502001862
502000742
501999596
502000467
502000917
502000546
502000077
502000000
502000126
502004321
502003910
502003915
502003828
502004276
502003561
502003541
502002195
502003560
502003749
502004073
322887968
502003836
502004308
502003960
502003446
501952398
502004430
501857439
502005546
501987077
502005531
502002021
501926052
502005505
502004687
301095108
502004648
502004874
502006299
502005808
502006024
502004823
502006506
502000603
502005666
501930733
502006090
306827193
502006660
502006462
502006355
502006195
502006633
502006330
502006184
502006367
502005948
502006082
501967684
501967374
502007281
502007278
502007093
502007250
502005787
502005194
502006888
502007193
501779852
501972045
502006779
496752043
502006796
502006705
502008251
502008375
502008283
502008180
501883664
502008221
502008099
502008051
500530240
502008450
499540520
501056032
501960741
501855108
502009174
502008823
502008901
502009090
502008751
502008849
502009404
331578791
502009674
475266749
502002381
502009570
501959753
502009798
501615609
502003549
502009981
499051176
501960415
502010200
501971672
479931307
501992992
502010304
502010303
501948329
501974410
486129427
502010460
335897230
502010414
502007856
501006460
502010577
501558548
502010561
502010557
502010550
501657297
502010522
498674432
481379667
493830636
501938006
496768670
501979818
495484487
502010839
501926010
502010835
495506921
502010790
501720620
501978524
502010963
502011032
502010958
502011215
502011265
502011181
496063402
502011174
502011406
502011456
501991404
502011472
502011437
502011315
496288264
502011434
502012302
502011681
501943715
502012084
495934707
487102659
485852186
502012179
496768157
502012049
496329570
502011606
502011773
502012524
502012353
502010249
496881209
501992623
502000677
502012655
502000499
502012518
502012367
502012653
502012490
502013242
501979474
502013121
502013384
481844400
502012800
501558339
501838186
502013143
502013272
291950617
502013020
496509997
502013277
502013186
502013096
502012984
502012950
336942941
502014570
502014386
502014084
502013881
502014141
502014679
502014710
502014180
502014169
502013995
502015141
502014405
497472346
502011599
502015435
502014618
502013431
501765004
502015737
502013478
502002141
502014463
502012868
502013660
493496737
502004063
502015220
502014542
275928793
279586057
502015285
502014796
502014261
502014198
502014671
502013446
502015566
502015381
502015510
502015179
502014999
502015714
502015518
502015499
502015557
502015007
502016010
502016285
500996448
502016649
502015854
502003397
502017055
502016981
502015513
502016877
502014970
502016767
502015916
502016044
502016264
502015961
477552266
481639083
502016500
502015903
502016283
502016796
502016983
502016069
502016955
502016867
502017033
502016944
502016891
502016667
502015934
502015869
502016828
502016756
502016093
502016164
502015927
502016059
502017542
502004846
502017506
502018354
502018350
502018047
502018196
502017816
502017248
502014549
502015093
502017422
502018230
502017610
502017678
502018338
502017242
502017720
502018269
331366891
502017957
502018283
502018091
502017868
502017156
484896769
502017172
502018348
502018266
502017879
502017235
502017435
502017139
502017354
502019391
502019150
502018439
502017540
502018722
502018895
496586677
502014691
502019339
502019259
502018580
502018791
502018653
502019374
502019327
502018926
502017902
502019297
502019271
502018933
502019192
502019333
502018485
502019110
502019010
502018984
502019021
502018902
502018879
502020041
502018517
502014978
502019593
502019969
502020471
502019483
502020379
502020214
502020683
502020236
502020167
502019428
502020317
502020490
502019062
502020627
502019807
502020202
502019906
502020702
502020547
502020418
502020594
502020518
502020330
502020046
502019824
502020511
502020186
502019763
502020711
502019624
502019619
502020348
502019967
502020310
502019927
502021658
502021353
502021086
502020785
494517444
502018471
502021171
502020278
501989432
502021618
502021834
502020790
502021825
502021606
501985638
502021836
502021242
502021691
502021031
502020786
502022087
502021368
502021776
502022107
502021935
502021610
502021319
502021773
502021288
502020813
502020891
502021941
502023025
502016468
502023168
502023166
502022904
502022194
502022530
502021667
502022563
502023138
502022788
502021210
502022761
502016971
502023080
502021332
502022527
502023164
502022141
502022714
299512308
502022543
502022346
502022809
502022804
502022950
502022246
502022770
502022911
502022343
502022112
502022478
502022672
502022806
502022565
502022189
502022694
502022212
502022515
502024144
502024777
502021292
502023631
502024818
502023579
502023621
502024745
502023536
502024787
502023580
502022689
502023427
502023309
502024765
501948496
502024001
502023772
502023585
502023997
502023655
502024408
321771882
308424025
323532959
502023214
496700021
502023389
502024845
502023500
502023306
502024759
502023392
502024636
502024475
502023403
502024036
502023977
502024489
502024392
502023739
502023397
502023480
502023773
502024611
502026354
502023661
502020073
502025832
502026330
502026153
502025442
502026315
502026122
502025744
502024531
502025763
502025684
502020159
502025260
502025075
501991911
502025497
295141893
306093018
502025348
502026332
501984567
502025806
502025550
502025338
489417097
502026073
502025568
502025934
502025743
502026263
502025752
502025029
502025675
502025484
502025456
502025027
502026892
502027125
502027468
502023258
502022504
502024674
502026714
502026482
502027209
502025009
502026973
502027262
502026868
502027280
502026626
502027405
502027447
502026470
502026635
502026819
502027398
502027245
502027171
502026913
502027267
502027459
502026695
502027439
502026412
502026908
502026849
502027177
502026592
502026752
502026769
502026676
502026430
502028734
502028039
502028831
502028857
502028348
502028481
502028457
502029085
502028492
502027909
502028786
502028219
500813743
502024669
502026896
502023886
502028764
502028208
502027863
502029058
502027561
498363491
502028579
502028416
502028153
502028739
502027730
502028458
502028091
502027724
502028962
502028463
502028196
502021376
502028670
502027932
502028310
502027610
502028976
502028543
502027573
502028549
502028878
502027936
502028381
502027769
502027726
502028259
502030087
502029378
502025060
502030684
502030150
502028811
502029412
502030672
501998776
502028099
501972362
502029191
502028613
502030479
502027575
502030080
502029262
502030630
502027945
502014285
502029940
502030401
502029690
502029471
502029477
502030270
502030628
502029366
502029991
502029350
502029709
502028054
502030198
502030626
497368029
502028124
502030692
502030352
502029553
502029593
502030586
502029746
502030432
502029370
502029937
502030119
502029972
502030186
502032041
502031092
502029636
502032030
502031321
502030725
502031816
502030980
502030928
502029824
502031946
502032010
502031888
502031928
502028671
502031806
502022633
502031967
502031265
502018575
502032026
502031096
502031271
476087329
502031989
502031549
502031573
502031825
502031070
502031403
502031226
502031875
502031976
502031970
502031383
502030826
502031906
502031957
502031926
502030979
502031828
502031132
502031918
502032022
502031973
502031669
502031714
502030852
502030723
502031500
502031498
502031095
502031026
502030931
502031417
502026523
502033639
502032370
502032585
502033582
502033634
502032453
502033531
502032890
502032060
502033616
502032414
502026522
502033407
502033586
502027766
502032275
502033638
502032401
502032751
502033205
502032161
502033640
502033259
502033060
502032531
502032591
502033147
502033346
502032406
502032648
502033552
502033235
502032472
502032820
502034906
502034714
502030749
502033268
502034001
502033964
502034421
502029201
502033752
502034140
502034931
502034443
502035093
502034331
502035091
502032476
502032360
502034655
502035040
502034794
502034875
502034961
502026157
502035068
502034500
502035008
502034442
296978480
502034372
502034401
502034621
502034066
502034436
502034873
502034119
502034110
502034043
502035089
502034949
502034431
502034359
502033870
502034003
502034418
502034477
502034103
502035150
502035918
502036116
502033918
502035303
502033922
502036152
502035320
502032586
502035310
502035180
502034000
502035633
502036189
502035881
502035517
266238901
480443721
502036185
502035495
502035580
502035553
502035756
502036160
502035911
502035473
502035280
502033736
502036208
502035700
502035451
502035789
502035868
502035731
502035307
502037055
502037360
502036993
502038138
502038136
502035781
502038088
502038132
502037796
501991475
502037648
502036618
502037008
502037722
502038099
502038094
502036604
502033686
320175715
502036624
502036448
502036402
502037607
502037339
502037440
502033598
502036810
498505725
502037719
502037563
502037066
502037541
502037345
502036733
502037714
502036275
502037151
502037428
502037415
502037586
502037614
502036487
502037823
502037975
502037763
502036662
502037651
502037794
502036610
502037302
502036405
502037371
502036984
502037102
502039356
502039629
502039387
502036059
502039303
502039234
502038833
502038774
502037018
502038363
502038590
502034178
502038531
502039008
502038926
502038937
502039248
502038989
502038428
502039804
502037647
502038702
502038965
301535306
502039232
311197119
338978704
502039961
502039829
502039706
502039292
502039110
502039021
502039739
502038174
502038918
502039599
502038692
502039279
502039993
502038881
502039318
502038847
502038398
502039437
502038824
502039973
502039130
502039500
502039885
502039947
502038860
502039092
502039164
502039641
502039854
502039317
502039770
502039293
494943347
502039049
502039384
502039175
502038985
502038954
502038250
502038230
502041157
502041127
502028446
502040036
502041459
502041366
502039189
502041300
502040848
502036830
502029925
502041411
502040676
502038662
502037322
502040718
502034816
502041174
502040415
498124568
502040238
283043801
502040858
502041392
502041389
502040557
502041062
502040869
502040670
502041383
502040963
502040952
502021653
502040709
502040155
502041452
502040906
502041091
502040107
502041220
502040455
502041349
502041134
502041327
502041037
502041249
502040401
502040357
502040399
502041028
502042868
502037230
502042657
502042425
502042860
502041805
502039009
502042020
502041897
502015238
502042977
502038354
502041742
502042031
502042689
497442387
502042371
502042317
344431047
502041640
502041712
502042783
502042498
491984908
502042068
502042413
502041857
502041493
502041786
502042459
502042861
502042178
502041806
502042570
502042571
502041905
502042813
502041641
502041573
502042331
502041609
502042228
502041870
502041864
502042048
502043537
502043627
502044182
502044070
501998453
502043482
502044358
502044231
502043312
502044127
502044102
502043972
502041301
502044249
502044080
502042030
502042594
502025531
502042345
502043844
502043155
297169062
502043053
502043894
502042327
502044270
502043830
502042454
502044335
502044382
502043117
502043950
502044014
502044090
502043978
502043450
502043720
502043588
502043165
502045185
502044446
502045099
502042796
502046089
502044648
502044700
502045403
502044826
502041851
502044455
502044890
502037431
502044599
502043481
502042759
502045471
502045706
502045653
502045988
502045618
502045036
502045205
502044618
502045249
502045177
502044936
502045967
502045831
502044589
502045793
502044602
502045703
502044941
502045384
502044682
502044532
502045508
502045864
502044780
502045573
502046099
502045583
502044746
502045434
502045664
502044728
502045243
502045558
502044995
502045148
502044543
501411338
502045073
502044620
502044513
502046153
502047170
502047399
502045119
502047248
502046940
502046892
502047554
502047210
502047262
502047289
502047258
502047515
502046929
502046728
502042353
502045901
502047374
502047163
502041599
502045579
502047474
316080492
502047593
502047423
502047434
502047225
502046515
502047585
502047455
502046319
502047622
502046867
502046527
502046558
502047555
502047518
502047619
502047105
502046646
502047600
502047566
502046912
502046352
502046972
502047420
502047330
502046552
502047232
502046297
502046743
502046540
502046869
502048021
502048771
502038492
502047803
502047819
502035931
502048952
502048209
500386981
502046516
502048514
502048826
502046992
502048729
502048954
502046348
502048115
502048869
502047942
502048786
502047867
502048697
502048936
502048607
502048450
489194295
494531994
502047727
502049063
502048850
502047692
502048732
502047724
502048333
502048023
502048291
502047717
502049676
502050831
502051013
502050398
502041008
502049583
502043034
502049245
502050167
502050248
502049679
496455028
502050570
502046712
502047920
502050117
502028818
502050938
502050606
502050928
498059575
502050262
502050660
502050832
502051017
502050969
502049738
502050754
501964346
502049791
502049155
502050122
502050147
502050017
502049412
502050524
502049987
502050370
502049294
502050921
502050509
502049775
502049415
502050460
502049475
502049402
502052267
502052749
502052461
502051408
502052738
502051596
502046648
502050090
502052719
502050895
502052509
502052363
502052710
502052370
502051890
502052679
502052668
502052598
502051923
502052573
502052496
502051290
502051980
502052322
502051096
502050568
502052569
502051315
502052453
502051703
502051043
480838468
502052101
502052692
502052293
502052169
502051254
502051566
502051410
502053541
502053120
502054033
502053744
502048137
502052956
502052981
501963824
502053223
502047726
502044443
502053944
502053521
499137098
502053515
502052780
502052563
501982498
502053912
502053522
502052814
502053759
502053960
502053401
502054036
502052959
502053981
502053795
502053469
502054841
502055378
502054716
502045511
502055322
502055032
502055328
502055459
502054505
502054593
502029536
502054296
502053034
502028173
502037236
502053274
502054510
502055260
502036597
502055361
502050845
502055381
502055116
502055626
502054768
502055441
502054104
473633760
502054159
502054754
502054507
502055498
502055250
502054741
502054638
502054655
502054865
502055689
502055676
502055284
502054146
502054989
502054644
502054566
502054307
502054382
502056593
502055900
502057241
502057445
502056666
502056492
502054952
502057727
502057510
502057721
502057718
502053118
502034730
502057498
502057681
502054442
502057056
502056608
502057556
502057298
502055947
502056718
502055813
502055794
502057028
502056074
502057527
502057406
502056533
502056299
502057336
502057331
502055810
502057680
502057673
502056243
502056091
502057183
502057171
502057034
502055850
502057677
502057384
502057666
502057632
502056424
502057093
502057369
502057290
502057073
502057069
502057185
502056994
502057067
502056940
502056162
502055837
502056740
502056235
502056352
502059237
502059662
502059658
502057128
502058993
502058708
502058263
502059331
502059052
502059374
502058630
502059632
502055588
502058944
502057800
502058557
502059415
502058176
502059155
502058568
304832921
502059595
495780548
502058308
502059327
502059110
486063566
502058674
334472341
502057872
502057969
502058850
502057954
502059601
502059091
502059582
502059220
502059573
502059063
502058769
502059135
502059073
502059012
502058556
502058326
502060982
502059732
502049429
502060180
502060233
502060594
502060279
502060826
502060156
502060106
502060916
502060965
502059926
502056335
502060868
502059986
502060027
502060744
502060586
502061003
502060638
502060113
502060895
328839799
502060263
502060260
502060867
502060147
502060352
481071231
502060892
502060465
496690889
502060915
502059964
502060125
502060275
502061339
502062414
502057130
502062228
502062283
502060539
502061404
502062216
502062403
502060865
502051948
502061368
502061950
502061707
502053163
498148513
502061891
502061212
502062226
502061478
502062372
502059900
502061914
502059918
502058651
502062304
502062218
337786585
502062179
502061834
502061674
502061525
502061491
309067972
502061079
502061180
502061172
502062285
502062217
502061705
502061249
502062365
502061047
502061357
502062256
502061084
502061108
502062040
502061510
502061377
502061052
502061152
502064066
502063402
502063287
502063264
502063840
502064040
502063182
502063669
502063800
502061665
502058008
482228847
502061666
502063290
502063421
340312701
502062702
330347030
502062578
502063085
502062666
502062442
502063625
502062922
502063393
502063757
502063237
502064028
502063747
502062680
502063310
502065732
502064916
502066109
502065104
502065388
502064650
502063735
502066194
502065580
502064259
502064539
502063051
502065637
502062889
502065151
502065320
502061866
502063924
502065933
502063742
502065110
502064737
502064712
502066028
502065372
502065139
502065833
502064820
502065936
502064907
502065917
502065701
502062628
502061860
502061371
336326410
502066063
502065700
502064457
502065957
502065319
496789438
502064300
502064142
502066136
502066046
502065147
502065904
502066414
502066358
502065723
502064740
502065260
502065102
502065036
502065048
502064962
502064097
502066609
502064295
502067725
502068934
502068933
502067989
502061262
501216930
502068819
502028978
502068023
502066694
502067509
502066703
502067003
502068793
502066752
502068915
502059130
502068760
502063580
502065946
502068561
502064607
502067594
502068150
502068858
502068372
502067496
502067247
502068381
502068357
502066824
502066578
502066894
502068327
502067277
485408195
502067586
502067179
502066728
502067706
502068920
502068245
502067963
502067992
502067998
502068164
502067664
502065788
502067473
502068253
502068566
502067791
502067360
502068512
502068491
502067530
502067087
502067942
502067244
502067314
502066989
502070755
502070369
502062534
502069787
502070774
502069930
502069523
502070384
502068962
502064972
502070759
502070349
502067273
501217029
502070750
502070229
502070083
502070650
502069455
502069365
502068709
502068969
502070649
502070385
502067072
502067016
502070527
502058465
502070646
502069038
502069595
502069502
502067144
502069941
502067402
502069962
502070266
502069123
502069031
502069462
502068968
502070256
502069510
502069950
502069885
502070408
502070156
502070240
502070014
502069987
502070416
502069307
502070612
502069957
502070242
502070020
502070078
502071247
502033048
502072747
502071125
502073165
502072809
502072807
502072588
502073180
502072631
502072615
502073242
502073210
502071460
502073213
502071110
502072980
502067412
502073208
502073202
502069363
502073188
502072967
502071744
502070655
502072897
502071810
502073164
502073245
502071209
502073225
502072928
502071782
502073143
502071324
502071313
502073016
502073146
502071200
502072006
502071026
502071102
502070815
502073124
502071874
502072632
502071001
489516077
502071325
502072471
502071774
502072847
502072841
502071619
502071713
502071850
502072717
502072911
502070941
502072675
502071060
502072035
502071928
502071569
502072561
502071483
502071279
502071029
502072304
502072080
502071906
502071910
502071754
502071366
502071194
502075838
502075706
502076127
502075225
502076125
502075726
502074713
502075447
502075278
502075828
502075909
502075148
502075233
502074870
502075524
502075325
502075250
502076100
502074896
502074462
502075569
502074485
502073816
502075028
502075234
502076079
502074704
502074569
502075605
502075674
502076030
502074952
502061554
502075496
502075365
502075077
502075156
502075326
502075167
502073262
502074083
502075680
502074602
502073539
502074541
502075139
502076121
502075810
502074656
502073274
502075794
502074291
502074145
502074812
502073987
502075545
502074110
502076132
502075862
502076020
502074795
502074925
502075991
502075267
502074382
502074326
502073455
502073910
502074138
502078283
502076636
502076597
502078488
502078405
502078218
502076914
502075514
502078441
502077801
502078403
502077823
502077626
502076950
502071994
502077397
502078499
502077091
502076665
502077566
502077470
502076401
502077731
501299301
502077768
502077003
502074385
502078184
502077791
502078680
502077753
502077733
502078429
502076619
502076938
502078476
502078667
502077070
502078506
502076734
502077818
502077629
502078495
502077088
502076678
502078639
502076841
502077932
502076555
502076790
502076547
502077223
502077407
502078102
502077870
501605844
502078535
502076219
502077655
502076583
502077033
502077909
502078044
502076720
502076634
502078358
502078327
502077452
502077004
502077713
502078500
502076249
502078453
502078170
502077763
502077592
501005609
502081601
502080692
502082167
502082037
502081390
502079923
502078793
502082113
502081399
502081251
502081200
502082477
502082179
502081424
502077502
502077065
502080803
502079601
502082172
502081641
502079990
502076303
502082418
502082501
502081253
502077914
502077604
502082495
502082492
502082324
502078783
502082491
502081544
502082207
502080335
502080628
502078881
502082010
502079229
502080905
502079180
502079975
502082506
502082030
502081953
502079854
502079164
502082260
502080552
502080270
502081476
502080510
501893836
502080999
502081672
498437501
502079215
502080745
331983831
502079691
502082493
502078887
502079506
502082354
502081864
502080072
502081127
502078760
502079213
502079788
502078736
502080881
502079439
502079314
502082025
502080203
502081622
502080570
502081174
502080391
502080211
502079961
502079531
502078925
502078611
502075338
502055197
502083344
502082350
502081789
502084164
502085101
502084188
502083986
502085022
502080872
502069295
502083972
502083909
502062567
502075766
502084846
502084098
502079475
502074070
502083430
502081654
502058492
502084988
502083872
502083670
502081860
502084885
502083828
502083733
497418637
502079795
502082773
502085069
502084591
502083546
502084777
502084557
502084670
502084473
502084306
502082973
502084174
502083664
502082685
502083556
502083795
502082953
502084186
502085061
502084902
497723680
502082774
502083001
502084711
502083600
502084919
502084623
502083855
502084887
502082715
502083629
502083394
501306566
502083518
502084947
502084355
502088333
502088769
502088988
502088630
502087878
502086860
502089169
502087735
502089072
502087711
502089165
502088196
502073094
502088591
502079221
502088663
502083712
502080449
502088441
502087691
502083685
502088518
502088751
502087910
502087482
502086737
502089131
502085224
502083237
502089124
502068685
502080537
502086061
502085958
502086668
502087678
502088169
502088426
502086763
502088655
502089167
502085679
502087439
502089138
502088560
502085126
502088545
502085736
502086025
502088574
324896073
502087704
502085375
502086566
502086202
502086276
502087186
502088908
502086099
502084162
502087424
502086906
502086275
502088405
502088025
502088085
502085120
502088569
502088672
502088297
502088599
502087523
502087088
502087716
502085776
502086570
502086515
502085624
502089479
502088658
502087031
502089822
502089288
502089111
502085210
502088774
502085607
502088244
502080816
502089559
502083215
502089628
502087921
502089108
502089671
502088559
502089532
502088302
502071035
502074526
499075454
502089585
502089509
502089384
502089207
502089523
502089592
502089451
502086029
502091779
502090381
502089970
502086358
502091328
502090746
502090690
502085697
502090627
502090334
502091664
502091747
491966524
502090367
502091424
502091340
502090800
502083338
502091422
502084423
502091522
502087222
502090837
502091273
502082742
502090441
502090925
502090398
502090126
502091421
502090090
502091630
502090585
502090782
502090967
502090169
502090808
502091560
502089998
502091391
502090843
502090123
502091373
502089919
502088434
502091748
502090992
502090804
502090166
502090058
502092107
502093312
502092372
502086366
502091041
502090982
502089930
502090819
502090634
502091109
502092035
502092484
502092002
502082728
502092775
502091790
502091363
502083693
502092932
502093424
502093326
502092056
502082924
501623944
502093642
502092098
502093591
502091962
502086179
502093635
502092800
502090321
502093002
502092860
502092779
502092561
311593043
502093489
502092500
502092905
502092472
502093430
502092613
502092305
502092521
502092419
502092785
502093341
502092986
502093334
502093190
502093019
502091907
502095190
502094350
502094138
502094977
502091968
502094166
502094975
502088306
502062638
502094913
502091811
502095157
502027657
502095063
502094124
502093973
502089958
502084040
502094093
502094463
502094356
500038503
502094149
502094521
502094074
502094569
502094318
502094242
502096374
502074941
502058924
502096371
502095890
502096369
502096150
502079486
502094196
502096343
502096044
502095885
502096318
502088537
502081890
502095342
502081276
502096054
502096209
502095713
502096031
502086003
502095298
502096255
496977443
493590970
502095935
502095811
502095226
502095807
502095210
502096288
502096094
502095437
502096003
502082865
502080511
502094803
502080298
502096480
502097312
502097217
502097263
502096621
502096723
502096487
502097212
502096494
502093688
502096784
502086747
502096198
502095584
502075482
502096727
488397856
502097006
502092674
502097348
502097238
495837359
502097054
502096587
502097223
502097060
502096575
502096627
502096663
502097047
502096554
502097013
502096666
502097824
502096492
501957129
502085769
502097751
502097278
502098054
502097473
502097573
502092303
474533058
502097882
344393420
502097373
502089655
502097666
502098603
502098383
502085810
502095399
502098271
502098484
502096121
502098095
502098516
502098583
502098581
502098586
502098495
502098489
502091094
502098243
502099096
502029667
502096453
502099086
493615680
502077745
502080780
502098117
501995079
502094987
502092206
502099050
502098743
502099104
502098967
502099454
502099456
502078653
502099645
502079086
502085332
502099137
502093853
502099611
502074302
315662699
502099966
502099757
502099912
502076205
502099761
502099871
502086873
502099666
502093776
502084872
502084582
326410359
502100197
502095222
502097498
502100190
502085245
502044876
502099661
336086071
502086491
502100110
502100118
502050697
502027138
502100039
502076512
502100284
501981124
502098783
502100237
502076241
502100337
502080351
502100252
494670818
502100272
502100501
502056903
324609266
502092801
502100389
496361289
502100630
502096455
502079126
501846080
502100589
502097693
502084951
502100561
502100508
487364634
502100646
502100719
502100699
502099815
502100712
502077084
502084353
502076709
502080154
502083050
502073575
502100849
501873641
502034909
502100855
498795413
502100863
502100887
502100977
502100915
502077950
502075174
501344452
501583708
502073038
502074030
502101067
502101066
502101114
501989095
502101239
502101151
340673772
502094309
502072388
502090406
502101149
502074306
502099253
502055790
502101391
502083765
502101476
501624128
502101689
502095798
474640530
502101679
307691738
352576827
502101662
502094683
502029330
502101934
343135647
502101902
502101768
502101881
502101909
502101921
502062853
499673626
502084490
502050145
502095862
502096715
501967521
494987222
502102208
304004217
502102063
502101980
502101953
499412459
502102559
484371579
502102582
502098798
502074719
502101625
502102316
502102347
484578897
499408763
502101974
474197780
502102397
502102024
502087853
502102962
489789371
502093348
498837282
502102627
502019598
502071818
502102677
502102635
502103172
502103293
502051040
502086628
502077525
502092430
502067014
502103049
502103222
502103339
502103249
502103139
502103831
502103625
502104291
502104310
502104348
502103926
502104021
502103200
502103602
502103654
502103882
502103647
502103745
502103641
502103440
502078244
502104437
502104073
502104416
502103777
502103950
502086518
502103621
502103742
502103856
502103537
502103469
502103984
502103946
502103696
502105510
502105445
502105287
502104882
502104594
502104865
502105255
502104839
502105348
502105196
502103783
502096431
502094762
502104715
502104830
502105372
502105506
502104710
502105365
502105065
502104991
502104611
502105537
502105310
502105246
502105038
499508678
502105097
502104999
502104924
502105064
502104492
502105543
502104911
502105048
502106545
502106109
502106059
502106267
502104663
502106628
502106528
502104349
502106615
502106613
502106122
502104840
502105885
502106437
502106173
502103714
502106303
502106428
502105879
502105785
502106005
502106285
502106168
502105655
502105960
502106323
502105871
502107664
502076988
502107757
502078733
502107754
502105733
502106116
502106802
502106512
502106468
502106128
502105972
502107742
502107279
502105792
502102802
502107671
502106933
502107165
502107586
502107236
502106808
344157815
502107308
499504486
502106918
502107399
502107595
502107362
502107269
502106869
502107389
502109854
502109072
502108398
502109414
502109967
502109841
502106661
502108432
502110057
484678290
502108883
502109852
502109782
502109548
502110053
502109648
502108347
502110050
502110049
502090483
502110037
502110036
502107694
502109503
502108881
502108847
502107651
502109920
502109601
502110032
502073437
502109088
502108142
502107968
502109910
502109018
502109206
311658567
496763009
502109440
502108813
493123295
502108822
502109406
502109220
502109439
502108649
502108840
502109227
502108584
502108405
325744894
295888552
490699720
502109745
502109616
502108240
502109994
502107928
502108221
502109410
502109590
502109317
502108354
502109341
502109631
502109413
502108495
502108470
502111244
502103535
502111226
502110926
502108001
502111378
502110219
502111187
502110872
502110477
502110173
502110938
502110908
502110642
502108429
502108435
502109791
502109713
502111281
502110653
502110431
502111181
290954417
494650597
502110289
502110913
502110945
502111255
502111011
502110869
502110433
502110231
502111065
502110673
502110239
502111265
502110573
502110238
502110447
502108116
502112558
502112621
502112174
502111587
502096549
502111060
502112150
502112238
502111910
502089586
502111715
502112663
502111900
502111534
502110912
502108763
502085940
329978313
502112127
502111752
502112764
502112191
502112573
502112437
502111581
502111690
502105650
502111591
498805641
502111845
502111425
502112614
502112289
502112262
502112408
502111998
502112693
502112429
502111855
502112565
502111809
502112713
502112144
502112668
502112176
502112149
502112443
502111395
502111981
502111673
502112151
502112000
502112027
502111883
502112971
502113989
502113538
502113463
502111641
502110448
502114107
502113982
501538367
502111106
502113021
502113422
502112783
502106469
502114085
502113862
502112959
502114075
502112939
502112863
502114115
502113952
502113874
502113843
502113196
502113788
321595093
265987090
305614930
476822284
502113327
502113438
502113046
502114130
502113939
502114073
502113627
502113561
502114041
502114086
502113854
502113265
502113185
502113509
502113691
502113909
502113151
502113277
502113514
502113445
502115271
502113772
502113732
502113575
502115754
502115749
502115367
502115392
502115124
502113623
502115364
502115597
502109173
502112517
502114653
502115535
502115307
502114010
502114614
502115446
502115419
324167422
502115370
502115204
502114907
502115748
502114866
502114582
502115149
502114760
502115033
502115213
502114827
502114388
502114791
502114347
502114232
502115270
502115296
502115756
502115755
502115656
502115300
502114850
502115380
502115685
502115266
502114447
502115150
502115390
502115158
502114422
502115193
502115436
502114873
502114480
502114718
502114419
502114636
502114396
502114717
502114543
502114511
502117078
502116902
502084420
502109927
502083113
502115450
502116720
496901121
501954181
502117051
502116413
502116157
502116676
502116242
502115430
502115868
502116291
502117030
502117028
502107534
502117012
502116953
502117038
502116678
340659875
502116547
502115939
502116068
502116610
502116966
502116132
502117060
502117001
502116946
502116506
502116683
502117075
502116691
502116991
502116839
502114649
502116253
502116626
502116266
502116539
502116447
502116045
502116481
502116558
502115998
502115990
502117977
502117195
502117566
502081993
502117594
502117593
502117449
502117395
502117966
502117813
502114310
502118110
502074201
502118103
502116788
502117079
502117728
502118062
502114555
502117000
502117315
502117380
502116668
502117994
502117718
502117448
502117927
502117807
502117491
502118058
502117322
502117117
502117839
502117281
502117666
502117539
502118272
502118461
502119136
502119011
502112662
502118613
502117309
501488875
502119418
502119667
502118668
502119658
502119548
502116228
502118725
502118568
502119370
502118938
502105380
502119565
502119457
502118260
502119593
502119000
502119502
502118593
502118426
502118854
502118905
502119116
502119281
502119148
502118334
502118857
502118427
480879690
497602092
502118509
502118582
502118250
502118228
502119414
502119044
502118229
502118443
502118200
502119693
502119263
502119660
502119250
502118873
502119021
502118778
502119484
502119066
502118856
502118285
502118653
502114104
502121349
502121276
502119994
502117538
502121127
502121113
502121286
502119775
501534053
502120510
502077998
502120681
502119791
502121160
502121320
502120133
502120911
502118823
502119191
502120947
502120526
502120405
502121296
502118744
502120792
502120832
502121347
502120028
502120704
502120902
502121173
502119120
502120812
502121263
502121028
502119763
502120356
502120229
502119831
502120055
502121219
502119389
502120527
502121012
502120469
502121033
502119339
502120913
502119985
496852033
502121051
502121275
502119799
502120332
502121288
502121102
502120872
502120876
502120984
502120871
502120132
502120259
502120597
502120537
502120085
502120493
502120392
502120171
502117635
502122113
502118336
502121733
502121951
502117710
502122351
502121482
502120012
502121760
502121974
502121474
502122216
502121790
502120618
502122196
502117671
502121691
502121434
502121666
502121527
502122001
502121676
502122200
502121976
502121763
502121983
502121841
502121611
502122301
496486399
502122240
502122079
502122070
502121978
502121699
502121585
502122199
502122098
502121637
502122217
502122264
502121990
502121769
502121557
502121808
502121554
502123811
502123435
502122832
502123722
502123785
502123800
502122634
502123713
502123031
502123417
502122524
502123296
502123780
475410478
341172877
502120431
502123732
502123160
502120936
502123657
502122521
502116811
502123746
490030452
502123179
502123491
502123024
502123611
502123131
475625927
502123568
502122906
502122520
502123582
502123709
502123776
502123115
502123101
502122858
502123784
502123323
502122948
502122666
502123740
502122597
502123458
502123081
502122795
502123757
502123652
502123810
502123526
502122488
502123205
502123155
502123778
502123706
502123670
502122870
502123230
502122389
502122508
502122816
502122682
502124247
502122434
502124821
502124642
502124266
502103952
502124990
502122280
502125056
502073053
502124400
502123163
502117677
502124072
502125218
502125214
502124880
502121609
502124901
502124375
502124481
502125138
502124202
502124854
502125171
502124411
502124674
502123924
502124176
502124227
502125077
502124859
502124732
502125124
502124954
502124068
502124038
502125006
502124654
502124384
502123900
502124744
502124634
474491540
502124058
502125221
502125253
485356080
502125211
502125209
502125101
502124783
502124679
502124533
502124714
502124349
502124035
502123968
502123869
502124048
502126080
502122628
502126323
502125674
502126181
502124462
502125933
502119853
502125375
502125680
502124236
502126261
502123689
502123338
502125771
502120516
502110329
502123821
502125530
502126233
502125161
502125976
502126096
502125373
502126125
502125724
502125787
502125272
502126194
502125585
498830028
502124895
502125556
502126095
502125290
502126334
502126247
502125919
502126116
502125791
502125386
502125410
502127613
502127318
502126506
502125994
502126600
502109164
502127065
502127778
502126866
502126129
502124407
501591569
502127718
502127754
502127761
502127787
502128058
502128057
502119273
502126827
502127579
498298219
502042733
502126608
502127320
502127965
502126705
502127402
502127488
502126916
502127366
502127992
502127375
502127732
502126822
502126700
502127738
501606440
502127049
502127428
502126761
502127453
502127946
502126781
502127454
502127180
502127699
502128105
502127782
502127808
502127325
502129600
502129841
502121984
502129094
502129915
502129821
502128124
502110944
502128152
502122999
502118578
502107532
502127791
502123035
502113315
502128979
502129525
502127054
502121011
502129538
502128629
502128494
502129005
489422989
335062714
502129384
502129437
502128313
502129040
502129382
502129656
502128504
502129362
502128682
502129900
502129886
502128409
502127681
502129671
502129092
502128376
502129704
502129564
502129830
502129822
502128816
502128529
502129696
502129353
502128804
502129421
502129182
502129501
502128862
502128272
502128502
502128216
502131003
502130557
502130706
502130260
502130258
502130209
502130940
502130534
502130207
502129948
502130851
502130282
502130641
502130881
502130867
502126868
502129978
502130185
502121751
502132643
501990496
502132531
502132037
502130758
502132086
502132552
502074239
502129381
502132330
502132399
502129989
502131942
502128490
502132462
502129629
502131195
502132610
502130348
502130799
502131963
502131856
502131321
502131710
502131301
502132127
502132463
502131975
502132376
502132239
502132182
502131907
502131840
502132432
502132132
502132536
502131984
502132467
502131209
502132014
502131374
502132045
502132066
502131383
502131617
502131216
502134114
502133594
502133738
502055030
502134019
502133378
502134079
502131094
502132918
502124217
502133261
502113972
502132790
502134038
502133741
502133747
502133962
502133768
502131470
502133877
502132702
502133976
502133867
475127363
502132706
502133023
502133479
502134051
502133642
502132967
502133795
502133722
502133588
502133715
502132814
502133524
502134118
502133819
502133509
502134089
502133098
502132774
502133370
502132821
502132944
502133265
502133633
502132728
502132732
502133734
502134232
502116210
502134380
502133069
502126072
502132065
502132615
502135179
502134671
502135117
502135113
502135168
502135165
502135162
502135152
502135144
502131105
502108230
502121085
502134628
502134867
502135163
502134212
502134726
502134425
502134754
502134478
502135210
502134413
502134840
502134495
502135120
502135053
502134548
502134443
502134461
502136836
502136835
502135695
502136300
502136827
502131666
325999159
502136824
502096786
502135606
502136809
502120759
502135939
502135646
502136642
502136420
502136197
502129527
502063268
502136746
502133787
502136737
502136409
502136719
306930677
502136166
502136754
502136218
502136538
502136714
502136572
502136424
502135797
502135560
502135586
502136762
502135897
502136109
502135792
502135476
502135760
502136286
502136604
502136249
502136480
502136094
480192692
502135601
502135365
502135848
502136397
502136292
502136535
502136335
502136090
502135704
502135819
502135713
502135553
502135518
502138085
502137694
502137890
502138260
502135529
502132128
502129119
502137639
502138187
502137270
502138098
502137732
502136360
502136194
502137918
502136848
501793509
502129258
502137189
502137966
502136925
502137591
502138017
502137929
502137820
502138321
502138309
502136975
502137108
502136850
502137508
341896425
502137091
502136902
502138235
502136875
502138037
502137373
502137872
502137633
502062903
502138282
502137265
502138230
502137471
502137407
502137512
502137214
502137383
502137310
502137328
502130240
502137179
502138065
502139565
502138551
502139690
502138892
502138442
502139680
502136873
485258069
502139203
502137558
502135703
501578741
502139508
502139370
290192564
502138782
502138990
502138701
502139736
502138567
502139678
502139654
502139462
502139439
502139072
502138743
502139584
502138370
502139587
502139237
502139689
502139159
502139470
502138744
502139253
502139207
502139368
502138344
502139305
502139185
502138476
502138772
502138780
502138546
502138397
502141011
502140876
502139215
502140303
502140676
502139997
502141020
502140095
502140003
502141015
502140447
502139387
502136893
502112805
502117314
502131364
502139784
502140783
502139809
495824791
502140584
502140649
502141113
502140255
502140666
502140563
502140466
502140978
502140858
502139938
502140260
502140823
502140560
502140549
502141108
502141100
502139757
502140949
502140730
502140327
502140700
502140740
502140274
502140679
502140036
502140389
502140034
502140207
502140063
502141668
502142543
502142349
502116012
502142779
502141160
502136282
502140082
502142388
502140821
502141929
502134770
502141868
502134619
502138038
502141369
502141169
502141315
265045663
502142485
502142035
502141671
502141296
502141499
502141763
502141719
502141190
502141565
502141613
502141307
502141159
502141685
491876287
502141830
502141835
502141968
502141205
502142311
502141402
502141329
502143053
502143146
502142916
502144267
502143709
502143271
502143766
502143761
502140185
502144189
502144142
502143821
502143785
502143916
502143789
502143571
502142826
502139953
502143575
335679585
502143730
502144120
502143111
502144097
502143943
502143083
502143740
502143539
502142867
502143048
502143803
502143342
502142892
502144228
502143974
502144128
502143251
502144255
502143275
502143954
502143829
502143278
502143076
502145188
502145156
502144299
502144467
502134917
502144721
502144487
502144932
502143678
502135427
502144006
502129420
502132865
502145195
502140059
502140814
502144446
502144316
502144307
502144302
502144771
502144390
502144423
502145031
502144399
502145015
502144333
502144605
502144972
502144992
502144987
502144700
502144380
502144391
502146889
502145919
502145954
502145299
502071004
502147009
502143435
502147003
502146993
502139125
502146161
502146777
502145685
502145994
502146274
502146471
334839765
502146938
502145369
502145967
502145837
502146364
502145291
502146527
502146293
502146440
502146840
502146801
502145762
502143109
502146167
502145976
502145881
502145918
502146731
502145563
502145478
502145677
502148533
502147536
502148393
502148482
502148242
502143732
502148501
502123723
502133096
502148444
502127087
502148427
502147593
502141171
502147106
502147810
502148391
502148071
502148282
502148050
502148406
502148413
502148174
502148360
502148463
502147903
502147801
502147118
502147561
502149797
502149987
502148584
502143039
502149963
502149952
502149943
502149712
502149541
502148617
502147982
502149102
502149918
502149146
502139856
502130976
502149280
502147421
502149665
502149458
502149955
502149107
502148569
502149656
502149380
502149721
502149445
502149062
502148988
502149864
502149518
502148788
502149683
502149859
502149964
502149833
502148891
502149649
502149624
502149504
502148712
502150828
502150993
502150511
502150782
502150525
502151186
502150958
502151071
502149248
502147757
502148318
501985548
502106105
502124926
502150481
493009335
502150676
502151215
502150832
502150306
502151187
502150877
502150145
502150883
502150762
502150126
502150182
502150093
502150497
502150866
502150205
502150600
502150075
502150738
502150531
502150638
502151150
502150404
502150149
502150830
502150837
502150293
502152377
502152297
502151542
485116581
502151567
502151966
502152716
502152796
502148603
502152453
502083463
501971280
502152557
502152468
498198403
502152639
502152227
502152474
502152350
502152478
502152198
502152276
502151318
502152329
502151853
502152486
502152134
502151479
502151988
502152296
493260319
502152158
502151872
502152795
502151302
502151673
502152556
502151748
502145469
502153872
502153639
502152914
502150589
502153593
502154432
502154425
502152346
502154258
502153512
502149346
502151580
502152194
502154094
502151706
502153344
502140727
502153719
502153793
502152999
502153018
502153798
502153410
502153322
502153030
502154181
502153551
502152874
502154378
502153884
502153966
502153804
502153534
502153454
502152842
502152665
502155583
502155382
502155304
502155430
502121484
502155362
502152890
502155417
502155171
501969198
502154566
502150797
502154769
502155527
502154924
502155326
502155608
502154550
502155061
502155546
502155560
502155585
502155368
502155019
502157187
502154541
502157636
502157176
502156060
502155024
502157337
502157368
502151812
502155956
502157510
502157339
502155808
502157396
501717028
502154868
502155108
502156800
502157541
502157505
502156145
502157723
502156879
502157309
502156666
502155723
502156967
502157659
502157635
502157533
502157516
502157394
502156184
502157669
502157671
502157317
502156133
502155896
502157663
502157581
502156984
502157093
502157627
502156769
502157049
502157532
502156818
502156354
502157237
502156370
502156472
502156828
502156649
502156023
502156400
502155981
502159379
502159488
502159270
502159649
502159994
502158307
487874090
502158994
502157962
502159760
502156391
502106208
502159914
502151025
502158956
502159380
502158434
502159360
502158727
502157982
502159741
502157781
502158092
502158074
502158703
502159796
502159552
502158295
502160012
502158639
502159315
502159786
502158874
502159851
502158716
502159620
502159597
502159077
502159265
502159410
502159617
502159081
502159188
502159334
502157930
502158039
502158329
502158925
502157912
502158927
502158947
502158635
502158735
502158590
502158152
502158332
502158343
502158360
502156880
502161233
502161567
502160749
502160172
502161232
502161498
502159176
502161400
502161461
502158246
502160851
502159540
502160046
502160861
502160652
502154325
502156374
502148804
502160431
502160698
502158393
502154964
502156921
502134742
303769939
502160114
502161483
502160812
502161234
502161116
502161042
502161332
502160987
502161075
502161524
502161285
502160053
502161054
502160970
502161509
502160139
502160271
502161087
502160032
502160642
502160374
502160619
502160798
502160497
502160495
502160662
502160304
502160435
502160311
502160077
502146582
502162647
502162042
502163578
502162373
502162250
502163400
502161607
502157874
502161982
502161050
502161896
502161388
502054224
502162397
502161893
502144629
502161610
502162090
502163095
502161642
502162392
502162450
502162786
502161734
502163048
502162666
502162366
502162564
502161703
502163280
502162414
502163003
502163063
502163168
502163149
502163180
502162559
502162723
502162441
502162703
502162722
502162957
502162262
502157780
502162676
502162524
502162054
502161665
502161631
502161799
502161910
502161757
502161747
502162799
502164842
502159016
502165301
502164980
502161867
502150164
502160600
502150208
502164841
502155534
502001414
502165278
502163914
502160430
501864141
502163671
502165052
502165293
502164403
502164050
472856259
502164364
502165342
502165043
502165054
502163950
502163943
495995939
502163611
501608015
502163922
502165211
502164619
502164581
502164686
502165280
502164794
502164882
502164629
502165033
502164991
502165017
502165018
502164568
502164885
502164828
502164205
502164870
502164732
502164703
502164334
502164538
502164379
502163880
502165763
502165846
502166675
502166147
502118871
502164844
502166739
502165471
502164151
502155754
502120080
502166702
502163894
502165482
502166659
502152220
494823264
313048143
502166332
502166533
502165549
502166276
502165934
502165966
502166359
502166176
488115046
502166581
502166768
502166476
502165666
502166730
502166003
502166588
502166027
502168266
502160439
502167802
502167733
502167258
502168164
502168347
502160116
502166198
502167186
502037328
502168323
502168119
502167195
502105010
502167234
502166728
502168263
502167702
502167437
502166897
502168308
502167746
502167374
502166888
502168209
502168274
502167984
502166804
502166908
502158539
502167626
502166906
502169686
502169009
502170096
502170170
502168530
502168544
502165528
502169736
502168917
502169904
502168843
502170128
502170102
502169141
502169719
502167694
502167029
502169908
502166365
502169989
502169675
502168742
502169224
502158340
502168884
502168626
502169260
502169247
502170153
475750204
502169416
502169266
502170211
502170178
502170172
502169422
502168976
502170141
502169735
502169974
502169857
502168611
502169811
502169666
502169745
502168664
502169362
502169529
502169145
502168751
502162617
502170994
492287945
502164114
502171103
502171373
502170413
502171813
502171591
502122740
502170335
501893072
502171742
502171540
502170865
502171497
502171194
214576045
495429195
502170597
502171402
502171616
502171172
502171077
502171825
502171089
502170420
502170277
502172493
502172415
502170551
502172373
502172595
502172888
502172924
502172881
502172153
502172457
502172002
502173014
502172201
502172490
502172428
502172299
502171937
502172350
502172965
502171927
502172788
502172731
502172216
502172152
502174950
502174295
502175078
502174690
502173915
502174999
502172608
502162037
502174936
501898190
502074955
502157086
502173278
502173096
502174294
502175075
502173719
502172878
502173542
502173895
502173732
502173640
502173179
502174413
502174686
502174274
502174739
502174717
502173893
502173492
502173434
502173138
502174653
502174073
502173428
502172292
502174457
502174276
502173500
502173952
502175070
502174887
502174514
502174202
502170068
502174564
502174318
502173713
502174086
502173750
502174195
502173240
502173398
502176823
502176900
502176747
502172421
502175526
502173475
493862998
502176847
502175329
502176613
502174471
502174866
502175866
502175704
502176021
502175449
502142682
502153040
502175235
502176800
502175973
502176618
502176624
502176393
502175414
502175487
502175912
498933951
502175876
502175803
502175304
502175254
502176789
502176315
502175806
502175371
502176233
502175133
502178066
502178173
502175321
502178413
502171530
502165660
502172029
502177245
502177305
502177487
502177315
502178156
502178360
502176319
502177850
502178295
502178201
502164223
501955057
502177390
502178260
502177078
502178105
502177000
502177757
502178110
502177821
502178141
502177203
502178419
502177084
502177159
502177646
502176926
502177168
502164547
502179778
502179429
502179294
494479134
502150599
502175214
502178770
502179679
502177925
502179315
502179525
502179424
502179602
502178533
502178865
502179007
502179674
502179417
502179201
502179191
497395724
502179580
502179047
502179306
502178885
502181283
502181203
502181233
502181015
502181311
502177624
502181030
502179187
502181026
502181368
502176964
502181357
345200984
502180305
502180541
502180715
502180652
502181082
502181376
502180836
291941404
502180626
502179801
502180189
502180802
502180299
502181347
502181222
502181123
502180962
502179938
502181128
502180418
502179889
499307037
502181333
502180566
502180540
502182285
502179823
502182594
502182391
502181643
502182424
502182712
502116062
502182089
502182748
502181755
502182366
502182713
502182705
502182779
268377781
502181967
502181623
502181547
502181990
502181917
502182688
502181841
502182231
502181575
502182150
502181481
502179830
502182099
502183320
502183231
502183147
502115053
502182946
502183632
502154120
502183497
502178212
502183584
502182906
502170591
486327037
502174371
502177602
502183691
502179835
502182965
502183542
493993573
502183241
502183402
502183649
502182848
502183009
502182968
502182856
502183155
502183075
502184775
502183934
502184150
502184825
502182561
502183778
502184588
502184595
502184607
502184769
502184472
502183421
502123194
502184780
502184681
502184453
502184372
502183845
502184379
502184312
502184501
502184815
502184492
502184602
502184356
502183827
502184189
501969339
502185559
502185311
502056157
502185510
502184843
502185602
484902406
502185450
502185157
502185457
502185214
502185802
502185810
502173856
502123027
502106357
502158403
502185806
502185848
502186137
502186247
502185833
502185825
502185688
502186728
502186559
502186325
502124950
502178867
496073662
502185771
501696000
352787452
502186628
502186481
502186501
502186420
502186540
502182184
502184898
502187226
495240213
502186988
502187242
502187356
502186870
502186929
502185035
502187711
502187981
502187970
502187546
502187553
502187687
502187748
502187677
502187592
502187844
502187680
501947479
502187616
502185655
502186423
502159702
502188202
498015868
491238086
502188257
502176193
502171978
502188584
502187469
502188401
502188528
502188580
502188655
502188761
502188822
502188770
502173841
502174435
502078935
502189194
502189209
502153154
502133947
502183108
502189091
502189094
502189192
502189174
502189323
502189354
493302549
502189306
497843115
498138992
502189494
502189487
